-- MySQL dump 10.13  Distrib 8.0.44, for Win64 (x86_64)
--
-- Host: localhost    Database: aivora_db
-- ------------------------------------------------------
-- Server version	8.0.44

/*!40101 SET @OLD_CHARACTER_SET_CLIENT=@@CHARACTER_SET_CLIENT */;
/*!40101 SET @OLD_CHARACTER_SET_RESULTS=@@CHARACTER_SET_RESULTS */;
/*!40101 SET @OLD_COLLATION_CONNECTION=@@COLLATION_CONNECTION */;
/*!50503 SET NAMES utf8mb4 */;
/*!40103 SET @OLD_TIME_ZONE=@@TIME_ZONE */;
/*!40103 SET TIME_ZONE='+00:00' */;
/*!40014 SET @OLD_UNIQUE_CHECKS=@@UNIQUE_CHECKS, UNIQUE_CHECKS=0 */;
/*!40014 SET @OLD_FOREIGN_KEY_CHECKS=@@FOREIGN_KEY_CHECKS, FOREIGN_KEY_CHECKS=0 */;
/*!40101 SET @OLD_SQL_MODE=@@SQL_MODE, SQL_MODE='NO_AUTO_VALUE_ON_ZERO' */;
/*!40111 SET @OLD_SQL_NOTES=@@SQL_NOTES, SQL_NOTES=0 */;

--
-- Table structure for table `admin_notification`
--

DROP TABLE IF EXISTS `admin_notification`;
/*!40101 SET @saved_cs_client     = @@character_set_client */;
/*!50503 SET character_set_client = utf8mb4 */;
CREATE TABLE `admin_notification` (
  `id` varchar(36) CHARACTER SET utf8mb4 COLLATE utf8mb4_unicode_ci NOT NULL,
  `type` enum('student_signup','course_enroll') CHARACTER SET utf8mb4 COLLATE utf8mb4_unicode_ci DEFAULT 'student_signup',
  `title` varchar(191) CHARACTER SET utf8mb4 COLLATE utf8mb4_unicode_ci NOT NULL,
  `message` text CHARACTER SET utf8mb4 COLLATE utf8mb4_unicode_ci NOT NULL,
  `studentId` varchar(36) CHARACTER SET utf8mb4 COLLATE utf8mb4_unicode_ci DEFAULT NULL,
  `courseId` varchar(36) CHARACTER SET utf8mb4 COLLATE utf8mb4_unicode_ci DEFAULT NULL,
  `createdAt` datetime DEFAULT CURRENT_TIMESTAMP,
  `readAt` datetime DEFAULT NULL,
  PRIMARY KEY (`id`),
  KEY `studentId` (`studentId`),
  KEY `courseId` (`courseId`),
  KEY `idx_createdAt` (`createdAt`),
  KEY `idx_readAt` (`readAt`),
  KEY `idx_type` (`type`),
  CONSTRAINT `admin_notification_ibfk_1` FOREIGN KEY (`studentId`) REFERENCES `user` (`id`) ON DELETE SET NULL ON UPDATE CASCADE,
  CONSTRAINT `admin_notification_ibfk_2` FOREIGN KEY (`courseId`) REFERENCES `course` (`id`) ON DELETE SET NULL ON UPDATE CASCADE
) ENGINE=InnoDB DEFAULT CHARSET=utf8mb4 COLLATE=utf8mb4_unicode_ci;
/*!40101 SET character_set_client = @saved_cs_client */;

--
-- Dumping data for table `admin_notification`
--

LOCK TABLES `admin_notification` WRITE;
/*!40000 ALTER TABLE `admin_notification` DISABLE KEYS */;
INSERT INTO `admin_notification` VALUES ('02ed0032-7cb0-427a-bc91-6b2abbc76611','course_enroll','Quiz passed','Nour Kanaan passed the quiz for Python Programming with 70.00% (attempt #1).','61be3cb4-4ec1-11f1-9abe-6c02e0d26821','4f0dd6ed-2076-11f1-97b2-6c02e0d26821','2026-05-13 14:49:39',NULL),('05787119-2e9d-11f1-acc2-6c02e0d26821','course_enroll','New Enrollment','Student enrolled in course 4f0dd6ed-2076-11f1-97b2-6c02e0d26821.','ed7a100a-2e9c-11f1-acc2-6c02e0d26821','4f0dd6ed-2076-11f1-97b2-6c02e0d26821','2026-04-02 17:05:36','2026-04-23 14:22:14'),('0a4d3c73-4ec3-11f1-9abe-6c02e0d26821','course_enroll','New Enrollment','Student enrolled in course 4f0dd6ed-2076-11f1-97b2-6c02e0d26821.','f417dec9-4ec2-11f1-9abe-6c02e0d26821','4f0dd6ed-2076-11f1-97b2-6c02e0d26821','2026-05-13 14:58:22',NULL),('0f1abb5f-2d48-11f1-97b2-6c02e0d26821','course_enroll','New Enrollment','Student enrolled in course 4f0dd6ed-2076-11f1-97b2-6c02e0d26821.','47c1d5ab-2d46-11f1-97b2-6c02e0d26821','4f0dd6ed-2076-11f1-97b2-6c02e0d26821','2026-04-01 00:24:53','2026-04-23 14:22:15'),('16be8c0f-15ae-4af3-9ac9-e6415040bf6e','course_enroll','Quiz passed','talia passed the quiz for Python Programming with 100.00% (attempt #1).','598cdd8a-2d2d-11f1-97b2-6c02e0d26821','4f0dd6ed-2076-11f1-97b2-6c02e0d26821','2026-03-31 21:15:04','2026-03-31 21:15:49'),('1905dd89-e104-41d8-9e11-5ca943298404','course_enroll','New course evaluation','hamza rated \"Python Programming\" 5/5. Feedback: \"really amaaaizing\"',NULL,'4f0dd6ed-2076-11f1-97b2-6c02e0d26821','2026-04-02 17:01:44','2026-04-23 14:22:14'),('193dd433-91a0-4de1-a585-573b51f7618e','course_enroll','Quiz passed','hamza passed the quiz for Python Programming with 80.00% (attempt #1).',NULL,'4f0dd6ed-2076-11f1-97b2-6c02e0d26821','2026-04-02 17:01:12','2026-04-23 14:22:14'),('19dad7d6-5cb0-41c5-ad1c-ba78d43ff1cb','course_enroll','Certificate unlocked','nasser unlocked the certificate for Python Programming.','47c1d5ab-2d46-11f1-97b2-6c02e0d26821','4f0dd6ed-2076-11f1-97b2-6c02e0d26821','2026-04-01 01:16:50','2026-04-23 14:22:15'),('1ce99c17-2ad1-11f1-97b2-6c02e0d26821','course_enroll','New Enrollment','Student enrolled in course 4f0dd6ed-2076-11f1-97b2-6c02e0d26821.','fcaa82e7-2ad0-11f1-97b2-6c02e0d26821','4f0dd6ed-2076-11f1-97b2-6c02e0d26821','2026-03-28 21:08:24','2026-03-31 20:11:43'),('340202b1-2d42-11f1-97b2-6c02e0d26821','student_signup','New Student Account','ظـزظــظ¤ء┬ظـزظûô╪╕┘╪▓ظ¤شظـùظـزظــظ¤ش╪شظـز╪ر╪╕┬ج╪┤ظ¤ش┬ظـزظــظ¤ء┬ظـزظûô╪╕┘╪▓ظ¤شظـùظـزظــظ¤ء┬ظـزظûô╪╕┘╪▓ظـزظûْ ظـزظــظ¤ش╪شظـز╪ر╪╕┬ج╪┤ظ¤ش┬ظـزظــظ¤ء┬ظـزظûô╪╕┘╪▓ظ¤شظـùظـزظــظ¤ء┬ظـزظûôظـزظــظ¤ء┬ظـز╪▒ظـزظــظ¤ء┬ظـزظûôظـزظــظ¤£ظـùظ¤ء┘ْ ظـزظــظ¤ء┬ظـزظûô╪╕┘╪▓╪╕┘╪رظـزظــظ¤ء┬ظـزظûôظـزظــظ¤ش╪شظ¤£╪▒ظـزظــظ¤ش╪شظـز╪ر╪╕┬ج┬ثظـزظûّظـزظــظ¤ش╪شظـز╪ر╪╕┬ج╪┤ظ¤ش┬ ظـزظــظ¤ء┬ظـزظûô╪╕┬ج╪┤╪╕┘├╣ظـزظــظ¤ش╪شظـز╪ر╪╕┬ج┬ثظـزظûّظـزظــظ¤ء┬ظـزظûôظـزظــظ¤£ظـùظ¤ء┘ْظـزظــظ¤ش╪شظـز╪ر╪╕┬ج┬ثظـزظûّ created a student account.',NULL,NULL,'2026-03-31 23:42:58','2026-04-23 14:22:15'),('363e56d7-80d6-4c63-89e6-45b2640ba841','course_enroll','Certificate unlocked','siwar unlocked the certificate for Python Programming.','f91cb75a-4eb9-11f1-9abe-6c02e0d26821','4f0dd6ed-2076-11f1-97b2-6c02e0d26821','2026-05-13 14:43:53',NULL),('4554898d-7c8a-4f95-b653-242b497b4899','course_enroll','Certificate unlocked','hamza unlocked the certificate for Python Programming.','ed7a100a-2e9c-11f1-acc2-6c02e0d26821','4f0dd6ed-2076-11f1-97b2-6c02e0d26821','2026-04-02 17:10:58','2026-04-23 14:22:14'),('466e7c6e-4ebd-11f1-9abe-6c02e0d26821','course_enroll','New Enrollment','Student enrolled in course 4f0dd6ed-2076-11f1-97b2-6c02e0d26821.','f91cb75a-4eb9-11f1-9abe-6c02e0d26821','4f0dd6ed-2076-11f1-97b2-6c02e0d26821','2026-05-13 14:17:06',NULL),('47c90b63-2d46-11f1-97b2-6c02e0d26821','student_signup','New Student Account','nasser created a student account.','47c1d5ab-2d46-11f1-97b2-6c02e0d26821',NULL,'2026-04-01 00:12:10','2026-04-23 14:22:15'),('4948cc6e-b0c6-4505-87bd-e59a705da9a8','course_enroll','Certificate unlocked after retake','toto retook the quiz and unlocked the certificate for Python Programming.','e0183a49-2d4f-11f1-97b2-6c02e0d26821','4f0dd6ed-2076-11f1-97b2-6c02e0d26821','2026-04-01 01:23:35','2026-04-23 14:22:14'),('59908d03-2d2d-11f1-97b2-6c02e0d26821','student_signup','New Student Account','talia created a student account.','598cdd8a-2d2d-11f1-97b2-6c02e0d26821',NULL,'2026-03-31 21:13:42','2026-04-23 14:22:15'),('5d380024-2d42-11f1-97b2-6c02e0d26821','course_enroll','New Enrollment','Student enrolled in course 4f0dd6ed-2076-11f1-97b2-6c02e0d26821.',NULL,'4f0dd6ed-2076-11f1-97b2-6c02e0d26821','2026-03-31 23:44:08','2026-04-23 14:22:15'),('5f509e38-13bc-44d7-9cb3-f17db1d934f0','course_enroll','New course evaluation','hamza rated \"Python Programming\" 5/5. Feedback: \"this course is amaaaizing\"','ed7a100a-2e9c-11f1-acc2-6c02e0d26821','4f0dd6ed-2076-11f1-97b2-6c02e0d26821','2026-04-02 17:11:29','2026-04-23 14:22:14'),('61bfc456-4ec1-11f1-9abe-6c02e0d26821','student_signup','New Student Account','Nour Kanaan created a student account.','61be3cb4-4ec1-11f1-9abe-6c02e0d26821',NULL,'2026-05-13 14:46:30',NULL),('6726c403-e5fe-4e7a-8a91-ee740265d95d','course_enroll','Certificate unlocked','talia unlocked the certificate for Python Programming.','598cdd8a-2d2d-11f1-97b2-6c02e0d26821','4f0dd6ed-2076-11f1-97b2-6c02e0d26821','2026-03-31 21:15:04','2026-03-31 21:15:48'),('679630ff-c6b3-4bf3-9f83-65273f766a83','course_enroll','Quiz failed','toto failed the quiz for Python Programming with 40.00% (attempt #1).','e0183a49-2d4f-11f1-97b2-6c02e0d26821','4f0dd6ed-2076-11f1-97b2-6c02e0d26821','2026-04-01 01:22:57','2026-04-23 14:22:15'),('698e3976-2d2d-11f1-97b2-6c02e0d26821','course_enroll','New Enrollment','Student enrolled in course 4f0dd6ed-2076-11f1-97b2-6c02e0d26821.','598cdd8a-2d2d-11f1-97b2-6c02e0d26821','4f0dd6ed-2076-11f1-97b2-6c02e0d26821','2026-03-31 21:14:09','2026-04-23 14:22:15'),('79ebb8b6-d686-4f45-b540-10e408b3dc86','course_enroll','Quiz passed','alaa-dere passed the quiz for Python Programming with 60.00% (attempt #1).','437c1b23-1bab-11f1-97b2-6c02e0d26821','4f0dd6ed-2076-11f1-97b2-6c02e0d26821','2026-03-31 20:26:47','2026-03-31 21:09:19'),('7dee68e3-2e9b-11f1-acc2-6c02e0d26821','student_signup','New Student Account','╪╕┘╪▓ظـز┬╗╪╕┬ج╪ةظ¤ش┬╪╕┘╪▓ظـز┬╗╪╕┘╪▓ظـز╪▒ ╪╕┬ج╪ةظ¤ش┬╪╕┘╪▓ظـز┬╗╪╕┘╪▓╪╕┘╪ر╪╕┘╪▓╪╕├╗┘ْ ╪╕┘╪▓ظـزظـة╪╕┘╪▓╪╕┬ج├ر╪╕┬ج╪ةظ¤£╪░╪╕┬ج╪ةظ¤ش┬ ╪╕┘╪▓ظ¤شظـù╪╕┬ج╪ةظ¤£╪░╪╕┘╪▓╪╕├╗┘ْ╪╕┬ج╪ةظ¤£╪░ created a student account.','7de80681-2e9b-11f1-acc2-6c02e0d26821',NULL,'2026-04-02 16:54:39','2026-04-23 14:22:14'),('820d89f2-2c26-11f1-97b2-6c02e0d26821','student_signup','New Student Account','jihad created a student account.','820b3b3c-2c26-11f1-97b2-6c02e0d26821',NULL,'2026-03-30 13:52:12','2026-03-31 20:11:34'),('83f6dd81-1727-49e4-8c03-edca1e7993da','course_enroll','Quiz passed','siwar passed the quiz for Python Programming with 60.00% (attempt #1).','f91cb75a-4eb9-11f1-9abe-6c02e0d26821','4f0dd6ed-2076-11f1-97b2-6c02e0d26821','2026-05-13 14:43:53',NULL),('8b633788-596c-4b23-a281-db058a25574a','course_enroll','New course evaluation','siwar rated \"Python Programming\" 4/5. Feedback: \"Wow i gain experience\"','f91cb75a-4eb9-11f1-9abe-6c02e0d26821','4f0dd6ed-2076-11f1-97b2-6c02e0d26821','2026-05-13 14:44:23',NULL),('8d7646cb-1530-40b4-8a03-e56df0f2aa19','course_enroll','New course evaluation','toto rated \"Python Programming\" 5/5. Feedback: \"amaaaaaaaaaaaaaaaaaizing course\"','e0183a49-2d4f-11f1-97b2-6c02e0d26821','4f0dd6ed-2076-11f1-97b2-6c02e0d26821','2026-04-01 01:24:00','2026-04-23 14:22:14'),('9494d938-4ec1-11f1-9abe-6c02e0d26821','course_enroll','New Enrollment','Student enrolled in course 4f0dd6ed-2076-11f1-97b2-6c02e0d26821.','61be3cb4-4ec1-11f1-9abe-6c02e0d26821','4f0dd6ed-2076-11f1-97b2-6c02e0d26821','2026-05-13 14:47:55',NULL),('9bbd1224-2e9b-11f1-acc2-6c02e0d26821','course_enroll','New Enrollment','Student enrolled in course 4f0dd6ed-2076-11f1-97b2-6c02e0d26821.','7de80681-2e9b-11f1-acc2-6c02e0d26821','4f0dd6ed-2076-11f1-97b2-6c02e0d26821','2026-04-02 16:55:29','2026-04-23 14:22:14'),('9fd43ec5-2c35-11f1-97b2-6c02e0d26821','course_enroll','New Enrollment','Student enrolled in course 4f0dd6ed-2076-11f1-97b2-6c02e0d26821.','820b3b3c-2c26-11f1-97b2-6c02e0d26821','4f0dd6ed-2076-11f1-97b2-6c02e0d26821','2026-03-30 15:40:25','2026-03-31 20:11:34'),('a0a7690f-63ba-4dd7-a8ff-98f8b44426f6','course_enroll','Quiz passed','hamza passed the quiz for Python Programming with 70.00% (attempt #1).','ed7a100a-2e9c-11f1-acc2-6c02e0d26821','4f0dd6ed-2076-11f1-97b2-6c02e0d26821','2026-04-02 17:10:58','2026-04-23 14:22:14'),('ad404fee-d51a-4235-9c42-5c845d98f61c','course_enroll','Certificate unlocked','hamza unlocked the certificate for Python Programming.',NULL,'4f0dd6ed-2076-11f1-97b2-6c02e0d26821','2026-04-02 17:01:12','2026-04-23 14:22:14'),('c142ff9e-7508-4d28-99a8-3bbf960c7b02','course_enroll','Quiz passed','toto passed the quiz for Python Programming with 80.00% (attempt #2).','e0183a49-2d4f-11f1-97b2-6c02e0d26821','4f0dd6ed-2076-11f1-97b2-6c02e0d26821','2026-04-01 01:23:35','2026-04-23 14:22:15'),('cebbebd7-5dec-4046-80f4-5c43269f8a17','course_enroll','Quiz passed','nasser passed the quiz for Python Programming with 70.00% (attempt #1).','47c1d5ab-2d46-11f1-97b2-6c02e0d26821','4f0dd6ed-2076-11f1-97b2-6c02e0d26821','2026-04-01 01:16:50','2026-04-23 14:22:15'),('d5ab3250-a202-452c-8be3-c59641390c48','course_enroll','Quiz passed','ظـزظــظ¤ء┬ظـزظûô╪╕┘╪▓ظ¤شظـùظـزظــظ¤ش╪شظـز╪ر╪╕┬ج╪┤ظ¤ش┬ظـزظــظ¤ء┬ظـزظûô╪╕┘╪▓ظ¤شظـùظـزظــظ¤ء┬ظـزظûô╪╕┘╪▓ظـزظûْ ظـزظــظ¤ش╪شظـز╪ر╪╕┬ج╪┤ظ¤ش┬ظـزظــظ¤ء┬ظـزظûô╪╕┘╪▓ظ¤شظـùظـزظــظ¤ء┬ظـزظûôظـزظــظ¤ء┬ظـز╪▒ظـزظــظ¤ء┬ظـزظûôظـزظــظ¤£ظـùظ¤ء┘ْ ظـزظــظ¤ء┬ظـزظûô╪╕┘╪▓╪╕┘╪رظـزظــظ¤ء┬ظـزظûôظـزظــظ¤ش╪شظ¤£╪▒ظـزظــظ¤ش╪شظـز╪ر╪╕┬ج┬ثظـزظûّظـزظــظ¤ش╪شظـز╪ر╪╕┬ج╪┤ظ¤ش┬ ظـزظــظ¤ء┬ظـزظûô╪╕┬ج╪┤╪╕┘├╣ظـزظــظ¤ش╪شظـز╪ر╪╕┬ج┬ثظـزظûّظـزظــظ¤ء┬ظـزظûôظـزظــظ¤£ظـùظ¤ء┘ْظـزظــظ¤ش╪شظـز╪ر╪╕┬ج┬ثظـزظûّ passed the quiz for Python Programming with 80.00% (attempt #1).',NULL,'4f0dd6ed-2076-11f1-97b2-6c02e0d26821','2026-03-31 20:40:59','2026-03-31 21:09:19'),('e01d9b49-2d4f-11f1-97b2-6c02e0d26821','student_signup','New Student Account','toto created a student account.','e0183a49-2d4f-11f1-97b2-6c02e0d26821',NULL,'2026-04-01 01:20:51','2026-04-23 14:22:15'),('ed2b2841-2e9a-11f1-acc2-6c02e0d26821','course_enroll','New Enrollment','Student enrolled in course 4f0dd6ed-2076-11f1-97b2-6c02e0d26821.',NULL,'4f0dd6ed-2076-11f1-97b2-6c02e0d26821','2026-04-02 16:50:36','2026-04-23 14:22:14'),('f16ae9bf-91ea-40c2-9d30-9f278cacf99e','course_enroll','Certificate unlocked','Nour Kanaan unlocked the certificate for Python Programming.','61be3cb4-4ec1-11f1-9abe-6c02e0d26821','4f0dd6ed-2076-11f1-97b2-6c02e0d26821','2026-05-13 14:49:39',NULL),('f1d7a562-2d4f-11f1-97b2-6c02e0d26821','course_enroll','New Enrollment','Student enrolled in course 4f0dd6ed-2076-11f1-97b2-6c02e0d26821.','e0183a49-2d4f-11f1-97b2-6c02e0d26821','4f0dd6ed-2076-11f1-97b2-6c02e0d26821','2026-04-01 01:21:20','2026-04-23 14:22:15'),('f419b28c-4ec2-11f1-9abe-6c02e0d26821','student_signup','New Student Account','jana created a student account.','f417dec9-4ec2-11f1-9abe-6c02e0d26821',NULL,'2026-05-13 14:57:45',NULL),('f75262de-2acf-11f1-97b2-6c02e0d26821','student_signup','New Student Account','meme created a student account.','f74bdb60-2acf-11f1-97b2-6c02e0d26821',NULL,'2026-03-28 21:00:12','2026-03-31 20:11:46'),('f9210f83-4eb9-11f1-9abe-6c02e0d26821','student_signup','New Student Account','siwar created a student account.','f91cb75a-4eb9-11f1-9abe-6c02e0d26821',NULL,'2026-05-13 13:53:28',NULL),('fcac2ea2-2ad0-11f1-97b2-6c02e0d26821','student_signup','New Student Account','ola abdo created a student account.','fcaa82e7-2ad0-11f1-97b2-6c02e0d26821',NULL,'2026-03-28 21:07:30','2026-03-31 20:11:38');
/*!40000 ALTER TABLE `admin_notification` ENABLE KEYS */;
UNLOCK TABLES;

--
-- Table structure for table `admin_teacher_message`
--

DROP TABLE IF EXISTS `admin_teacher_message`;
/*!40101 SET @saved_cs_client     = @@character_set_client */;
/*!50503 SET character_set_client = utf8mb4 */;
CREATE TABLE `admin_teacher_message` (
  `id` varchar(36) CHARACTER SET utf8mb4 COLLATE utf8mb4_unicode_ci NOT NULL,
  `threadId` varchar(36) CHARACTER SET utf8mb4 COLLATE utf8mb4_unicode_ci NOT NULL,
  `senderId` varchar(36) CHARACTER SET utf8mb4 COLLATE utf8mb4_unicode_ci NOT NULL,
  `senderRole` enum('admin','teacher') CHARACTER SET utf8mb4 COLLATE utf8mb4_unicode_ci NOT NULL,
  `body` text CHARACTER SET utf8mb4 COLLATE utf8mb4_unicode_ci NOT NULL,
  `createdAt` datetime DEFAULT CURRENT_TIMESTAMP,
  `readAt` datetime DEFAULT NULL,
  `deletedForAdminAt` datetime DEFAULT NULL,
  `deletedForTeacherAt` datetime DEFAULT NULL,
  `deletedForEveryoneAt` datetime DEFAULT NULL,
  `attachmentUrl` varchar(512) COLLATE utf8mb4_unicode_ci DEFAULT NULL,
  `attachmentName` varchar(255) COLLATE utf8mb4_unicode_ci DEFAULT NULL,
  `attachmentType` varchar(120) COLLATE utf8mb4_unicode_ci DEFAULT NULL,
  `attachmentSize` int DEFAULT NULL,
  PRIMARY KEY (`id`),
  KEY `idx_threadId` (`threadId`),
  KEY `idx_senderId` (`senderId`),
  KEY `idx_createdAt` (`createdAt`),
  KEY `idx_readAt` (`readAt`),
  KEY `idx_admin_teacher_deleted_everyone` (`deletedForEveryoneAt`),
  KEY `idx_admin_teacher_deleted_admin` (`deletedForAdminAt`),
  KEY `idx_admin_teacher_deleted_teacher` (`deletedForTeacherAt`),
  KEY `idx_admin_teacher_attachment_url` (`attachmentUrl`),
  CONSTRAINT `admin_teacher_message_ibfk_1` FOREIGN KEY (`threadId`) REFERENCES `admin_teacher_thread` (`id`) ON DELETE CASCADE ON UPDATE CASCADE,
  CONSTRAINT `admin_teacher_message_ibfk_2` FOREIGN KEY (`senderId`) REFERENCES `user` (`id`) ON DELETE CASCADE ON UPDATE CASCADE
) ENGINE=InnoDB DEFAULT CHARSET=utf8mb4 COLLATE=utf8mb4_unicode_ci;
/*!40101 SET character_set_client = @saved_cs_client */;

--
-- Dumping data for table `admin_teacher_message`
--

LOCK TABLES `admin_teacher_message` WRITE;
/*!40000 ALTER TABLE `admin_teacher_message` DISABLE KEYS */;
INSERT INTO `admin_teacher_message` VALUES ('c4476e57-58f5-11f1-ba5b-00090ffe0001','c445914a-58f5-11f1-ba5b-00090ffe0001','ba9e888a-18fc-11f1-97b2-6c02e0d26821','admin','','2026-05-26 14:26:40','2026-06-01 22:00:26',NULL,NULL,'2026-05-26 14:26:55','/uploads/message-attachments/1779794800822-d15473d6-342a-48b1-8b3f-45477faacbc7-voice-note-1779794800486.webm','voice-note-1779794800486.webm','audio/webm;codecs=opus',100802),('dd9ae569-58f5-11f1-ba5b-00090ffe0001','c445914a-58f5-11f1-ba5b-00090ffe0001','ba9e888a-18fc-11f1-97b2-6c02e0d26821','admin','Hello','2026-05-26 14:27:23','2026-06-01 22:00:26',NULL,NULL,NULL,NULL,NULL,NULL,NULL),('e5a52856-58f5-11f1-ba5b-00090ffe0001','c445914a-58f5-11f1-ba5b-00090ffe0001','ba9e888a-18fc-11f1-97b2-6c02e0d26821','admin','','2026-05-26 14:27:36','2026-06-01 22:00:26',NULL,NULL,NULL,'/uploads/message-attachments/1779794856814-ddd60411-9d50-4f26-b7f1-28b2e0277dbf-voice-note-1779794856781.webm','voice-note-1779794856781.webm','audio/webm;codecs=opus',108516),('eed3bd12-58f5-11f1-ba5b-00090ffe0001','c445914a-58f5-11f1-ba5b-00090ffe0001','ba9e888a-18fc-11f1-97b2-6c02e0d26821','admin','','2026-05-26 14:27:52','2026-06-01 22:00:26',NULL,NULL,NULL,'/uploads/message-attachments/1779794872221-d0c6f5f1-c780-494d-9346-6ece96ec6695-chapter-summary-What_is_Python_.doc','chapter-summary-What_is_Python_.doc','application/msword',5395);
/*!40000 ALTER TABLE `admin_teacher_message` ENABLE KEYS */;
UNLOCK TABLES;

--
-- Table structure for table `admin_teacher_thread`
--

DROP TABLE IF EXISTS `admin_teacher_thread`;
/*!40101 SET @saved_cs_client     = @@character_set_client */;
/*!50503 SET character_set_client = utf8mb4 */;
CREATE TABLE `admin_teacher_thread` (
  `id` varchar(36) CHARACTER SET utf8mb4 COLLATE utf8mb4_unicode_ci NOT NULL,
  `adminId` varchar(36) CHARACTER SET utf8mb4 COLLATE utf8mb4_unicode_ci NOT NULL,
  `teacherId` varchar(36) CHARACTER SET utf8mb4 COLLATE utf8mb4_unicode_ci NOT NULL,
  `createdAt` datetime DEFAULT CURRENT_TIMESTAMP,
  `lastMessageAt` datetime DEFAULT CURRENT_TIMESTAMP,
  PRIMARY KEY (`id`),
  UNIQUE KEY `unique_thread` (`adminId`,`teacherId`),
  KEY `idx_adminId` (`adminId`),
  KEY `idx_teacherId` (`teacherId`),
  KEY `idx_lastMessageAt` (`lastMessageAt`),
  CONSTRAINT `admin_teacher_thread_ibfk_1` FOREIGN KEY (`adminId`) REFERENCES `user` (`id`) ON DELETE CASCADE ON UPDATE CASCADE,
  CONSTRAINT `admin_teacher_thread_ibfk_2` FOREIGN KEY (`teacherId`) REFERENCES `user` (`id`) ON DELETE CASCADE ON UPDATE CASCADE
) ENGINE=InnoDB DEFAULT CHARSET=utf8mb4 COLLATE=utf8mb4_unicode_ci;
/*!40101 SET character_set_client = @saved_cs_client */;

--
-- Dumping data for table `admin_teacher_thread`
--

LOCK TABLES `admin_teacher_thread` WRITE;
/*!40000 ALTER TABLE `admin_teacher_thread` DISABLE KEYS */;
INSERT INTO `admin_teacher_thread` VALUES ('c445914a-58f5-11f1-ba5b-00090ffe0001','ba9e888a-18fc-11f1-97b2-6c02e0d26821','fb9e6f39-4f78-11f1-ba5b-00090ffe0001','2026-05-26 14:26:40','2026-05-26 14:27:52');
/*!40000 ALTER TABLE `admin_teacher_thread` ENABLE KEYS */;
UNLOCK TABLES;

--
-- Table structure for table `category`
--

DROP TABLE IF EXISTS `category`;
/*!40101 SET @saved_cs_client     = @@character_set_client */;
/*!50503 SET character_set_client = utf8mb4 */;
CREATE TABLE `category` (
  `id` varchar(36) CHARACTER SET utf8mb4 COLLATE utf8mb4_unicode_ci NOT NULL,
  `name` varchar(191) CHARACTER SET utf8mb4 COLLATE utf8mb4_unicode_ci NOT NULL,
  `description` text CHARACTER SET utf8mb4 COLLATE utf8mb4_unicode_ci,
  `status` enum('active','inactive') CHARACTER SET utf8mb4 COLLATE utf8mb4_general_ci DEFAULT 'active',
  `createdAt` datetime DEFAULT CURRENT_TIMESTAMP,
  `updatedAt` datetime DEFAULT CURRENT_TIMESTAMP ON UPDATE CURRENT_TIMESTAMP,
  PRIMARY KEY (`id`),
  UNIQUE KEY `unique_category_name` (`name`),
  KEY `idx_category_status` (`status`)
) ENGINE=InnoDB DEFAULT CHARSET=utf8mb4 COLLATE=utf8mb4_general_ci;
/*!40101 SET character_set_client = @saved_cs_client */;

--
-- Dumping data for table `category`
--

LOCK TABLES `category` WRITE;
/*!40000 ALTER TABLE `category` DISABLE KEYS */;
INSERT INTO `category` VALUES ('05860d11-4fb8-11f1-9abe-6c02e0d26821','Backend Development','Building servers, APIs, and backend logic.','active','2026-05-14 20:12:01','2026-05-14 20:12:01'),('0dc22a3c-4fb8-11f1-9abe-6c02e0d26821','Database & SQL','Storing, managing, and querying data with SQL.','active','2026-05-14 20:12:14','2026-05-14 20:12:14'),('13d38934-553b-11f1-9abe-6c02e0d26821','Programming Languages','A field focused on building intelligent systems that can learn from data, make predictions, and automate tasks using machine learning and deep learning techniques.','active','2026-05-21 20:32:44','2026-05-21 20:32:44'),('70cf48ba-4fb8-11f1-9abe-6c02e0d26821','DevOps & Cloud','Deploying, running, and maintaining apps in the cloud.','active','2026-05-14 20:15:01','2026-05-14 20:15:01'),('79462510-4fb8-11f1-9abe-6c02e0d26821','Data Structures & Algorithms','Learning efficient problem-solving in code.','active','2026-05-14 20:15:15','2026-05-14 20:15:15'),('80bc8d65-4fb8-11f1-9abe-6c02e0d26821','Testing & Quality','Testing software and improving code reliability.','active','2026-05-14 20:15:27','2026-05-14 20:15:27'),('8b31e2b8-4fb8-11f1-9abe-6c02e0d26821','AI for Developers','Using AI tools and features in software projects.','active','2026-05-14 20:15:45','2026-05-14 20:15:45'),('ef382f5a-4fb7-11f1-9abe-6c02e0d26821','Web Development','Building websites from frontend to backend.','active','2026-05-14 20:11:23','2026-05-14 20:11:23'),('fa6cf6fd-4fb7-11f1-9abe-6c02e0d26821','Mobile Development','Creating mobile apps for Android and iOS.','active','2026-05-14 20:11:42','2026-05-14 20:11:42');
/*!40000 ALTER TABLE `category` ENABLE KEYS */;
UNLOCK TABLES;

--
-- Table structure for table `certificate`
--

DROP TABLE IF EXISTS `certificate`;
/*!40101 SET @saved_cs_client     = @@character_set_client */;
/*!50503 SET character_set_client = utf8mb4 */;
CREATE TABLE `certificate` (
  `id` varchar(36) CHARACTER SET utf8mb4 COLLATE utf8mb4_unicode_ci NOT NULL,
  `studentId` varchar(36) CHARACTER SET utf8mb4 COLLATE utf8mb4_unicode_ci NOT NULL,
  `courseId` varchar(36) CHARACTER SET utf8mb4 COLLATE utf8mb4_unicode_ci NOT NULL,
  `certificateNo` varchar(64) CHARACTER SET utf8mb4 COLLATE utf8mb4_unicode_ci NOT NULL,
  `issuedAt` datetime DEFAULT CURRENT_TIMESTAMP,
  `createdAt` datetime DEFAULT CURRENT_TIMESTAMP,
  `updatedAt` datetime DEFAULT CURRENT_TIMESTAMP ON UPDATE CURRENT_TIMESTAMP,
  PRIMARY KEY (`id`),
  UNIQUE KEY `unique_student_course` (`studentId`,`courseId`),
  UNIQUE KEY `unique_certificate_no` (`certificateNo`),
  KEY `idx_studentId` (`studentId`),
  KEY `idx_courseId` (`courseId`),
  CONSTRAINT `certificate_ibfk_1` FOREIGN KEY (`studentId`) REFERENCES `user` (`id`) ON DELETE CASCADE ON UPDATE CASCADE,
  CONSTRAINT `certificate_ibfk_2` FOREIGN KEY (`courseId`) REFERENCES `course` (`id`) ON DELETE CASCADE ON UPDATE CASCADE
) ENGINE=InnoDB DEFAULT CHARSET=utf8mb4 COLLATE=utf8mb4_unicode_ci;
/*!40101 SET character_set_client = @saved_cs_client */;

--
-- Dumping data for table `certificate`
--

LOCK TABLES `certificate` WRITE;
/*!40000 ALTER TABLE `certificate` DISABLE KEYS */;
INSERT INTO `certificate` VALUES ('46e3cafe-eb2a-4679-9971-f22242f149c4','2f3a673d-514a-11f1-9abe-6c02e0d26821','4f0dd6ed-2076-11f1-97b2-6c02e0d26821','AIV-PP-20260517-46E3CA','2026-05-17 13:36:32','2026-05-17 13:36:32','2026-05-17 13:36:32');
/*!40000 ALTER TABLE `certificate` ENABLE KEYS */;
UNLOCK TABLES;

--
-- Table structure for table `chat_conversation`
--

DROP TABLE IF EXISTS `chat_conversation`;
/*!40101 SET @saved_cs_client     = @@character_set_client */;
/*!50503 SET character_set_client = utf8mb4 */;
CREATE TABLE `chat_conversation` (
  `id` varchar(36) CHARACTER SET utf8mb4 COLLATE utf8mb4_unicode_ci NOT NULL,
  `courseId` varchar(36) CHARACTER SET utf8mb4 COLLATE utf8mb4_unicode_ci NOT NULL,
  `studentId` varchar(36) CHARACTER SET utf8mb4 COLLATE utf8mb4_unicode_ci NOT NULL,
  `teacherId` varchar(36) CHARACTER SET utf8mb4 COLLATE utf8mb4_unicode_ci NOT NULL,
  `createdAt` datetime DEFAULT CURRENT_TIMESTAMP,
  `updatedAt` datetime DEFAULT CURRENT_TIMESTAMP ON UPDATE CURRENT_TIMESTAMP,
  PRIMARY KEY (`id`),
  UNIQUE KEY `unique_course_student_teacher` (`courseId`,`studentId`,`teacherId`),
  KEY `idx_studentId` (`studentId`),
  KEY `idx_teacherId` (`teacherId`),
  KEY `idx_courseId` (`courseId`),
  CONSTRAINT `chat_conversation_ibfk_1` FOREIGN KEY (`courseId`) REFERENCES `course` (`id`) ON DELETE CASCADE ON UPDATE CASCADE,
  CONSTRAINT `chat_conversation_ibfk_2` FOREIGN KEY (`studentId`) REFERENCES `user` (`id`) ON DELETE CASCADE ON UPDATE CASCADE,
  CONSTRAINT `chat_conversation_ibfk_3` FOREIGN KEY (`teacherId`) REFERENCES `user` (`id`) ON DELETE CASCADE ON UPDATE CASCADE
) ENGINE=InnoDB DEFAULT CHARSET=utf8mb4 COLLATE=utf8mb4_unicode_ci;
/*!40101 SET character_set_client = @saved_cs_client */;

--
-- Dumping data for table `chat_conversation`
--

LOCK TABLES `chat_conversation` WRITE;
/*!40000 ALTER TABLE `chat_conversation` DISABLE KEYS */;
INSERT INTO `chat_conversation` VALUES ('44036d72-51da-11f1-ba5b-00090ffe0001','3f364be3-5143-11f1-9abe-6c02e0d26821','2f3a673d-514a-11f1-9abe-6c02e0d26821','454cf356-4f80-11f1-ba5b-00090ffe0001','2026-05-17 13:22:11','2026-05-17 13:22:11'),('66edc0ff-51d6-11f1-ba5b-00090ffe0001','4f0dd6ed-2076-11f1-97b2-6c02e0d26821','2f3a673d-514a-11f1-9abe-6c02e0d26821','fb9e6f39-4f78-11f1-ba5b-00090ffe0001','2026-05-17 12:54:31','2026-05-17 12:54:31'),('ffa26b90-578a-11f1-ba5b-00090ffe0001','4f0dd6ed-2076-11f1-97b2-6c02e0d26821','d819eca3-56c6-11f1-ba5b-00090ffe0001','fb9e6f39-4f78-11f1-ba5b-00090ffe0001','2026-05-24 19:09:53','2026-05-24 19:09:53');
/*!40000 ALTER TABLE `chat_conversation` ENABLE KEYS */;
UNLOCK TABLES;

--
-- Table structure for table `chat_message`
--

DROP TABLE IF EXISTS `chat_message`;
/*!40101 SET @saved_cs_client     = @@character_set_client */;
/*!50503 SET character_set_client = utf8mb4 */;
CREATE TABLE `chat_message` (
  `id` varchar(36) CHARACTER SET utf8mb4 COLLATE utf8mb4_unicode_ci NOT NULL,
  `conversationId` varchar(36) CHARACTER SET utf8mb4 COLLATE utf8mb4_unicode_ci NOT NULL,
  `senderId` varchar(36) CHARACTER SET utf8mb4 COLLATE utf8mb4_unicode_ci NOT NULL,
  `senderRole` enum('student','teacher') CHARACTER SET utf8mb4 COLLATE utf8mb4_unicode_ci NOT NULL,
  `body` text CHARACTER SET utf8mb4 COLLATE utf8mb4_unicode_ci NOT NULL,
  `createdAt` datetime DEFAULT CURRENT_TIMESTAMP,
  `readAt` datetime DEFAULT NULL,
  `deletedForStudentAt` datetime DEFAULT NULL,
  `deletedForTeacherAt` datetime DEFAULT NULL,
  `deletedForEveryoneAt` datetime DEFAULT NULL,
  PRIMARY KEY (`id`),
  KEY `idx_conversationId` (`conversationId`),
  KEY `idx_createdAt` (`createdAt`),
  KEY `idx_senderId` (`senderId`),
  KEY `idx_readAt` (`readAt`),
  KEY `idx_chat_deleted_everyone` (`deletedForEveryoneAt`),
  KEY `idx_chat_deleted_student` (`deletedForStudentAt`),
  KEY `idx_chat_deleted_teacher` (`deletedForTeacherAt`),
  CONSTRAINT `chat_message_ibfk_1` FOREIGN KEY (`conversationId`) REFERENCES `chat_conversation` (`id`) ON DELETE CASCADE ON UPDATE CASCADE
) ENGINE=InnoDB DEFAULT CHARSET=utf8mb4 COLLATE=utf8mb4_unicode_ci;
/*!40101 SET character_set_client = @saved_cs_client */;

--
-- Dumping data for table `chat_message`
--

LOCK TABLES `chat_message` WRITE;
/*!40000 ALTER TABLE `chat_message` DISABLE KEYS */;
/*!40000 ALTER TABLE `chat_message` ENABLE KEYS */;
UNLOCK TABLES;

--
-- Table structure for table `course`
--

DROP TABLE IF EXISTS `course`;
/*!40101 SET @saved_cs_client     = @@character_set_client */;
/*!50503 SET character_set_client = utf8mb4 */;
CREATE TABLE `course` (
  `id` varchar(36) CHARACTER SET utf8mb4 COLLATE utf8mb4_unicode_ci NOT NULL,
  `title` varchar(191) CHARACTER SET utf8mb4 COLLATE utf8mb4_unicode_ci NOT NULL,
  `description` text CHARACTER SET utf8mb4 COLLATE utf8mb4_unicode_ci NOT NULL,
  `descriptionAr` text CHARACTER SET utf8mb4 COLLATE utf8mb4_unicode_ci,
  `teacherId` varchar(36) CHARACTER SET utf8mb4 COLLATE utf8mb4_unicode_ci NOT NULL,
  `categoryId` varchar(36) CHARACTER SET utf8mb4 COLLATE utf8mb4_unicode_ci DEFAULT NULL,
  `price` decimal(10,2) DEFAULT '0.00',
  `teacherSharePct` int DEFAULT '60',
  `status` enum('draft','published','archived') CHARACTER SET utf8mb4 COLLATE utf8mb4_unicode_ci DEFAULT 'draft',
  `createdAt` datetime DEFAULT CURRENT_TIMESTAMP,
  `updatedAt` datetime DEFAULT CURRENT_TIMESTAMP ON UPDATE CURRENT_TIMESTAMP,
  `imageUrl` varchar(500) CHARACTER SET utf8mb4 COLLATE utf8mb4_unicode_ci DEFAULT NULL,
  `durationWeeks` int DEFAULT '0',
  PRIMARY KEY (`id`),
  KEY `idx_teacherId` (`teacherId`),
  KEY `idx_categoryId` (`categoryId`),
  CONSTRAINT `course_ibfk_1` FOREIGN KEY (`teacherId`) REFERENCES `user` (`id`) ON DELETE RESTRICT ON UPDATE CASCADE,
  CONSTRAINT `fk_course_category` FOREIGN KEY (`categoryId`) REFERENCES `category` (`id`) ON DELETE SET NULL ON UPDATE CASCADE
) ENGINE=InnoDB DEFAULT CHARSET=utf8mb4 COLLATE=utf8mb4_unicode_ci;
/*!40101 SET character_set_client = @saved_cs_client */;

--
-- Dumping data for table `course`
--

LOCK TABLES `course` WRITE;
/*!40000 ALTER TABLE `course` DISABLE KEYS */;
INSERT INTO `course` VALUES ('072aba94-5083-11f1-9abe-6c02e0d26821','JavaScript for Beginners','A practical introduction to JavaScript covering fundamentals such as variables, control flow, functions, DOM manipulation, and basic events. Students will build interactive web pages and small projects to apply concepts and reinforce learning. No prior programming experience required; hands-on exercises and quizzes guide progress.',NULL,'454cecad-4f80-11f1-ba5b-00090ffe0001','ef382f5a-4fb7-11f1-9abe-6c02e0d26821',80.00,70,'published','2026-05-15 20:25:11','2026-05-21 20:34:03','/uploads/courses/1778865911626-javascript-for-beginners.png',8),('3f364be3-5143-11f1-9abe-6c02e0d26821','Database & SQL: Fundamentals to Practical Queries','Learn core database concepts, the relational model, and schema design including normalization. Gain hands-on experience writing SQL for selection, joins, aggregation, subqueries, and data modification. Practice with real-world labs using PostgreSQL/SQLite and learn basic indexing and query optimization to improve performance.',NULL,'454cf356-4f80-11f1-ba5b-00090ffe0001','0dc22a3c-4fb8-11f1-9abe-6c02e0d26821',110.00,70,'published','2026-05-16 19:21:09','2026-05-16 20:12:54','/uploads/courses/1778948469032-database-sql-fundamentals-to-practical-queries.png',8),('4d9de360-5082-11f1-9abe-6c02e0d26821','CSS Fundamentals','Learn core CSS concepts and techniques needed to build responsive, accessible websites. This hands-on course covers selectors, typography, color, layout with Flexbox and Grid, responsive design, and practical workflow tools like custom properties and basic preprocessors. By the end, you\'ll be able to style multi-page sites and implement modern layouts using real-world mini-projects.',NULL,'454cf180-4f80-11f1-ba5b-00090ffe0001','ef382f5a-4fb7-11f1-9abe-6c02e0d26821',50.00,70,'published','2026-05-15 20:20:00','2026-05-21 20:34:03','/uploads/courses/1778865600322-css-fundamentals.png',6),('4f0dd6ed-2076-11f1-97b2-6c02e0d26821','Python Programming','This course introduces learners to the fundamentals of Python programming, one of the most widely used programming languages in software development, data science, artificial intelligence, and automation. Students will learn programming concepts such as variables, control structures, functions, and object-oriented programming while developing practical programs and solving real-world problems. The course gradually progresses from basic syntax to advanced concepts like file handling, modules, and working with external libraries.\r\n\r\nPython is known for its simple syntax, readability, and large ecosystem of libraries, making it an ideal language for beginners and professionals alike. By the end of this course, students will be able to write efficient Python programs and apply programming skills in various applications.',NULL,'fb9e6f39-4f78-11f1-ba5b-00090ffe0001','13d38934-553b-11f1-9abe-6c02e0d26821',20.00,60,'published','2026-03-15 15:53:12','2026-05-21 20:33:38','/uploads/courses/course-4f0dd6ed-2076-11f1-97b2-6c02e0d26821-1773615294920.webp',3),('5de2c59c-551f-11f1-9abe-6c02e0d26821','Data Structures & Algorithms','Hands-on course covering fundamental data structures (arrays, linked lists, stacks, queues, trees, graphs, hash tables) and core algorithms (sorting, searching, recursion, dynamic programming, graph traversal). Focuses on implementation, complexity analysis, and problem-solving strategies used in technical interviews and production systems. Includes coding exercises, real-world projects, and weekly assessments to build practical competency.',NULL,'454ce8f9-4f80-11f1-ba5b-00090ffe0001','79462510-4fb8-11f1-9abe-6c02e0d26821',100.00,70,'published','2026-05-21 17:14:23','2026-05-21 17:14:36','/uploads/courses/1779372863249-data-structures-algorithms.png',12),('5e6bb404-5476-11f1-9abe-6c02e0d26821','C Programming for Beginners','A practical introductory course that teaches C programming fundamentals including variables, control flow, functions, pointers, memory management, and basic data structures. Students will work through guided, hands-on exercises and small projects to build and debug console applications. By course end, learners will be able to compile C programs, use a debugger, and write safe, maintainable code for simple tasks.',NULL,'454cfc91-4f80-11f1-ba5b-00090ffe0001','13d38934-553b-11f1-9abe-6c02e0d26821',40.00,70,'published','2026-05-20 21:04:39','2026-05-21 20:33:38','/uploads/courses/1779300279179-c-programming-for-beginners.png',8),('6c78daa9-507d-11f1-9abe-6c02e0d26821','HTML Fundamentals','Learn the core building blocks of web pages using semantic HTML, elements, attributes, and document structure. Hands-on exercises guide you through creating forms, tables, multimedia integration, and basic accessibility best practices. By the end of the course you\'ll be able to build well-structured, SEO-friendly HTML pages and prepare them for styling with CSS.',NULL,'454cf521-4f80-11f1-ba5b-00090ffe0001','ef382f5a-4fb7-11f1-9abe-6c02e0d26821',60.00,70,'published','2026-05-15 19:45:04','2026-05-21 20:34:03','/uploads/courses/1778863504605-html-fundamentals.png',6),('a2fe49a9-507b-11f1-9abe-6c02e0d26821','Java Programming','A hands-on Java course that takes complete beginners to job-ready developers. Start with core syntax and object-oriented principles, then progress to collections, generics, streams, concurrency, and common libraries. Students build real-world projects, write unit tests, and complete a capstone application for their portfolio.',NULL,'454cfc91-4f80-11f1-ba5b-00090ffe0001','13d38934-553b-11f1-9abe-6c02e0d26821',100.00,70,'published','2026-05-15 19:32:17','2026-05-21 20:33:38','/uploads/courses/1778862737071-java-programming-zero-to-hero.png',12),('d6476901-4fbb-11f1-9abe-6c02e0d26821','Backend Fundamentals with Node.js','This course introduces the core concepts of backend development using Node.js and modern JavaScript. Students will learn how backend systems work, how servers communicate with clients, how APIs are built, how databases are connected, and how authentication and deployment are handled in real-world applications.\r\n\r\nBy the end of the course, learners will be able to build and deploy a complete RESTful backend application using Node.js, Express, and MongoDB.',NULL,'fb9e6f39-4f78-11f1-ba5b-00090ffe0001','05860d11-4fb8-11f1-9abe-6c02e0d26821',60.00,55,'published','2026-05-14 20:39:19','2026-05-21 20:34:03','/uploads/courses/1778780359756-backend-fundamentals-with-node-js.png',4),('dde5cde4-4fcc-11f1-9abe-6c02e0d26821','Express.js API Development','Learn to build scalable RESTful APIs with Express.js, covering routing, middleware, error handling, and authentication. Hands-on lessons include building CRUD endpoints, input validation, testing, and integrating with databases like MongoDB. The final module covers deployment, monitoring, and performance optimizations for production-ready services.',NULL,'454cde6d-4f80-11f1-ba5b-00090ffe0001','05860d11-4fb8-11f1-9abe-6c02e0d26821',149.99,70,'published','2026-05-14 22:41:13','2026-05-21 20:34:03','/uploads/courses/1778787673982-express-js-api-development.png',6),('ed1b33e8-5132-11f1-9abe-6c02e0d26821','TypeScript for Web Development','A hands-on course teaching TypeScript fundamentals and applying them to modern web development with React, Node.js, and DOM APIs. Learn static typing, advanced types, tooling, and migration strategies to improve code quality and catch bugs early. Includes practical projects, unit testing, and deployment guidance to build production-ready applications.',NULL,'454cf028-4f80-11f1-ba5b-00090ffe0001','ef382f5a-4fb7-11f1-9abe-6c02e0d26821',100.00,70,'published','2026-05-16 17:24:19','2026-05-21 20:34:03','/uploads/courses/1778941459321-typescript-for-web-development.png',8);
/*!40000 ALTER TABLE `course` ENABLE KEYS */;
UNLOCK TABLES;

--
-- Table structure for table `course_evaluation`
--

DROP TABLE IF EXISTS `course_evaluation`;
/*!40101 SET @saved_cs_client     = @@character_set_client */;
/*!50503 SET character_set_client = utf8mb4 */;
CREATE TABLE `course_evaluation` (
  `id` varchar(36) CHARACTER SET utf8mb4 COLLATE utf8mb4_unicode_ci NOT NULL,
  `courseId` varchar(36) CHARACTER SET utf8mb4 COLLATE utf8mb4_unicode_ci NOT NULL,
  `studentId` varchar(36) CHARACTER SET utf8mb4 COLLATE utf8mb4_unicode_ci NOT NULL,
  `rating` tinyint unsigned DEFAULT NULL,
  `feedback` text CHARACTER SET utf8mb4 COLLATE utf8mb4_unicode_ci,
  `skippedAt` datetime DEFAULT NULL,
  `createdAt` datetime DEFAULT CURRENT_TIMESTAMP,
  `updatedAt` datetime DEFAULT CURRENT_TIMESTAMP ON UPDATE CURRENT_TIMESTAMP,
  PRIMARY KEY (`id`),
  UNIQUE KEY `uniq_course_evaluation_student` (`courseId`,`studentId`),
  KEY `idx_course_evaluation_course` (`courseId`),
  KEY `idx_course_evaluation_rating` (`rating`),
  KEY `idx_course_evaluation_created` (`createdAt`),
  KEY `studentId` (`studentId`),
  CONSTRAINT `course_evaluation_ibfk_1` FOREIGN KEY (`courseId`) REFERENCES `course` (`id`) ON DELETE CASCADE ON UPDATE CASCADE,
  CONSTRAINT `course_evaluation_ibfk_2` FOREIGN KEY (`studentId`) REFERENCES `user` (`id`) ON DELETE CASCADE ON UPDATE CASCADE
) ENGINE=InnoDB DEFAULT CHARSET=utf8mb4 COLLATE=utf8mb4_unicode_ci;
/*!40101 SET character_set_client = @saved_cs_client */;

--
-- Dumping data for table `course_evaluation`
--

LOCK TABLES `course_evaluation` WRITE;
/*!40000 ALTER TABLE `course_evaluation` DISABLE KEYS */;
INSERT INTO `course_evaluation` VALUES ('ed6e1199-07cb-4d4f-9351-35b526722d03','4f0dd6ed-2076-11f1-97b2-6c02e0d26821','2f3a673d-514a-11f1-9abe-6c02e0d26821',5,'omggg!',NULL,'2026-05-17 13:36:53','2026-05-17 13:36:53');
/*!40000 ALTER TABLE `course_evaluation` ENABLE KEYS */;
UNLOCK TABLES;

--
-- Table structure for table `course_question_bank`
--

DROP TABLE IF EXISTS `course_question_bank`;
/*!40101 SET @saved_cs_client     = @@character_set_client */;
/*!50503 SET character_set_client = utf8mb4 */;
CREATE TABLE `course_question_bank` (
  `id` varchar(36) CHARACTER SET utf8mb4 COLLATE utf8mb4_unicode_ci NOT NULL,
  `courseId` varchar(36) CHARACTER SET utf8mb4 COLLATE utf8mb4_unicode_ci NOT NULL,
  `moduleId` varchar(36) CHARACTER SET utf8mb4 COLLATE utf8mb4_unicode_ci DEFAULT NULL,
  `lessonId` varchar(36) CHARACTER SET utf8mb4 COLLATE utf8mb4_unicode_ci DEFAULT NULL,
  `teacherId` varchar(36) CHARACTER SET utf8mb4 COLLATE utf8mb4_unicode_ci NOT NULL,
  `questionType` enum('multiple_choice','written','true_false') COLLATE utf8mb4_unicode_ci NOT NULL DEFAULT 'multiple_choice',
  `questionText` text CHARACTER SET utf8mb4 COLLATE utf8mb4_unicode_ci NOT NULL,
  `optionsJson` json NOT NULL,
  `correctOptionIndex` tinyint unsigned NOT NULL,
  `createdAt` datetime DEFAULT CURRENT_TIMESTAMP,
  `updatedAt` datetime DEFAULT CURRENT_TIMESTAMP ON UPDATE CURRENT_TIMESTAMP,
  PRIMARY KEY (`id`),
  KEY `idx_courseId` (`courseId`),
  KEY `idx_teacherId` (`teacherId`),
  KEY `idx_lessonId` (`lessonId`),
  KEY `idx_moduleId` (`moduleId`),
  CONSTRAINT `course_question_bank_ibfk_1` FOREIGN KEY (`courseId`) REFERENCES `course` (`id`) ON DELETE CASCADE ON UPDATE CASCADE,
  CONSTRAINT `course_question_bank_ibfk_2` FOREIGN KEY (`teacherId`) REFERENCES `user` (`id`) ON DELETE CASCADE ON UPDATE CASCADE,
  CONSTRAINT `fk_course_question_bank_lesson` FOREIGN KEY (`lessonId`) REFERENCES `lesson` (`id`) ON DELETE SET NULL ON UPDATE CASCADE,
  CONSTRAINT `fk_course_question_bank_module` FOREIGN KEY (`moduleId`) REFERENCES `module` (`id`) ON DELETE SET NULL ON UPDATE CASCADE
) ENGINE=InnoDB DEFAULT CHARSET=utf8mb4 COLLATE=utf8mb4_unicode_ci;
/*!40101 SET character_set_client = @saved_cs_client */;

--
-- Dumping data for table `course_question_bank`
--

LOCK TABLES `course_question_bank` WRITE;
/*!40000 ALTER TABLE `course_question_bank` DISABLE KEYS */;
INSERT INTO `course_question_bank` VALUES ('076e2008-4fd7-11f1-9abe-6c02e0d26821','dde5cde4-4fcc-11f1-9abe-6c02e0d26821',NULL,NULL,'454cde6d-4f80-11f1-ba5b-00090ffe0001','multiple_choice','In a route pattern \'/items/:itemId\', what does \':itemId\' represent?','[\"A static segment\", \"A query parameter\", \"A route parameter placeholder\", \"A middleware function\"]',2,'2026-05-14 23:53:58','2026-05-14 23:53:58'),('076e8932-4fd7-11f1-9abe-6c02e0d26821','dde5cde4-4fcc-11f1-9abe-6c02e0d26821',NULL,NULL,'454cde6d-4f80-11f1-ba5b-00090ffe0001','true_false','Middleware runs in the order it is registered on the app.','[\"True\", \"False\"]',0,'2026-05-14 23:53:58','2026-05-14 23:53:58'),('076fe183-4fd7-11f1-9abe-6c02e0d26821','dde5cde4-4fcc-11f1-9abe-6c02e0d26821',NULL,NULL,'454cde6d-4f80-11f1-ba5b-00090ffe0001','multiple_choice','Which HTTP method is typically used to update part of a resource?','[\"GET\", \"POST\", \"PATCH\", \"DELETE\"]',2,'2026-05-14 23:53:58','2026-05-14 23:53:58'),('07714cac-4fd7-11f1-9abe-6c02e0d26821','dde5cde4-4fcc-11f1-9abe-6c02e0d26821',NULL,NULL,'454cde6d-4f80-11f1-ba5b-00090ffe0001','multiple_choice','Which is a common place to centralize API error handling in Express?','[\"Inside each controller only\", \"An error-handling middleware (err, req, res, next)\", \"In the database layer\", \"In the client application\"]',1,'2026-05-14 23:53:58','2026-05-14 23:53:58'),('07727fac-4fd7-11f1-9abe-6c02e0d26821','dde5cde4-4fcc-11f1-9abe-6c02e0d26821',NULL,NULL,'454cde6d-4f80-11f1-ba5b-00090ffe0001','multiple_choice','In a simple model, which operation would you use to fetch a single document by its unique id?','[\"create()\", \"findById()\", \"delete()\", \"all()\"]',1,'2026-05-14 23:53:58','2026-05-14 23:53:58'),('0772f7fa-4fd7-11f1-9abe-6c02e0d26821','dde5cde4-4fcc-11f1-9abe-6c02e0d26821',NULL,NULL,'454cde6d-4f80-11f1-ba5b-00090ffe0001','true_false','Decoding a JWT payload guarantees the token is valid and not tampered with.','[\"True\", \"False\"]',1,'2026-05-14 23:53:58','2026-05-14 23:53:58'),('077383ff-4fd7-11f1-9abe-6c02e0d26821','dde5cde4-4fcc-11f1-9abe-6c02e0d26821',NULL,NULL,'454cde6d-4f80-11f1-ba5b-00090ffe0001','multiple_choice','What does rate limiting protect your API from?','[\"Cross-site scripting\", \"Denial-of-service and brute-force abuse\", \"SQL injection\", \"Improper JSON parsing\"]',1,'2026-05-14 23:53:58','2026-05-14 23:53:58'),('0773c3fa-4fd7-11f1-9abe-6c02e0d26821','dde5cde4-4fcc-11f1-9abe-6c02e0d26821',NULL,NULL,'454cde6d-4f80-11f1-ba5b-00090ffe0001','multiple_choice','Which of the following is a structured logging library for Node.js?','[\"Winston\", \"Lodash\", \"Express\", \"Sequelize\"]',0,'2026-05-14 23:53:58','2026-05-14 23:53:58'),('0773f42e-4fd7-11f1-9abe-6c02e0d26821','dde5cde4-4fcc-11f1-9abe-6c02e0d26821',NULL,NULL,'454cde6d-4f80-11f1-ba5b-00090ffe0001','multiple_choice','Which tool helps run Node.js apps as background processes and manage clustering?','[\"Nginx\", \"PM2\", \"Webpack\", \"Babel\"]',1,'2026-05-14 23:53:58','2026-05-14 23:53:58'),('077466e2-4fd7-11f1-9abe-6c02e0d26821','dde5cde4-4fcc-11f1-9abe-6c02e0d26821',NULL,NULL,'454cde6d-4f80-11f1-ba5b-00090ffe0001','written','Describe one advantage of implementing an in-memory store for local development and one limitation.','[\"Advantage: fast and simple to iterate during development without external dependencies. Limitation: not persistent, not shared between instances, and not suitable for production.\"]',0,'2026-05-14 23:53:58','2026-05-14 23:53:58'),('0f98d9fa-5532-11f1-9abe-6c02e0d26821','5de2c59c-551f-11f1-9abe-6c02e0d26821',NULL,'3ea923b3-5522-11f1-9abe-6c02e0d26821','454ce8f9-4f80-11f1-ba5b-00090ffe0001','multiple_choice','In \"Define Sequences: Arrays and Python Lists\", what is printed after the loop?','[\"6\", \"runtime error\", \"no output\", \"undefined\"]',0,'2026-05-21 19:28:12','2026-05-21 19:28:12'),('1bec9586-5147-11f1-9abe-6c02e0d26821','3f364be3-5143-11f1-9abe-6c02e0d26821',NULL,'1bec2d8a-5147-11f1-9abe-6c02e0d26821','454cf356-4f80-11f1-ba5b-00090ffe0001','multiple_choice','In the lesson Install and configure PostgreSQL locally starter code, what will the console.log output be after running the simulated checks?','[\"checking prerequisites initializing database cluster postgresql ready\", \"checking prerequisites initializing database cluster postgresql ready\", \"checking prerequisites initializing database cluster postgresql started\", \"prerequisites ok database initialized postgresql ready\"]',0,'2026-05-16 19:48:47','2026-05-16 19:48:47'),('1bef57fc-5147-11f1-9abe-6c02e0d26821','3f364be3-5143-11f1-9abe-6c02e0d26821',NULL,'1beeff3d-5147-11f1-9abe-6c02e0d26821','454cf356-4f80-11f1-ba5b-00090ffe0001','multiple_choice','In the lesson \'Explore a provided sample database and run example queries\', what does the starter code print to confirm the loaded dataset?','[\"rows 3 columns id name age\", \"rows 3 columns id age name\", \"rows 4 columns id name age\", \"rows three columns id name age\"]',0,'2026-05-16 19:48:47','2026-05-16 19:48:47'),('1bf0c7c4-5147-11f1-9abe-6c02e0d26821','3f364be3-5143-11f1-9abe-6c02e0d26821',NULL,'1bf04d46-5147-11f1-9abe-6c02e0d26821','454cf356-4f80-11f1-ba5b-00090ffe0001','multiple_choice','In the lesson \'Normalize tables to Third Normal Form (3NF)\', what does the starter JS code log to the console?','[\"normalized to third normal form\", \"table is in third normal form\", \"normalized to second normal form\", \"decomposition complete\"]',0,'2026-05-16 19:48:47','2026-05-16 19:48:47'),('1bf1ca3e-5147-11f1-9abe-6c02e0d26821','3f364be3-5143-11f1-9abe-6c02e0d26821',NULL,'1bf0fc28-5147-11f1-9abe-6c02e0d26821','454cf356-4f80-11f1-ba5b-00090ffe0001','multiple_choice','In the lesson \'Define and apply primary, foreign, and unique keys\', what is the exact console.log output produced by the provided starter JS code after simulating the constraint application?','[\"apply primary key to users id apply foreign key from user profiles user id to users id apply unique key to users email constraints applied successfully\", \"apply_primary_key_to_users_id apply_foreign_key_from_user_profiles_user_id_to_users_id apply_unique_key_to_users_email constraints_applied_successfully\", \"constraints applied successfully\", \"apply primary key to users id apply foreign key from user profiles user id to users id apply unique key to users email constraints applied successfully\"]',0,'2026-05-16 19:48:47','2026-05-16 19:48:47'),('1bf25ebb-5147-11f1-9abe-6c02e0d26821','3f364be3-5143-11f1-9abe-6c02e0d26821',NULL,'1bf21c2a-5147-11f1-9abe-6c02e0d26821','454cf356-4f80-11f1-ba5b-00090ffe0001','multiple_choice','In the lesson \'Model many-to-many relationships using junction tables\', what does the starter code print to the console?','[\"junction rows 2\", \"junction rows 3\", \"junction rows 4\", \"junction rows 0\"]',1,'2026-05-16 19:48:47','2026-05-16 19:48:47'),('1bf2c6fa-5147-11f1-9abe-6c02e0d26821','3f364be3-5143-11f1-9abe-6c02e0d26821',NULL,'1bf290d7-5147-11f1-9abe-6c02e0d26821','454cf356-4f80-11f1-ba5b-00090ffe0001','multiple_choice','In the starter code for the lesson \'Translate ER diagrams into CREATE TABLE statements\', what does the console.log output?','[\"created tables customers products orders order_items\", \"created tables customers orders order_items products\", \"tables created customers products orders order_items\", \"created tables customers products order_items orders\"]',0,'2026-05-16 19:48:47','2026-05-16 19:48:47'),('1bf39eea-5147-11f1-9abe-6c02e0d26821','3f364be3-5143-11f1-9abe-6c02e0d26821',NULL,'1bf32b27-5147-11f1-9abe-6c02e0d26821','454cf356-4f80-11f1-ba5b-00090ffe0001','multiple_choice','In the lesson \'Write SELECT queries using WHERE to filter rows\', what does the starter JS code log to the console?','[\"alice carol\", \"alice\", \"bob\", \"alice carol bob\"]',0,'2026-05-16 19:48:47','2026-05-16 19:48:47'),('1bf4386f-5147-11f1-9abe-6c02e0d26821','3f364be3-5143-11f1-9abe-6c02e0d26821',NULL,'1bf3d32d-5147-11f1-9abe-6c02e0d26821','454cf356-4f80-11f1-ba5b-00090ffe0001','multiple_choice','In the lesson \'Use column aliases and expressions in SELECT statements\', what does the starter code console.log output?','[\"generated query selects id as user id full name and total price from orders status completed\", \"generated query selects id as user_id full_name and total_price from orders status completed\", \"generated query selects id as user id full name total price from orders\", \"sql select id as user id full name and total price from orders status completed\"]',0,'2026-05-16 19:48:47','2026-05-16 19:48:47'),('1bf4d7ff-5147-11f1-9abe-6c02e0d26821','3f364be3-5143-11f1-9abe-6c02e0d26821',NULL,'1bf49215-5147-11f1-9abe-6c02e0d26821','454cf356-4f80-11f1-ba5b-00090ffe0001','multiple_choice','In the lesson \'Sort and paginate query results with ORDER BY, LIMIT, and OFFSET\' what does the starter code print to the console','[\"limit 10 offset 10\", \"limit 10 offset 0\", \"limit 5 offset 10\", \"offset 10 limit 10\"]',0,'2026-05-16 19:48:47','2026-05-16 19:48:47'),('1bf5b5ba-5147-11f1-9abe-6c02e0d26821','3f364be3-5143-11f1-9abe-6c02e0d26821',NULL,'1bf502ea-5147-11f1-9abe-6c02e0d26821','454cf356-4f80-11f1-ba5b-00090ffe0001','multiple_choice','In the lesson \'Apply scalar functions to transform query results (string, numeric, date)\', what exact string does the starter-code console.log produce?','[\"alice johnson 12 35 2021 07 15\", \"ALICE JOHNSON 12.35 2021-07-15\", \"alice johnson 12.35 2021-07-15\", \"alice johnson 12 35 2021 7 15\"]',0,'2026-05-16 19:48:47','2026-05-16 19:48:47'),('1bf6e78c-5147-11f1-9abe-6c02e0d26821','3f364be3-5143-11f1-9abe-6c02e0d26821',NULL,'1bf5fc22-5147-11f1-9abe-6c02e0d26821','454cf356-4f80-11f1-ba5b-00090ffe0001','multiple_choice','In the lesson \'Eliminate duplicates with DISTINCT and compute counts\', what does the starter code log to the console?','[\"count distinct email 2\", \"total rows 6\", \"count distinct email 3\", \"count distinct email 4\"]',2,'2026-05-16 19:48:47','2026-05-16 19:48:47'),('1bf87f5b-5147-11f1-9abe-6c02e0d26821','3f364be3-5143-11f1-9abe-6c02e0d26821',NULL,'1bf8365b-5147-11f1-9abe-6c02e0d26821','454cf356-4f80-11f1-ba5b-00090ffe0001','multiple_choice','In the lesson \'Group rows and compute aggregates using GROUP BY\', what exact line does the starter code console.log for the north group?','[\"north total 550 avg 183 min 100 max 300 count 3\", \"north total 550 avg 183.33 min 100 max 300 count 3\", \"north total 550 avg 184 min 100 max 300 count 3\", \"north total 550 average 183 min 100 max 300 count 3\"]',0,'2026-05-16 19:48:47','2026-05-16 19:48:47'),('1bf908db-5147-11f1-9abe-6c02e0d26821','3f364be3-5143-11f1-9abe-6c02e0d26821',NULL,'1bf8cb9a-5147-11f1-9abe-6c02e0d26821','454cf356-4f80-11f1-ba5b-00090ffe0001','multiple_choice','In the lesson \'Filter aggregated groups using HAVING clauses\', what does the starter-code print to the console?','[\"alice 320 bob 150\", \"bob 150 alice 320\", \"alice 320\", \"alice 120 bob 150 charlie 40\"]',0,'2026-05-16 19:48:47','2026-05-16 19:48:47'),('1bf97ea7-5147-11f1-9abe-6c02e0d26821','3f364be3-5143-11f1-9abe-6c02e0d26821',NULL,'1bf941a1-5147-11f1-9abe-6c02e0d26821','454cf356-4f80-11f1-ba5b-00090ffe0001','multiple_choice','In the starter code for Compute running totals and ranks using window functions, what exact text is printed to the console?','[\"final running total 700\", \"final running total 720\", \"running total 720\", \"final total 720\"]',1,'2026-05-16 19:48:47','2026-05-16 19:48:47'),('1bf9e5c9-5147-11f1-9abe-6c02e0d26821','3f364be3-5143-11f1-9abe-6c02e0d26821',NULL,'1bf9b0f6-5147-11f1-9abe-6c02e0d26821','454cf356-4f80-11f1-ba5b-00090ffe0001','multiple_choice','In the lesson \'Use GROUPING SETS, ROLLUP, and CUBE for multi-level aggregations\', what exact console.log output does the provided starter-code produce?','[\"total 10000\", \"grand total 10000\", \"grand total: 10000\", \"grand total 1000\"]',1,'2026-05-16 19:48:47','2026-05-16 19:48:47'),('1bfa8343-5147-11f1-9abe-6c02e0d26821','3f364be3-5143-11f1-9abe-6c02e0d26821',NULL,'1bfa464d-5147-11f1-9abe-6c02e0d26821','454cf356-4f80-11f1-ba5b-00090ffe0001','multiple_choice','In the lesson \'Write INNER, LEFT, RIGHT, and FULL JOINs to combine tables\', what does the starter-code print when run?','[\"inner 3 left 3 right 2 full 4\", \"inner 2 left 3 right 2 full 4\", \"inner 2 left 2 right 3 full 5\"]',1,'2026-05-16 19:48:47','2026-05-16 19:48:47'),('1bfb9f8d-5147-11f1-9abe-6c02e0d26821','3f364be3-5143-11f1-9abe-6c02e0d26821',NULL,'1bfad9e2-5147-11f1-9abe-6c02e0d26821','454cf356-4f80-11f1-ba5b-00090ffe0001','multiple_choice','In the lesson \'Use CROSS JOIN and SELF JOIN to handle Cartesian and hierarchical queries\', what does the starter code log to the console for the cross join count?','[\"6 rows\", \"cross join rows 6\", \"cross join returned 6 rows\"]',1,'2026-05-16 19:48:47','2026-05-16 19:48:47'),('1bfc27f3-5147-11f1-9abe-6c02e0d26821','3f364be3-5143-11f1-9abe-6c02e0d26821',NULL,'1bfbd5ff-5147-11f1-9abe-6c02e0d26821','454cf356-4f80-11f1-ba5b-00090ffe0001','multiple_choice','In the lesson \'Construct correlated and non-correlated subqueries\', what will the starter code print to the console?','[\"non correlated rows 2 correlated rows 3\", \"non correlated rows 3 correlated rows 2\", \"non correlated rows 2\", \"correlated rows 3 non correlated rows 2\"]',0,'2026-05-16 19:48:47','2026-05-16 19:48:47'),('1bfcc311-5147-11f1-9abe-6c02e0d26821','3f364be3-5143-11f1-9abe-6c02e0d26821',NULL,'1bfc907a-5147-11f1-9abe-6c02e0d26821','454cf356-4f80-11f1-ba5b-00090ffe0001','multiple_choice','In the lesson \'Refactor subqueries into joins and compare performance and readability\', what does the starter code print to the console?','[\"join faster\", \"subquery faster\", \"both equal\", \"cannot determine\"]',0,'2026-05-16 19:48:47','2026-05-16 19:48:47'),('1bfd2e32-5147-11f1-9abe-6c02e0d26821','3f364be3-5143-11f1-9abe-6c02e0d26821',NULL,'1bfcfb91-5147-11f1-9abe-6c02e0d26821','454cf356-4f80-11f1-ba5b-00090ffe0001','multiple_choice','In the \'Use IN, EXISTS, and NOT EXISTS in filtering\' lesson, what does the starter code print to the console when checking customer id 1?','[\"exists false\", \"exists true\", \"not exists true\", \"in matches 1\"]',1,'2026-05-16 19:48:47','2026-05-16 19:48:47'),('1bfda9aa-5147-11f1-9abe-6c02e0d26821','3f364be3-5143-11f1-9abe-6c02e0d26821',NULL,'1bfd730c-5147-11f1-9abe-6c02e0d26821','454cf356-4f80-11f1-ba5b-00090ffe0001','multiple_choice','In the lesson \'Insert single-row and multi-row data using INSERT and COPY\', what does the starter code print to the console?','[\"1 row inserted\", \"4 rows inserted\", \"5 rows inserted\", \"6 rows inserted\"]',2,'2026-05-16 19:48:47','2026-05-16 19:48:47'),('1bfe4924-5147-11f1-9abe-6c02e0d26821','3f364be3-5143-11f1-9abe-6c02e0d26821',NULL,'1bfdf593-5147-11f1-9abe-6c02e0d26821','454cf356-4f80-11f1-ba5b-00090ffe0001','multiple_choice','In the lesson \'Perform UPDATE and DELETE operations within transactions\', what does the provided starter code print to the console after deciding to rollback?','[\"transaction committed 2 rows changed\", \"transaction rolled back no changes committed\", \"transaction rolled back 2 rows restored\", \"rollback performed no rows changed\"]',1,'2026-05-16 19:48:47','2026-05-16 19:48:47'),('1bfecf6d-5147-11f1-9abe-6c02e0d26821','3f364be3-5143-11f1-9abe-6c02e0d26821',NULL,'1bfe8364-5147-11f1-9abe-6c02e0d26821','454cf356-4f80-11f1-ba5b-00090ffe0001','multiple_choice','In the lesson \'Apply transaction isolation levels and explicit locks\', what does the starter code log to the console?','[\"final balance 850\", \"final balance 950\", \"final balance 900\", \"transaction failed\"]',0,'2026-05-16 19:48:47','2026-05-16 19:48:47'),('1bffabeb-5147-11f1-9abe-6c02e0d26821','3f364be3-5143-11f1-9abe-6c02e0d26821',NULL,'1bfefcc8-5147-11f1-9abe-6c02e0d26821','454cf356-4f80-11f1-ba5b-00090ffe0001','multiple_choice','In the lesson Return modified rows and perform upserts using RETURNING and ON CONFLICT, what does the starter-code log to the console after inserting jane@example.com?','[\"inserted user 2 jane smith\", \"updated user 1 jane smith\", \"inserted user 3 jane smith\", \"updated user 2 jane smith\"]',0,'2026-05-16 19:48:47','2026-05-16 19:48:47'),('1c005eda-5147-11f1-9abe-6c02e0d26821','3f364be3-5143-11f1-9abe-6c02e0d26821',NULL,'1c0022af-5147-11f1-9abe-6c02e0d26821','454cf356-4f80-11f1-ba5b-00090ffe0001','multiple_choice','In the lesson \'Create and choose appropriate index types (B-tree, GIN, GiST)\', what does the starter-code output?','[\"gin recommended for jsonb\", \"btree recommended for equality and range\", \"gist recommended for geometric data\", \"no index recommended\"]',0,'2026-05-16 19:48:47','2026-05-16 19:48:47'),('1c00f03a-5147-11f1-9abe-6c02e0d26821','3f364be3-5143-11f1-9abe-6c02e0d26821',NULL,'1c008fe9-5147-11f1-9abe-6c02e0d26821','454cf356-4f80-11f1-ba5b-00090ffe0001','multiple_choice','In the lesson \'Interpret EXPLAIN and EXPLAIN ANALYZE output to identify bottlenecks\', what does the starter-code print when it detects a sequential scan on the users table?','[\"index scan used on users\", \"sequential scan detected on users\", \"nested loop join causing high cost\", \"planner estimated cost only\"]',1,'2026-05-16 19:48:47','2026-05-16 19:48:47'),('1c018d9d-5147-11f1-9abe-6c02e0d26821','3f364be3-5143-11f1-9abe-6c02e0d26821',NULL,'1c014681-5147-11f1-9abe-6c02e0d26821','454cf356-4f80-11f1-ba5b-00090ffe0001','multiple_choice','In the lesson \'Rewrite queries to leverage indexes and reduce join costs\', what does the starter-code console.log output after the simulated optimization?','[\"rows returned 3\", \"rows returned 12000\", \"rows returned 0\", \"rows returned 1\"]',0,'2026-05-16 19:48:47','2026-05-16 19:48:47'),('1c021ffe-5147-11f1-9abe-6c02e0d26821','3f364be3-5143-11f1-9abe-6c02e0d26821',NULL,'1c01df10-5147-11f1-9abe-6c02e0d26821','454cf356-4f80-11f1-ba5b-00090ffe0001','multiple_choice','In the lesson Implement table partitioning and physical clustering for large tables, what will the provided starter code print to the console after simulation?','[\"partitioning simulated\", \"partitioning and clustering completed\", \"cluster applied to events\", \"partitioning error\"]',1,'2026-05-16 19:48:47','2026-05-16 19:48:47'),('1c02fa6b-5147-11f1-9abe-6c02e0d26821','3f364be3-5143-11f1-9abe-6c02e0d26821',NULL,'1c02bf67-5147-11f1-9abe-6c02e0d26821','454cf356-4f80-11f1-ba5b-00090ffe0001','multiple_choice','In the lesson \'Query and modify JSON/JSONB columns using operators and functions\', what does the starter code log to the console?','[\"extracted user id 42\", \"updated rows 1\", \"index created on data\", \"user email alice example com\"]',0,'2026-05-16 19:48:47','2026-05-16 19:48:47'),('1c040325-5147-11f1-9abe-6c02e0d26821','3f364be3-5143-11f1-9abe-6c02e0d26821',NULL,'1c03380e-5147-11f1-9abe-6c02e0d26821','454cf356-4f80-11f1-ba5b-00090ffe0001','multiple_choice','In the lesson \'Define and query arrays, enums, and composite types\', what exact text does the starter code log to the console?','[\"2 rows inserted\", \"3 rows inserted\", \"error null\", \"no rows\"]',1,'2026-05-16 19:48:47','2026-05-16 19:48:47'),('1c04e16d-5147-11f1-9abe-6c02e0d26821','3f364be3-5143-11f1-9abe-6c02e0d26821',NULL,'1c048c6f-5147-11f1-9abe-6c02e0d26821','454cf356-4f80-11f1-ba5b-00090ffe0001','multiple_choice','In the lesson \'Implement full-text search using tsvector, tsquery, and GIN indexes\', what will the provided starter-code log to the console?','[\"created search index on documents\", \"created gin index on documents\", \"search index population complete\", \"created search index on documents successfully\"]',0,'2026-05-16 19:48:47','2026-05-16 19:48:47'),('1c053e3d-5147-11f1-9abe-6c02e0d26821','3f364be3-5143-11f1-9abe-6c02e0d26821',NULL,'1c050a80-5147-11f1-9abe-6c02e0d26821','454cf356-4f80-11f1-ba5b-00090ffe0001','multiple_choice','In the lesson \'Create stored procedures and functions with PL/pgSQL\', what does the starter-code print to the console?','[\"order total 1185\", \"order total 118.5\", \"total order 1185\", \"order total 1195\"]',0,'2026-05-16 19:48:47','2026-05-16 19:48:47'),('1c05b41d-5147-11f1-9abe-6c02e0d26821','3f364be3-5143-11f1-9abe-6c02e0d26821',NULL,'1c0584f3-5147-11f1-9abe-6c02e0d26821','454cf356-4f80-11f1-ba5b-00090ffe0001','multiple_choice','In the lesson Create roles, grant privileges, and apply least-privilege principles what does the starter code print for carol\'s effective privileges','[\"select\", \"update\", \"select update\", \"select delete\"]',2,'2026-05-16 19:48:47','2026-05-16 19:48:47'),('1c060491-5147-11f1-9abe-6c02e0d26821','3f364be3-5143-11f1-9abe-6c02e0d26821',NULL,'1c05d771-5147-11f1-9abe-6c02e0d26821','454cf356-4f80-11f1-ba5b-00090ffe0001','multiple_choice','In the lesson \'Perform logical backups and restores using pg_dump and pg_restore\', what will the starter code print to the console after simulating the backup and restore workflow?','[\"starting logical backup using pg_dump backup saved to backups production dump restoring backup to staging db using pg restore restore completed successfully\", \"starting logical backup using pg_dump backup saved to backups production dump restoring backup to staging db using pg restore\", \"starting logical backup using pg_dump backup failed due to missing role restore aborted\"]',0,'2026-05-16 19:48:47','2026-05-16 19:48:47'),('1c0688e7-5147-11f1-9abe-6c02e0d26821','3f364be3-5143-11f1-9abe-6c02e0d26821',NULL,'1c062e6d-5147-11f1-9abe-6c02e0d26821','454cf356-4f80-11f1-ba5b-00090ffe0001','multiple_choice','In the lesson \"Set up basic streaming replication and explain high-availability concepts\", what is the exact console output produced by the starter code after running all steps?','[\"primary configured replication user created base backup completed standby connected\", \"primary configured replication user created standby connected base backup completed\", \"replication user created primary configured base backup completed standby connected\", \"primary configured base backup completed replication user created standby connected\"]',0,'2026-05-16 19:48:47','2026-05-16 19:48:47'),('1c07ad15-5147-11f1-9abe-6c02e0d26821','3f364be3-5143-11f1-9abe-6c02e0d26821',NULL,'1c06be27-5147-11f1-9abe-6c02e0d26821','454cf356-4f80-11f1-ba5b-00090ffe0001','multiple_choice','In the lesson Implement audit logging and basic compliance controls, what does the provided starter code print after simulating an insert?','[\"audit entry created\", \"no audit entry\", \"1 audit entry created\", \"audit entries created\"]',0,'2026-05-16 19:48:47','2026-05-16 19:48:47'),('1c083fe5-5147-11f1-9abe-6c02e0d26821','3f364be3-5143-11f1-9abe-6c02e0d26821',NULL,'1c0807a5-5147-11f1-9abe-6c02e0d26821','454cf356-4f80-11f1-ba5b-00090ffe0001','multiple_choice','In the lesson \'Capstone: Design and implement a production-ready schema and queries for an e-commerce app\', what does the starter code print to confirm completion?','[\"schema implemented successfully\", \"tables and indexes created\", \"sample query executed\", \"schema creation completed with warnings\"]',0,'2026-05-16 19:48:48','2026-05-16 19:48:48'),('22bbc1b2-4fd1-11f1-9abe-6c02e0d26821','dde5cde4-4fcc-11f1-9abe-6c02e0d26821',NULL,NULL,'454cde6d-4f80-11f1-ba5b-00090ffe0001','multiple_choice','Which of the following is the minimal prerequisite to follow this course?','[\"Familiarity with JavaScript and basic HTTP concepts\", \"Advanced C++ programming\", \"Prior experience with Ruby on Rails\", \"Only HTML knowledge is required\"]',0,'2026-05-14 23:11:47','2026-05-14 23:11:47'),('22bcb17e-4fd1-11f1-9abe-6c02e0d26821','dde5cde4-4fcc-11f1-9abe-6c02e0d26821',NULL,NULL,'454cde6d-4f80-11f1-ba5b-00090ffe0001','true_false','nodemon automatically restarts your Node application when file changes are detected.','[\"True\", \"False\"]',0,'2026-05-14 23:11:47','2026-05-14 23:11:47'),('22bd8d26-4fd1-11f1-9abe-6c02e0d26821','dde5cde4-4fcc-11f1-9abe-6c02e0d26821',NULL,NULL,'454cde6d-4f80-11f1-ba5b-00090ffe0001','multiple_choice','In Express, which method registers a handler for GET requests?','[\"app.get\", \"app.post\", \"app.listen\", \"app.use\"]',0,'2026-05-14 23:11:47','2026-05-14 23:11:47'),('22bee90c-4fd1-11f1-9abe-6c02e0d26821','dde5cde4-4fcc-11f1-9abe-6c02e0d26821',NULL,NULL,'454cde6d-4f80-11f1-ba5b-00090ffe0001','multiple_choice','Which HTTP status code is most appropriate for a successful resource creation?','[\"200 OK\", \"201 Created\", \"400 Bad Request\", \"404 Not Found\"]',1,'2026-05-14 23:11:47','2026-05-14 23:11:47'),('22bfb973-4fd1-11f1-9abe-6c02e0d26821','dde5cde4-4fcc-11f1-9abe-6c02e0d26821',NULL,NULL,'454cde6d-4f80-11f1-ba5b-00090ffe0001','true_false','Postman can be used to save request collections and share them with a team.','[\"True\", \"False\"]',0,'2026-05-14 23:11:47','2026-05-14 23:11:47'),('22c0d77c-4fd1-11f1-9abe-6c02e0d26821','dde5cde4-4fcc-11f1-9abe-6c02e0d26821',NULL,NULL,'454cde6d-4f80-11f1-ba5b-00090ffe0001','multiple_choice','Which route will match the URL /users/123/profile if you register routes in this order: /users/:id, /users/:id/profile ?','[\"/users/:id/profile only\", \"/users/:id only\", \"both /users/:id and /users/:id/profile\", \"neither\"]',0,'2026-05-14 23:11:47','2026-05-14 23:11:47'),('22c1ddda-4fd1-11f1-9abe-6c02e0d26821','dde5cde4-4fcc-11f1-9abe-6c02e0d26821',NULL,NULL,'454cde6d-4f80-11f1-ba5b-00090ffe0001','multiple_choice','What argument pattern identifies an error-handling middleware in Express?','[\"(req, res, next)\", \"(err, req, res, next)\", \"(req, res)\", \"(err, req)\"]',1,'2026-05-14 23:11:47','2026-05-14 23:11:47'),('22c2aebf-4fd1-11f1-9abe-6c02e0d26821','dde5cde4-4fcc-11f1-9abe-6c02e0d26821',NULL,NULL,'454cde6d-4f80-11f1-ba5b-00090ffe0001','multiple_choice','Which benefit comes from splitting routes into modular routers?','[\"Improved organization and reusability\", \"Eliminates the need for middleware\", \"Makes the app run faster automatically\", \"Removes need for tests\"]',0,'2026-05-14 23:11:47','2026-05-14 23:11:47'),('22c38992-4fd1-11f1-9abe-6c02e0d26821','dde5cde4-4fcc-11f1-9abe-6c02e0d26821',NULL,NULL,'454cde6d-4f80-11f1-ba5b-00090ffe0001','true_false','In production, you should return full error stack traces to the client for easier debugging.','[\"True\", \"False\"]',1,'2026-05-14 23:11:47','2026-05-14 23:11:47'),('22c5ab1d-4fd1-11f1-9abe-6c02e0d26821','dde5cde4-4fcc-11f1-9abe-6c02e0d26821',NULL,NULL,'454cde6d-4f80-11f1-ba5b-00090ffe0001','multiple_choice','Which of these libraries is an ODM specifically for MongoDB?','[\"Sequelize\", \"Mongoose\", \"TypeORM\", \"Prisma\"]',1,'2026-05-14 23:11:47','2026-05-14 23:11:47'),('22c67207-4fd1-11f1-9abe-6c02e0d26821','dde5cde4-4fcc-11f1-9abe-6c02e0d26821',NULL,NULL,'454cde6d-4f80-11f1-ba5b-00090ffe0001','multiple_choice','Which HTTP method is typically used to update an entire resource?','[\"GET\", \"POST\", \"PUT\", \"DELETE\"]',2,'2026-05-14 23:11:47','2026-05-14 23:11:47'),('22c70fd8-4fd1-11f1-9abe-6c02e0d26821','dde5cde4-4fcc-11f1-9abe-6c02e0d26821',NULL,NULL,'454cde6d-4f80-11f1-ba5b-00090ffe0001','multiple_choice','Which statement about JWT is true?','[\"JWTs are always encrypted by default\", \"JWTs are commonly used to represent claims between two parties\", \"JWTs cannot be stored in cookies\", \"JWTs eliminate need for HTTPS\"]',1,'2026-05-14 23:11:47','2026-05-14 23:11:47'),('22c7ada0-4fd1-11f1-9abe-6c02e0d26821','dde5cde4-4fcc-11f1-9abe-6c02e0d26821',NULL,NULL,'454cde6d-4f80-11f1-ba5b-00090ffe0001','multiple_choice','Which of these is a recommended practice with JWTs?','[\"Store long-lived JWTs in localStorage without refresh\", \"Use HTTPS and short expiration times, and refresh tokens as needed\", \"Never validate the token signature on the server\", \"Embed passwords in the payload\"]',1,'2026-05-14 23:11:47','2026-05-14 23:11:47'),('22c881f4-4fd1-11f1-9abe-6c02e0d26821','dde5cde4-4fcc-11f1-9abe-6c02e0d26821',NULL,NULL,'454cde6d-4f80-11f1-ba5b-00090ffe0001','true_false','You should store user passwords in plaintext in your database.','[\"True\", \"False\"]',1,'2026-05-14 23:11:47','2026-05-14 23:11:47'),('22c97128-4fd1-11f1-9abe-6c02e0d26821','dde5cde4-4fcc-11f1-9abe-6c02e0d26821',NULL,NULL,'454cde6d-4f80-11f1-ba5b-00090ffe0001','multiple_choice','Why is input validation important for APIs?','[\"It prevents malformed or dangerous data from being processed\", \"It makes the UI load faster\", \"It replaces authentication\", \"It stores data automatically\"]',0,'2026-05-14 23:11:47','2026-05-14 23:11:47'),('22ca1ac5-4fd1-11f1-9abe-6c02e0d26821','dde5cde4-4fcc-11f1-9abe-6c02e0d26821',NULL,NULL,'454cde6d-4f80-11f1-ba5b-00090ffe0001','multiple_choice','Which middleware helps set secure HTTP headers?','[\"cors\", \"helmet\", \"morgan\", \"body-parser\"]',1,'2026-05-14 23:11:47','2026-05-14 23:11:47'),('22cb1289-4fd1-11f1-9abe-6c02e0d26821','dde5cde4-4fcc-11f1-9abe-6c02e0d26821',NULL,NULL,'454cde6d-4f80-11f1-ba5b-00090ffe0001','multiple_choice','What query params are typically used to implement pagination?','[\"page and limit (or offset and limit)\", \"username and password\", \"header and body\", \"method and url\"]',0,'2026-05-14 23:11:47','2026-05-14 23:11:47'),('22cbbd36-4fd1-11f1-9abe-6c02e0d26821','dde5cde4-4fcc-11f1-9abe-6c02e0d26821',NULL,NULL,'454cde6d-4f80-11f1-ba5b-00090ffe0001','multiple_choice','Which of the following is a popular centralized error tracking service?','[\"Sentry\", \"Notepad\", \"LocalStorage\", \"Babel\"]',0,'2026-05-14 23:11:47','2026-05-14 23:11:47'),('22ccbfb0-4fd1-11f1-9abe-6c02e0d26821','dde5cde4-4fcc-11f1-9abe-6c02e0d26821',NULL,NULL,'454cde6d-4f80-11f1-ba5b-00090ffe0001','written','Name two key environment variables you should configure for an Express app in production and why.','[\"PORT (to control listening port) and NODE_ENV (to toggle production optimizations and logging).\"]',0,'2026-05-14 23:11:47','2026-05-14 23:11:47'),('2f1f252f-5133-11f1-9abe-6c02e0d26821','ed1b33e8-5132-11f1-9abe-6c02e0d26821',NULL,'2f1ed78e-5133-11f1-9abe-6c02e0d26821','454cf028-4f80-11f1-ba5b-00090ffe0001','multiple_choice','In the lesson \'Initialize a TypeScript web project with npm and tsconfig\', what does running the compiled starter JavaScript print to the console?','[\"ts project initialized\", \"ts project initialized.\", \"TypeScript project initialized\", \"project initialized\"]',0,'2026-05-16 17:26:10','2026-05-16 17:26:10'),('2f20819b-5133-11f1-9abe-6c02e0d26821','ed1b33e8-5132-11f1-9abe-6c02e0d26821',NULL,'2f1fa907-5133-11f1-9abe-6c02e0d26821','454cf028-4f80-11f1-ba5b-00090ffe0001','multiple_choice','In the lesson \'Annotate variables and functions with primitive, union, and literal types\', what does the starter-code console.log print?','[\"size medium\", \"size small\", \"size large\"]',0,'2026-05-16 17:26:10','2026-05-16 17:26:10'),('2f21b94c-5133-11f1-9abe-6c02e0d26821','ed1b33e8-5132-11f1-9abe-6c02e0d26821',NULL,'2f21651f-5133-11f1-9abe-6c02e0d26821','454cf028-4f80-11f1-ba5b-00090ffe0001','multiple_choice','In the lesson \'Define and use interfaces and type aliases for DOM data models\', what does the provided starter code log to the console after simulating the form submit?','[\"form submitted alice\", \"form submitted alice@example.com\", \"form submitted\", \"form submitted ALICE\"]',0,'2026-05-16 17:26:10','2026-05-16 17:26:10'),('2f22f1b2-5133-11f1-9abe-6c02e0d26821','ed1b33e8-5132-11f1-9abe-6c02e0d26821',NULL,'2f21f8af-5133-11f1-9abe-6c02e0d26821','454cf028-4f80-11f1-ba5b-00090ffe0001','multiple_choice','In the lesson \'Leverage enums, tuples, and tuples-in-UI state\', what does the starter code log to the console?','[\"loading\", \"ready user alice\", \"error failed to load\"]',1,'2026-05-16 17:26:10','2026-05-16 17:26:10'),('2f23857b-5133-11f1-9abe-6c02e0d26821','ed1b33e8-5132-11f1-9abe-6c02e0d26821',NULL,'2f233b0c-5133-11f1-9abe-6c02e0d26821','454cf028-4f80-11f1-ba5b-00090ffe0001','multiple_choice','In the lesson \'Handle null, undefined, and strict compiler options\', what does the starter code print to the console?','[\"value length is 5\", \"value missing\", \"undefined\", \"value length is 0\"]',0,'2026-05-16 17:26:10','2026-05-16 17:26:10'),('2f247870-5133-11f1-9abe-6c02e0d26821','ed1b33e8-5132-11f1-9abe-6c02e0d26821',NULL,'2f242522-5133-11f1-9abe-6c02e0d26821','454cf028-4f80-11f1-ba5b-00090ffe0001','multiple_choice','In the lesson \'Configure tsconfig for browser targets and module resolution\', what does the starter code print to the console?','[\"tsconfig ok\", \"tsconfig configured\", \"tsconfig for browser\", \"tsconfig ok!\"]',0,'2026-05-16 17:26:10','2026-05-16 17:26:10'),('2f250838-5133-11f1-9abe-6c02e0d26821','ed1b33e8-5132-11f1-9abe-6c02e0d26821',NULL,'2f24c0ff-5133-11f1-9abe-6c02e0d26821','454cf028-4f80-11f1-ba5b-00090ffe0001','multiple_choice','In the \"Compile and bundle TypeScript with tsc, Babel, and Vite\" lesson starter code, what exact text is printed to the console when env is set to production?','[\"bundle ready\", \"dev server running\", \"build ok\", \"compile success\"]',0,'2026-05-16 17:26:10','2026-05-16 17:26:10'),('2f26371c-5133-11f1-9abe-6c02e0d26821','ed1b33e8-5132-11f1-9abe-6c02e0d26821',NULL,'2f2560e8-5133-11f1-9abe-6c02e0d26821','454cf028-4f80-11f1-ba5b-00090ffe0001','multiple_choice','In the lesson \'Set up source maps, path aliases, and incremental builds\', what does the provided starter code print to the console?','[\"hello from utils\", \"hello from util\", \"greeting hello from util\", \"Hello from util\"]',1,'2026-05-16 17:26:10','2026-05-16 17:26:10'),('2f26ad79-5133-11f1-9abe-6c02e0d26821','ed1b33e8-5132-11f1-9abe-6c02e0d26821',NULL,'2f266fc6-5133-11f1-9abe-6c02e0d26821','454cf028-4f80-11f1-ba5b-00090ffe0001','multiple_choice','In the lesson \'Integrate TypeScript with ESLint and Prettier for web projects\', what does the provided starter-code print to the console?','[\"Lint ready\", \"lint ready\", \"lint done\", \"hello lint\"]',1,'2026-05-16 17:26:10','2026-05-16 17:26:10'),('2f271df5-5133-11f1-9abe-6c02e0d26821','ed1b33e8-5132-11f1-9abe-6c02e0d26821',NULL,'2f26e025-5133-11f1-9abe-6c02e0d26821','454cf028-4f80-11f1-ba5b-00090ffe0001','multiple_choice','In the lesson \'Write declaration (.d.ts) files and consume third-party JavaScript libraries\', what does the starter code print to the console?','[\"legacylib initialized\", \"initialized widget\", \"initializedwidget\", \"initialized widget!\"]',1,'2026-05-16 17:26:10','2026-05-16 17:26:10'),('2f280b32-5133-11f1-9abe-6c02e0d26821','ed1b33e8-5132-11f1-9abe-6c02e0d26821',NULL,'2f277987-5133-11f1-9abe-6c02e0d26821','454cf028-4f80-11f1-ba5b-00090ffe0001','multiple_choice','In the lesson \'Add TypeScript to a React app and type functional components\', what does the starter JS code print to the console?','[\"hello react js\", \"Hello, React JS\", \"hello react\", \"hello world\"]',0,'2026-05-16 17:26:10','2026-05-16 17:26:10'),('2f28fd5c-5133-11f1-9abe-6c02e0d26821','ed1b33e8-5132-11f1-9abe-6c02e0d26821',NULL,'2f2864a4-5133-11f1-9abe-6c02e0d26821','454cf028-4f80-11f1-ba5b-00090ffe0001','multiple_choice','In the lesson \'Use React hooks with typed state, refs, and context\', what does the starter-code log to the console?','[\"count 0 user alice ref set\", \"count 3 user bob ref set\", \"count 3 user alice ref set\", \"count 1 user alice ref unset\"]',2,'2026-05-16 17:26:10','2026-05-16 17:26:10'),('2f297b3c-5133-11f1-9abe-6c02e0d26821','ed1b33e8-5132-11f1-9abe-6c02e0d26821',NULL,'2f293423-5133-11f1-9abe-6c02e0d26821','454cf028-4f80-11f1-ba5b-00090ffe0001','multiple_choice','In the lesson Integrate TypeScript with Vue 3 and the Composition API, what does running the provided starter code print to the console?','[\"Counter 3 6\", \"counter 3 6\", \"counter 6 12\", \"counter three 6\"]',1,'2026-05-16 17:26:10','2026-05-16 17:26:10'),('2f2a4123-5133-11f1-9abe-6c02e0d26821','ed1b33e8-5132-11f1-9abe-6c02e0d26821',NULL,'2f29c40c-5133-11f1-9abe-6c02e0d26821','454cf028-4f80-11f1-ba5b-00090ffe0001','multiple_choice','In the lesson \'Type component props, emits, and slots in component libraries\', what does the starter code print to the console?','[\"hello\", \"default title\", \"Hello\", \"hello md\"]',0,'2026-05-16 17:26:10','2026-05-16 17:26:10'),('2f2c82eb-5133-11f1-9abe-6c02e0d26821','ed1b33e8-5132-11f1-9abe-6c02e0d26821',NULL,'2f2bc720-5133-11f1-9abe-6c02e0d26821','454cf028-4f80-11f1-ba5b-00090ffe0001','multiple_choice','In the lesson Build and publish a typed UI component library, what does the starter code print to the console?','[\"button rendered with label ok\", \"button rendered with label undefined\", \"button rendered with label Ok\", \"button rendered with label click me\"]',0,'2026-05-16 17:26:10','2026-05-16 17:26:10'),('2f2d8f11-5133-11f1-9abe-6c02e0d26821','ed1b33e8-5132-11f1-9abe-6c02e0d26821',NULL,'2f2d0850-5133-11f1-9abe-6c02e0d26821','454cf028-4f80-11f1-ba5b-00090ffe0001','multiple_choice','In the starter code for \'Type DOM manipulation and event handlers safely\', what exact console output appears when the script runs in an empty document?','[\"save button found name input found\", \"no save button no name input\", \"save button found\", \"name input found save button found\"]',0,'2026-05-16 17:26:10','2026-05-16 17:26:10'),('2f2e2412-5133-11f1-9abe-6c02e0d26821','ed1b33e8-5132-11f1-9abe-6c02e0d26821',NULL,'2f2dde3e-5133-11f1-9abe-6c02e0d26821','454cf028-4f80-11f1-ba5b-00090ffe0001','multiple_choice','In the lesson \'Fetch, type, and handle REST API responses with Fetch and Axios\', what does the starter-code log to the console?','[\"post title hello world\", \"post title Hello World\", \"post title hello world!\", \"title hello world\"]',0,'2026-05-16 17:26:10','2026-05-16 17:26:10'),('2f2ecc11-5133-11f1-9abe-6c02e0d26821','ed1b33e8-5132-11f1-9abe-6c02e0d26821',NULL,'2f2e800a-5133-11f1-9abe-6c02e0d26821','454cf028-4f80-11f1-ba5b-00090ffe0001','multiple_choice','In the lesson \'Use WebSockets and Server-Sent Events with typed message contracts\', what exact console output does the starter code produce when it handles a chat message?','[\"user 42 hello\", \"user42 hello\", \"user 43 hello\", \"user 42: hello\"]',0,'2026-05-16 17:26:10','2026-05-16 17:26:10'),('2f2ff52e-5133-11f1-9abe-6c02e0d26821','ed1b33e8-5132-11f1-9abe-6c02e0d26821',NULL,'2f2f11ac-5133-11f1-9abe-6c02e0d26821','454cf028-4f80-11f1-ba5b-00090ffe0001','multiple_choice','In the Implement typed forms, validation, and serialization starter code, what exact text does console.log print when the sample form passes validation?','[\"validation passed\", \"validation failed\", \"serialized payload\"]',0,'2026-05-16 17:26:10','2026-05-16 17:26:10'),('2f30790d-5133-11f1-9abe-6c02e0d26821','ed1b33e8-5132-11f1-9abe-6c02e0d26821',NULL,'2f303811-5133-11f1-9abe-6c02e0d26821','454cf028-4f80-11f1-ba5b-00090ffe0001','multiple_choice','In the lesson \'Implement Service Workers, Cache API, and IndexedDB with TypeScript\', what does the provided starter code log to the console?','[\"service worker installed\", \"service worker activated\", \"service worker registering failed\"]',1,'2026-05-16 17:26:10','2026-05-16 17:26:10'),('2f31fa74-5133-11f1-9abe-6c02e0d26821','ed1b33e8-5132-11f1-9abe-6c02e0d26821',NULL,'2f30eea9-5133-11f1-9abe-6c02e0d26821','454cf028-4f80-11f1-ba5b-00090ffe0001','multiple_choice','In the lesson \'Design reusable generics, mapped, and conditional types for UI patterns\', what does the starter code log to the console?','[\"mapped types ready\", \"generics ready\", \"types ready\"]',1,'2026-05-16 17:26:10','2026-05-16 17:26:10'),('2f336917-5133-11f1-9abe-6c02e0d26821','ed1b33e8-5132-11f1-9abe-6c02e0d26821',NULL,'2f332530-5133-11f1-9abe-6c02e0d26821','454cf028-4f80-11f1-ba5b-00090ffe0001','multiple_choice','In the lesson \'Apply type guards, branded types, and runtime validation for safety\', what does the starter code print to the console?','[\"valid user invalid user\", \"valid user\", \"invalid user\", \"valid user valid user\"]',0,'2026-05-16 17:26:10','2026-05-16 17:26:10'),('2f33d87b-5133-11f1-9abe-6c02e0d26821','ed1b33e8-5132-11f1-9abe-6c02e0d26821',NULL,'2f3397c4-5133-11f1-9abe-6c02e0d26821','454cf028-4f80-11f1-ba5b-00090ffe0001','multiple_choice','In the lesson \'Write unit and integration tests for TypeScript web apps with Jest and testing-library\', what does the starter-code log to the console after running its internal assertions?','[\"tests passed\", \"tests failed\", \"all tests passed\", \"2 tests passed\"]',0,'2026-05-16 17:26:10','2026-05-16 17:26:10'),('2f344152-5133-11f1-9abe-6c02e0d26821','ed1b33e8-5132-11f1-9abe-6c02e0d26821',NULL,'2f340732-5133-11f1-9abe-6c02e0d26821','454cf028-4f80-11f1-ba5b-00090ffe0001','multiple_choice','In the lesson \"Optimize bundle size and performance with tree-shaking and code splitting\", what is the exact console output of the provided starter code when run without triggering the lazy load?','[\"app initialized light feature executed\", \"app initialized heavy feature executed\", \"app initialized\", \"light feature executed app initialized\"]',0,'2026-05-16 17:26:10','2026-05-16 17:26:10'),('2f34a373-5133-11f1-9abe-6c02e0d26821','ed1b33e8-5132-11f1-9abe-6c02e0d26821',NULL,'2f346f1d-5133-11f1-9abe-6c02e0d26821','454cf028-4f80-11f1-ba5b-00090ffe0001','multiple_choice','In the lesson \'Migrate an existing JavaScript web app to TypeScript incrementally and deploy\', what does running the starter code log to the console?','[\"migration ready: start incremental conversion\", \"migration ready start incremental conversion\", \"migration ready - start incremental conversion\", \"Migration ready start incremental conversion\"]',1,'2026-05-16 17:26:10','2026-05-16 17:26:10'),('358441f9-552e-11f1-9abe-6c02e0d26821','5de2c59c-551f-11f1-9abe-6c02e0d26821',NULL,'3ea6995d-5522-11f1-9abe-6c02e0d26821','454ce8f9-4f80-11f1-ba5b-00090ffe0001','multiple_choice','Apply Complexity Analysis to Simple Python Functions: What does this code print?','[\"Time: O(n)\", \"Time: O(n^2)\", \"Time: O(1)\", \"Time: O(log n)\"]',0,'2026-05-21 19:00:37','2026-05-21 19:00:37'),('36d348f5-56cd-11f1-ba5b-00090ffe0001','4f0dd6ed-2076-11f1-97b2-6c02e0d26821','603620ee-20b0-11f1-97b2-6c02e0d26821',NULL,'fb9e6f39-4f78-11f1-ba5b-00090ffe0001','multiple_choice','Which of the following is the correct way to print the text Hello, World! in Python 3?','[\"print(\\\"Hello, World!\\\")\", \"echo \\\"Hello, World!\\\"\", \"System.out.println(\\\"Hello, World!\\\")\", \"printf(\\\"Hello, World!\\\")\"]',0,'2026-05-23 20:31:21','2026-05-23 20:31:21'),('36d93e9d-56cd-11f1-ba5b-00090ffe0001','4f0dd6ed-2076-11f1-97b2-6c02e0d26821','603620ee-20b0-11f1-97b2-6c02e0d26821',NULL,'fb9e6f39-4f78-11f1-ba5b-00090ffe0001','multiple_choice','Which terminal command will most directly show the installed Python version on your system?','[\"python --version\", \"python -version\", \"pip --version\", \"python --check\"]',0,'2026-05-23 20:31:21','2026-05-23 20:31:21'),('36de96af-56cd-11f1-ba5b-00090ffe0001','4f0dd6ed-2076-11f1-97b2-6c02e0d26821','603620ee-20b0-11f1-97b2-6c02e0d26821',NULL,'fb9e6f39-4f78-11f1-ba5b-00090ffe0001','multiple_choice','Given these variable assignments: name = \"Lane\", age = 22, height = 1.65 — what is the data type of height?','[\"Integer\", \"Float\", \"String\", \"Boolean\"]',1,'2026-05-23 20:31:21','2026-05-23 20:31:21'),('36e3cab0-56cd-11f1-ba5b-00090ffe0001','4f0dd6ed-2076-11f1-97b2-6c02e0d26821','603620ee-20b0-11f1-97b2-6c02e0d26821',NULL,'fb9e6f39-4f78-11f1-ba5b-00090ffe0001','true_false','In Python, indentation is used to define blocks of code (for example, the body of a function or a loop).','[\"True\", \"False\"]',0,'2026-05-23 20:31:21','2026-05-23 20:31:21'),('36e84b57-56cd-11f1-ba5b-00090ffe0001','4f0dd6ed-2076-11f1-97b2-6c02e0d26821','603620ee-20b0-11f1-97b2-6c02e0d26821',NULL,'fb9e6f39-4f78-11f1-ba5b-00090ffe0001','written','What is the exact output produced by this Python statement? print(\"Welcome to the Python course!\")','[\"Welcome to the Python course!\"]',0,'2026-05-23 20:31:21','2026-05-23 20:31:21'),('3c0f5409-5478-11f1-9abe-6c02e0d26821','5e6bb404-5476-11f1-9abe-6c02e0d26821',NULL,'3c08ccfe-5478-11f1-9abe-6c02e0d26821','454cfc91-4f80-11f1-ba5b-00090ffe0001','multiple_choice','In \"What C Is and How C Programs Execute\", what does add(2, 3) return?','[\"5\", \"runtime error\", \"no output\", \"undefined\"]',0,'2026-05-20 21:18:00','2026-05-20 21:18:00'),('3c19a8e8-5478-11f1-9abe-6c02e0d26821','5e6bb404-5476-11f1-9abe-6c02e0d26821',NULL,'3c186597-5478-11f1-9abe-6c02e0d26821','454cfc91-4f80-11f1-ba5b-00090ffe0001','multiple_choice','What does the Set Up a C Development Environment starter program print?','[\"Setup verified: Hello, C!\\\\n\", \"Setup verified: Hello, C!\", \"Hello, C!\\\\n\", \"Setup verified - Hello, C!\\\\n\"]',0,'2026-05-20 21:18:00','2026-05-20 21:18:00'),('3c1be3fd-5478-11f1-9abe-6c02e0d26821','5e6bb404-5476-11f1-9abe-6c02e0d26821',NULL,'3c1aa324-5478-11f1-9abe-6c02e0d26821','454cfc91-4f80-11f1-ba5b-00090ffe0001','multiple_choice','What does the Write and Run Your First C Program starter code print when run without arguments?','[\"Hello, World!\\\\n\", \"Hello, World!\", \"Hello, argv[1]!\\\\n\", \"Hello, Guest!\\\\n\"]',0,'2026-05-20 21:18:00','2026-05-20 21:18:00'),('3c1eb2c6-5478-11f1-9abe-6c02e0d26821','5e6bb404-5476-11f1-9abe-6c02e0d26821',NULL,'3c1ce64e-5478-11f1-9abe-6c02e0d26821','454cfc91-4f80-11f1-ba5b-00090ffe0001','multiple_choice','What does Debug Compilation Errors and Warnings print?','[\"Hello, debugging! Errors fixed: 2 Warnings fixed: 1\", \"Hello, debugging! Errors fixed: 1 Warnings fixed: 1\", \"Hello debugging! Errors fixed: 2 Warnings fixed: 1\", \"Hello, debugging! Errors fixed: 2 Warnings fixed: 0\"]',0,'2026-05-20 21:18:00','2026-05-20 21:18:00'),('3c20ab13-5478-11f1-9abe-6c02e0d26821','5e6bb404-5476-11f1-9abe-6c02e0d26821',NULL,'3c1fab94-5478-11f1-9abe-6c02e0d26821','454cfc91-4f80-11f1-ba5b-00090ffe0001','multiple_choice','What does the \'Explain C Data Types and Variables\' program print?','[\"int a=5 double pi=3.14 char ch=A const c=10 size_t len=3 auto_counter=1 static_counter=1 g_counter=1 auto_counter=1 static_counter=2 g_counter=2\", \"int a=5 double pi=3.140000 char ch=A const c=10 size_t len=3 auto_counter=1 static_counter=1 g_counter=1 auto_counter=1 static_counter=2 g_counter=2\", \"int a=5 double pi=3.14 char ch=A const c=10 size_t len=3 auto_counter=1 static_counter=1 g_counter=1 auto_counter=2 static_counter=2 g_counter=2\", \"int a=5 double pi=3.14 char ch=A const c=10 size_t len=3 auto_counter=0 static_counter=1 g_counter=1 auto_counter=0 static_counter=2 g_counter=2\"]',0,'2026-05-20 21:18:00','2026-05-20 21:18:00'),('3c21f0a8-5478-11f1-9abe-6c02e0d26821','5e6bb404-5476-11f1-9abe-6c02e0d26821',NULL,'3c2152c6-5478-11f1-9abe-6c02e0d26821','454cfc91-4f80-11f1-ba5b-00090ffe0001','multiple_choice','What does Use Operators and Expressions in C print for 9 / 4?','[\"Arithmetic: 9 + 4 = 13 9 - 4 = 5 9 * 4 = 36 9 / 4 = 2 9 % 4 = 1 Relational: 9 > 4 = 1 9 <= 4 = 0 Logical: (9 > 4) && (4 != 0) = 1 (9 < 4) || (4 == 4) = 1 Bitwise: 9 & 4 = 0 9 | 4 = 13 9 ^ 4 = 13 9 << 1 = 18 4 >> 1 = 2\", \"Arithmetic: 9 + 4 = 13 9 - 4 = 5 9 * 4 = 36 9 / 4 = 2.25 9 % 4 = 1 Relational: 9 > 4 = 1 9 <= 4 = 0 Logical: (9 > 4) && (4 != 0) = 1 (9 < 4) || (4 == 4) = 1 Bitwise: 9 & 4 = 0 9 | 4 = 13 9 ^ 4 = 13 9 << 1 = 18 4 >> 1 = 2\", \"Arithmetic: 9 + 4 = 13 9 - 4 = 5 9 * 4 = 36 9 / 4 = 2 9 % 4 = 1 Relational: 9 > 4 = 1 9 <= 4 = 0 Logical: (9 > 4) && (4 != 0) = 1 (9 < 4) || (4 == 4) = 1 Bitwise: 9 & 4 = 0 9 | 4 = 13 9 ^ 4 = 13 9 << 1 = 19 4 >> 1 = 2\", \"Arithmetic: 9 + 4 = 13 9 - 4 = 5 9 * 4 = 36 9 / 4 = 2 9 % 4 = 1 Relational: 9 > 4 = 1 9 <= 4 = 0 Logical: (9 > 4) && (4 != 0) = true (9 < 4) || (4 == 4) = true Bitwise: 9 & 4 = 0 9 | 4 = 13 9 ^ 4 = 13 9 << 1 = 18 4 >> 1 = 2\"]',0,'2026-05-20 21:18:00','2026-05-20 21:18:00'),('3c23e4e1-5478-11f1-9abe-6c02e0d26821','5e6bb404-5476-11f1-9abe-6c02e0d26821',NULL,'3c2289ef-5478-11f1-9abe-6c02e0d26821','454cfc91-4f80-11f1-ba5b-00090ffe0001','multiple_choice','What does this program print when run in Implement Control Flow with if, switch, and Loops?','[\"5 is odd switch: matched 5 for: 1 2 3 while: 3 2 1 do/while sum: 6\", \"5 is odd switch: matched 5 for: 1 2 3 while: 1 2 3 do/while sum: 6\", \"5 is even switch: matched 5 for: 1 2 3 while: 3 2 1 do/while sum: 6\", \"5 is odd switch: matched 1 for: 1 2 3 while: 3 2 1 do/while sum: 6\"]',0,'2026-05-20 21:18:00','2026-05-20 21:18:00'),('3c25f64e-5478-11f1-9abe-6c02e0d26821','5e6bb404-5476-11f1-9abe-6c02e0d26821',NULL,'3c245e0a-5478-11f1-9abe-6c02e0d26821','454cfc91-4f80-11f1-ba5b-00090ffe0001','multiple_choice','What does the starter program in \'Detect and Fix Common Runtime Logic Errors\' print?','[\"Sum: 15 Count > 3: 2\", \"Sum: 14 Count > 3: 2\", \"Sum: 15 Count > 3: 3\", \"Sum: 15 Count > 3: 2\"]',0,'2026-05-20 21:18:00','2026-05-20 21:18:00'),('3c2acd73-5478-11f1-9abe-6c02e0d26821','5e6bb404-5476-11f1-9abe-6c02e0d26821',NULL,'3c292913-5478-11f1-9abe-6c02e0d26821','454cfc91-4f80-11f1-ba5b-00090ffe0001','multiple_choice','What does this code print? (Define and Use Functions and Header Files)','[\"Sum: 7 Product: 12\", \"Sum: 7 Product: 12\", \"Product: 12 Sum: 7\", \"Sum: 6 Product: 12\"]',0,'2026-05-20 21:18:00','2026-05-20 21:18:00'),('3c2e1e7b-5478-11f1-9abe-6c02e0d26821','5e6bb404-5476-11f1-9abe-6c02e0d26821',NULL,'3c2b75d6-5478-11f1-9abe-6c02e0d26821','454cfc91-4f80-11f1-ba5b-00090ffe0001','multiple_choice','What does the \'Use Pointers to Access and Modify Memory\' starter code print?','[\"Before: a = 10 Value via pointer: 10 After: a = 20\", \"Before: a = 10 Value via pointer: 20 After: a = 20\", \"Before: a = 10 After: a = 20\", \"a = 10 Value via pointer = 10 a = 20\"]',0,'2026-05-20 21:18:00','2026-05-20 21:18:00'),('3c2ed1bd-5478-11f1-9abe-6c02e0d26821','5e6bb404-5476-11f1-9abe-6c02e0d26821',NULL,'3c2e77f0-5478-11f1-9abe-6c02e0d26821','454cfc91-4f80-11f1-ba5b-00090ffe0001','multiple_choice','What does Manipulate Arrays and C Strings with Pointers print?','[\"Original: Hello Length: 5 After copy: Hi Chars: Hi Modified: Yi\", \"Original: Hello Length: 4 After copy: Hi Chars: Hi Modified: Yi\", \"Original: Hello Length: 5 After copy: Hello Chars: Hello Modified: Yi\", \"Original: Hello Length: 5 After copy: Hi Chars: H i Modified: Yi\"]',0,'2026-05-20 21:18:00','2026-05-20 21:18:00'),('3c3132a9-5478-11f1-9abe-6c02e0d26821','5e6bb404-5476-11f1-9abe-6c02e0d26821',NULL,'3c2f13f7-5478-11f1-9abe-6c02e0d26821','454cfc91-4f80-11f1-ba5b-00090ffe0001','multiple_choice','What does Manage Dynamic Memory and Handle Memory Errors starter program print?','[\"Allocated 5 ints. Values: 1 2 3 4 5 Resized to 8 ints. Values after resize: 1 2 3 4 5 6 7 8 Memory freed and pointer set to NULL.\", \"Allocated 5 ints. Values: 1 2 3 4 5 Resized to 8 ints. Values after resize: 1 2 3 4 5 6 7 Memory freed and pointer set to NULL.\", \"Allocation failed Reallocation failed\", \"Allocated 5 ints. Values: 1 2 3 4 5 Resized to 8 ints. Values after resize: 1 2 3 4 5 6 7 8 Memory freed and pointer set to NULL.\"]',0,'2026-05-20 21:18:00','2026-05-20 21:18:00'),('3c3598c5-5478-11f1-9abe-6c02e0d26821','5e6bb404-5476-11f1-9abe-6c02e0d26821',NULL,'3c346353-5478-11f1-9abe-6c02e0d26821','454cfc91-4f80-11f1-ba5b-00090ffe0001','multiple_choice','What does the \'Perform File Input and Output in C\' starter program print?','[\"Wrote 38 bytes to example.txt READ: Hello, File I/O in C! READ: This is a test.\", \"Wrote 37 bytes to example.txt READ: Hello, File I/O in C! READ: This is a test.\", \"READ: Hello, File I/O in C! READ: This is a test. Wrote 38 bytes to example.txt\", \"Wrote 38 bytes to example.txt Hello, File I/O in C! This is a test.\"]',0,'2026-05-20 21:18:00','2026-05-20 21:18:00'),('3c367aa9-5478-11f1-9abe-6c02e0d26821','5e6bb404-5476-11f1-9abe-6c02e0d26821',NULL,'3c360637-5478-11f1-9abe-6c02e0d26821','454cfc91-4f80-11f1-ba5b-00090ffe0001','multiple_choice','What does Create a Command-Line Utility in C print when run without arguments?','[\"demo1.txt:1:Hello world\\\\ndemo1.txt:2:C is fun\\\\ndemo2.txt:1:Line one in file two\\\\ndemo2.txt:2:Another line\\\\n\", \"demo1.txt:1:Hello world\\\\ndemo2.txt:1:Line one in file two\\\\ndemo1.txt:2:C is fun\\\\ndemo2.txt:2:Another line\\\\n\", \"1:Hello world\\\\n2:C is fun\\\\n1:Line one in file two\\\\n2:Another line\\\\n\", \"demo1.txt:1:Hello world\\\\ndemo1.txt:2:C is fun\\\\ndemo2.txt:1:Line one in file two\\\\n\"]',0,'2026-05-20 21:18:00','2026-05-20 21:18:00'),('3c387529-5478-11f1-9abe-6c02e0d26821','5e6bb404-5476-11f1-9abe-6c02e0d26821',NULL,'3c37a92e-5478-11f1-9abe-6c02e0d26821','454cfc91-4f80-11f1-ba5b-00090ffe0001','multiple_choice','What is the program\'s full output in Implement a Simple Linked List Data Structure?','[\"List: 5 -> 10 -> 20 -> NULL\\\\nList after deleting 10: 5 -> 20 -> NULL\\\\nList after deleting 5: 20 -> NULL\\\\n\", \"List: 10 -> 5 -> 20 -> NULL\\\\nList after deleting 10: 5 -> 20 -> NULL\\\\nList after deleting 5: 20 -> NULL\\\\n\", \"List: 5 -> 10 -> 20 -> NULL\\\\nList after deleting 10: 5 -> NULL\\\\nList after deleting 5: 20 -> NULL\\\\n\", \"List: 5 -> 10 -> 20 -> NULL\\\\nList after deleting 10: 5 -> 20 -> NULL\\\\nList after deleting 5: NULL\\\\n\"]',0,'2026-05-20 21:18:00','2026-05-20 21:18:00'),('3c3a6338-5478-11f1-9abe-6c02e0d26821','5e6bb404-5476-11f1-9abe-6c02e0d26821',NULL,'3c38dc50-5478-11f1-9abe-6c02e0d26821','454cfc91-4f80-11f1-ba5b-00090ffe0001','multiple_choice','What does the \'Test, Debug, and Optimize C Programs\' starter code print?','[\"Sum(index): 5050 Sum(ptr): 5050 Index loop iterations: 100 Pointer loop iterations: 100 All tests passed.\", \"Sum(index): 5050 Sum(ptr): 5050 Index loop iterations: 99 Pointer loop iterations: 100 All tests passed.\", \"Sum(index): 5050 Sum(ptr): 5051 Index loop iterations: 100 Pointer loop iterations: 100 All tests passed.\", \"Test failed: sums differ\"]',0,'2026-05-20 21:18:00','2026-05-20 21:18:00'),('3eae858c-5522-11f1-9abe-6c02e0d26821','5de2c59c-551f-11f1-9abe-6c02e0d26821',NULL,'3eaddc83-5522-11f1-9abe-6c02e0d26821','454ce8f9-4f80-11f1-ba5b-00090ffe0001','multiple_choice','What does \'Apply Linked Lists: Implement and Traverse a Singly Linked List\' starter code print?','[\"[5, 10, 15]\", \"[10, 5, 15]\", \"[5, 15, 10]\", \"[5,10,15]\"]',0,'2026-05-21 17:34:59','2026-05-21 17:34:59'),('3eb06220-5522-11f1-9abe-6c02e0d26821','5de2c59c-551f-11f1-9abe-6c02e0d26821',NULL,'3eb01aeb-5522-11f1-9abe-6c02e0d26821','454ce8f9-4f80-11f1-ba5b-00090ffe0001','multiple_choice','In Handle Edge Cases in Linked List Operations, what is the full printed output?','[\"Initial list: [] After delete from empty: [] List with one node: [5] After deleting only node: [] Before deleting tail: [1, 2, 3] After deleting tail: [1, 2] Cycle detected: True\", \"Initial list: [] After delete from empty: [] List with one node: [5] After deleting only node: [] Before deleting tail: [1, 2, 3] After deleting tail: [1, 2] Cycle detected: False\", \"Initial list: [] After delete from empty: [] List with one node: [5] After deleting only node: [] Before deleting tail: [1, 2, 3] After deleting tail: [1, 2, 3] Cycle detected: True\", \"Initial list: [] After delete from empty: [] List with one node: [5] After deleting only node: [] Before deleting tail: [1, 2] After deleting tail: [1] Cycle detected: True\"]',0,'2026-05-21 17:34:59','2026-05-21 17:34:59'),('3eb8d24d-5522-11f1-9abe-6c02e0d26821','5de2c59c-551f-11f1-9abe-6c02e0d26821',NULL,'3eb2b548-5522-11f1-9abe-6c02e0d26821','454ce8f9-4f80-11f1-ba5b-00090ffe0001','multiple_choice','What is the output of Define Hash Tables and Python dict Behavior?','[\"[[], [(1, \'one\'), (4, \'four\'), (7, \'seven\')], [(2, \'two\')]]\\\\nfour\\\\nNone\", \"[[], [(1, \'one\'), (7, \'seven\'), (4, \'four\')], [(2, \'two\')]]\\\\nfour\\\\nNone\", \"[[(1, \'one\')], [(4, \'four\'), (7, \'seven\')], [(2, \'two\')]]\\\\nfour\\\\nNone\", \"[[], [(1, \'one\'), (4, \'four\')], [(2, \'two\'), (7, \'seven\')]]\\\\nseven\\\\nNone\"]',0,'2026-05-21 17:34:59','2026-05-21 17:34:59'),('3eb95789-5522-11f1-9abe-6c02e0d26821','5de2c59c-551f-11f1-9abe-6c02e0d26821',NULL,'3eb90ff3-5522-11f1-9abe-6c02e0d26821','454ce8f9-4f80-11f1-ba5b-00090ffe0001','multiple_choice','What does Demonstrate Heaps and Priority Queues with heapq print?','[\"Min-heap popped: 0 1 Max-heap popped: 8 7\", \"Min-heap popped: 1 0 Max-heap popped: 8 7\", \"Min-heap popped: 0 1 Max-heap popped: 7 8\", \"Min-heap popped: 0 1 Max-heap popped: 8 5\"]',0,'2026-05-21 17:34:59','2026-05-21 17:34:59'),('3eba944a-5522-11f1-9abe-6c02e0d26821','5de2c59c-551f-11f1-9abe-6c02e0d26821',NULL,'3eba3830-5522-11f1-9abe-6c02e0d26821','454ce8f9-4f80-11f1-ba5b-00090ffe0001','multiple_choice','What does this code print for pre-order in Apply Binary Trees: Implement Traversals and Recursive Operations?','[\"Pre-order: [1, 2, 4, 5, 3, 6] In-order: [4, 2, 5, 1, 6, 3] Post-order: [4, 5, 2, 6, 3, 1]\", \"Pre-order: [1, 2, 5, 4, 3, 6] In-order: [4, 2, 5, 1, 6, 3] Post-order: [5, 4, 2, 6, 3, 1]\", \"Pre-order: [1, 3, 6, 2, 4, 5] In-order: [4, 2, 5, 1, 6, 3] Post-order: [4, 5, 2, 6, 3, 1]\", \"Pre-order: [1, 2, 4, 3, 5, 6] In-order: [4, 2, 5, 1, 6, 3] Post-order: [4, 5, 2, 6, 3, 1]\"]',0,'2026-05-21 17:34:59','2026-05-21 17:34:59'),('3ec4b5fa-5522-11f1-9abe-6c02e0d26821','5de2c59c-551f-11f1-9abe-6c02e0d26821',NULL,'3ebb2eb0-5522-11f1-9abe-6c02e0d26821','454ce8f9-4f80-11f1-ba5b-00090ffe0001','multiple_choice','What does this code print for Handle Binary Search Trees: Insert, Delete, and Degenerate Cases?','[\"Final inorder traversal: [10, 40, 60, 70, 80] Search 30: False Search 60: True\", \"Final inorder traversal: [20, 40, 60, 70, 80] Search 30: False Search 60: True\", \"Final inorder traversal: [10, 40, 60, 70, 80] Search 30: True Search 60: True\", \"Final inorder traversal: [10, 20, 40, 50, 60, 70, 80] Search 30: False Search 60: True\"]',0,'2026-05-21 17:34:59','2026-05-21 17:34:59'),('3ec57a34-5522-11f1-9abe-6c02e0d26821','5de2c59c-551f-11f1-9abe-6c02e0d26821',NULL,'3ec506ed-5522-11f1-9abe-6c02e0d26821','454ce8f9-4f80-11f1-ba5b-00090ffe0001','multiple_choice','What does this code print for Optimize Tree Structures: When to Use Balanced Trees or Heaps?','[\"1 True False\", \"1 True True\", \"7 True False\", \"1 False False\"]',0,'2026-05-21 17:34:59','2026-05-21 17:34:59'),('3ec75346-5522-11f1-9abe-6c02e0d26821','5de2c59c-551f-11f1-9abe-6c02e0d26821',NULL,'3ec6efa0-5522-11f1-9abe-6c02e0d26821','454ce8f9-4f80-11f1-ba5b-00090ffe0001','multiple_choice','What does the starterCode print in Define Graphs: Representations and Terminology?','[\"Adjacency List: 0: [1, 2] 1: [0, 2] 2: [0, 1, 3] 3: [2] Adjacency Matrix: [0, 1, 1, 0] [1, 0, 1, 0] [1, 1, 0, 1] [0, 0, 1, 0]\", \"Adjacency List: 0: [2, 1] 1: [0, 2] 2: [0, 1, 3] 3: [2] Adjacency Matrix: [0, 1, 1, 0] [1, 0, 1, 0] [1, 1, 0, 1] [0, 0, 1, 0]\", \"Adjacency List: 0: [1, 2] 1: [0, 2] 2: [0, 1] 3: [2] Adjacency Matrix: [0, 1, 1, 0] [1, 0, 1, 0] [1, 1, 0, 0] [0, 0, 0, 0]\", \"Adjacency List: 0: [1, 2] 1: [0, 2] 2: [0, 1, 3] 3: [2] Adjacency Matrix: [1, 1, 1, 0] [1, 0, 1, 0] [1, 1, 0, 1] [0, 0, 1, 0]\"]',0,'2026-05-21 17:34:59','2026-05-21 17:34:59'),('3ec99c8b-5522-11f1-9abe-6c02e0d26821','5de2c59c-551f-11f1-9abe-6c02e0d26821',NULL,'3ec8a0cd-5522-11f1-9abe-6c02e0d26821','454ce8f9-4f80-11f1-ba5b-00090ffe0001','multiple_choice','What does the \'Demonstrate BFS and DFS Traversals in Python\' starter code print?','[\"BFS: [0, 1, 2, 3, 4, 5] DFS: [0, 1, 3, 4, 5, 2]\", \"BFS: [0, 2, 1, 5, 3, 4] DFS: [0, 2, 5, 4, 1, 3]\", \"BFS: [0, 1, 2, 4, 3, 5] DFS: [0, 1, 4, 5, 2, 3]\", \"BFS: [0, 1, 2, 3, 4] DFS: [0, 1, 3, 4, 5, 2]\"]',0,'2026-05-21 17:34:59','2026-05-21 17:34:59'),('3eca2463-5522-11f1-9abe-6c02e0d26821','5de2c59c-551f-11f1-9abe-6c02e0d26821',NULL,'3ec9d621-5522-11f1-9abe-6c02e0d26821','454ce8f9-4f80-11f1-ba5b-00090ffe0001','multiple_choice','What does the starter code print for Apply Shortest Path Algorithms: Dijkstra with Heaps?','[\"A: 0 B: 1 C: 3 D: 4 E: 7\", \"A: 0 B: 1 C: 4 D: 5 E: 8\", \"A: 0 B: 2 C: 3 D: 4 E: 7\", \"A: 0 B: 1 C: 3 D: 5 E: 8\"]',0,'2026-05-21 17:34:59','2026-05-21 17:34:59'),('3ecb781a-5522-11f1-9abe-6c02e0d26821','5de2c59c-551f-11f1-9abe-6c02e0d26821',NULL,'3ecad780-5522-11f1-9abe-6c02e0d26821','454ce8f9-4f80-11f1-ba5b-00090ffe0001','multiple_choice','What does \'Optimize Graph Algorithms for Sparse vs Dense Graphs\' starter code print?','[\"Adjacency list neighbor checks: 14 Adjacency matrix neighbor checks: 36 Edge-existence checks cost (list): 20 Edge-existence checks cost (matrix): 10 Recommended for traversal: adj_list Recommended for edge-existence queries: adj_matrix\", \"Adjacency list neighbor checks: 14 Adjacency matrix neighbor checks: 36 Edge-existence checks cost (list): 10 Edge-existence checks cost (matrix): 20 Recommended for traversal: adj_matrix Recommended for edge-existence queries: adj_list\", \"Adjacency list neighbor checks: 36 Adjacency matrix neighbor checks: 14 Edge-existence checks cost (list): 20 Edge-existence checks cost (matrix): 10 Recommended for traversal: adj_matrix Recommended for edge-existence queries: adj_matrix\", \"Adjacency list neighbor checks: 14 Adjacency matrix neighbor checks: 36 Edge-existence checks cost (list): 20 Edge-existence checks cost (matrix): 10 Recommended for traversal: adj_list Recommended for edge-existence queries: adj_list\"]',0,'2026-05-21 17:34:59','2026-05-21 17:34:59'),('3eccfc39-5522-11f1-9abe-6c02e0d26821','5de2c59c-551f-11f1-9abe-6c02e0d26821',NULL,'3ecc8a6a-5522-11f1-9abe-6c02e0d26821','454ce8f9-4f80-11f1-ba5b-00090ffe0001','multiple_choice','What does the Define Algorithm Design Patterns for Problem Solving starter code print?','[\"Max sum for k=4 is 38\", \"Max sum for k=4 is 39\", \"Max sum for k=3 is 39\", \"Max subarray sum for k=4 is 39\"]',1,'2026-05-21 17:34:59','2026-05-21 17:34:59'),('3ecdaa4c-5522-11f1-9abe-6c02e0d26821','5de2c59c-551f-11f1-9abe-6c02e0d26821',NULL,'3ecd5fb2-5522-11f1-9abe-6c02e0d26821','454ce8f9-4f80-11f1-ba5b-00090ffe0001','multiple_choice','What does Divide and Conquer: Merge Sort and Quick Sort print?','[\"Merge: [1, 1, 2, 3, 4, 5, 6, 9]\\\\nQuick: [1, 1, 2, 3, 4, 5, 6, 9]\", \"Merge: [1, 2, 3, 4, 5, 6, 9]\\\\nQuick: [1, 1, 2, 3, 4, 5, 6, 9]\", \"Quick: [1, 1, 2, 3, 4, 5, 6, 9]\\\\nMerge: [1, 1, 2, 3, 4, 5, 6, 9]\", \"Merge: [1, 1, 2, 3, 4, 5, 6, 9]\\\\nQuick: [1, 2, 3, 4, 5, 6, 9]\"]',0,'2026-05-21 17:34:59','2026-05-21 17:34:59'),('3ecedcd2-5522-11f1-9abe-6c02e0d26821','5de2c59c-551f-11f1-9abe-6c02e0d26821',NULL,'3ece8601-5522-11f1-9abe-6c02e0d26821','454ce8f9-4f80-11f1-ba5b-00090ffe0001','multiple_choice','What does \'Apply Dynamic Programming to Classic Problems\' starter code print?','[\"memo: 55 tab: 55\", \"memo: 34 tab: 55\", \"memo: 55 tab: 89\", \"memo: 10 tab: 10\"]',0,'2026-05-21 17:34:59','2026-05-21 17:34:59'),('3ecfde11-5522-11f1-9abe-6c02e0d26821','5de2c59c-551f-11f1-9abe-6c02e0d26821',NULL,'3ecfa011-5522-11f1-9abe-6c02e0d26821','454ce8f9-4f80-11f1-ba5b-00090ffe0001','multiple_choice','What does the starterCode print in Optimize and Prepare Solutions for Interviews and Production?','[\"[0, 1]\\\\noperations: 2\", \"[1, 0]\\\\noperations: 2\", \"[0, 1]\\\\noperations: 4\", \"[]\\\\noperations: 4\"]',0,'2026-05-21 17:34:59','2026-05-21 17:34:59'),('55da6544-4fd8-11f1-9abe-6c02e0d26821','dde5cde4-4fcc-11f1-9abe-6c02e0d26821',NULL,NULL,'454cde6d-4f80-11f1-ba5b-00090ffe0001','multiple_choice','What primary responsibilities does Express provide on top of Node\'s HTTP module?','[\"Routing and middleware composition\", \"Automatic database integration\", \"Rendering desktop applications\", \"Replacing Node\'s event loop\"]',0,'2026-05-15 00:03:19','2026-05-15 00:03:19'),('55db853b-4fd8-11f1-9abe-6c02e0d26821','dde5cde4-4fcc-11f1-9abe-6c02e0d26821',NULL,NULL,'454cde6d-4f80-11f1-ba5b-00090ffe0001','multiple_choice','If you have routes \'/users/:id\' and \'/users/me\', which should you register first to ensure \'/users/me\' is matched for the literal path?','[\"Register \'/users/:id\' first\", \"Register \'/users/me\' first\", \"Order does not matter\", \"Use only one of them\"]',1,'2026-05-15 00:03:19','2026-05-15 00:03:19'),('55dc4b16-4fd8-11f1-9abe-6c02e0d26821','dde5cde4-4fcc-11f1-9abe-6c02e0d26821',NULL,NULL,'454cde6d-4f80-11f1-ba5b-00090ffe0001','written','Explain why the service layer should be independent of Express request/response objects.','[\"Keeping services independent makes them easier to unit-test, reusable across transports (e.g., scheduled jobs), and less tightly coupled to the HTTP framework, enabling clearer separation of concerns.\"]',0,'2026-05-15 00:03:19','2026-05-15 00:03:19'),('55de1793-4fd8-11f1-9abe-6c02e0d26821','dde5cde4-4fcc-11f1-9abe-6c02e0d26821',NULL,NULL,'454cde6d-4f80-11f1-ba5b-00090ffe0001','true_false','Middleware registered earlier runs before middleware registered later.','[\"True\", \"False\"]',0,'2026-05-15 00:03:19','2026-05-15 00:03:19'),('55de99f9-4fd8-11f1-9abe-6c02e0d26821','dde5cde4-4fcc-11f1-9abe-6c02e0d26821',NULL,NULL,'454cde6d-4f80-11f1-ba5b-00090ffe0001','multiple_choice','What is the main advantage of a centralized error handler in Express?','[\"It makes the server run faster\", \"It standardizes error responses and logging\", \"It automatically fixes bugs\", \"It replaces middleware\"]',1,'2026-05-15 00:03:19','2026-05-15 00:03:19'),('55df1269-4fd8-11f1-9abe-6c02e0d26821','dde5cde4-4fcc-11f1-9abe-6c02e0d26821',NULL,NULL,'454cde6d-4f80-11f1-ba5b-00090ffe0001','multiple_choice','Which is a reasonable validation for a user password in an API?','[\"Allow empty string passwords\", \"Require a minimum length and character constraints\", \"Store the password as plain text after validation\", \"Skip validation and trust the client\"]',1,'2026-05-15 00:03:19','2026-05-15 00:03:19'),('55dfd57a-4fd8-11f1-9abe-6c02e0d26821','dde5cde4-4fcc-11f1-9abe-6c02e0d26821',NULL,NULL,'454cde6d-4f80-11f1-ba5b-00090ffe0001','multiple_choice','Where should database queries ideally live in a well-structured Express app?','[\"Directly in route definitions\", \"In the service (or repository) layer\", \"Inside middleware only\", \"In the client code\"]',1,'2026-05-15 00:03:19','2026-05-15 00:03:19'),('55e14b3c-4fd8-11f1-9abe-6c02e0d26821','dde5cde4-4fcc-11f1-9abe-6c02e0d26821',NULL,NULL,'454cde6d-4f80-11f1-ba5b-00090ffe0001','multiple_choice','What does wrapping an async route handler with a helper (asyncHandler) primarily achieve?','[\"Makes the function synchronous\", \"Ensures rejected promises are forwarded to error handlers\", \"Increases performance\", \"Prevents use of await\"]',1,'2026-05-15 00:03:19','2026-05-15 00:03:19'),('55e209f4-4fd8-11f1-9abe-6c02e0d26821','dde5cde4-4fcc-11f1-9abe-6c02e0d26821',NULL,NULL,'454cde6d-4f80-11f1-ba5b-00090ffe0001','multiple_choice','Why is it useful to have both request-level and model-level validation?','[\"Model-level is obsolete if request-level exists\", \"Both increase redundancy but are unnecessary\", \"Request-level prevents bad requests early; model-level enforces invariants at persistence\", \"They are the same and one is sufficient\"]',2,'2026-05-15 00:03:19','2026-05-15 00:03:19'),('55e2b340-4fd8-11f1-9abe-6c02e0d26821','dde5cde4-4fcc-11f1-9abe-6c02e0d26821',NULL,NULL,'454cde6d-4f80-11f1-ba5b-00090ffe0001','multiple_choice','What is a security risk when using JWTs if you store sensitive data in the payload?','[\"JWT payloads are encrypted by default\", \"JWT payloads are readable and can expose sensitive information\", \"JWTs cannot be revoked\", \"JWTs always expire immediately\"]',1,'2026-05-15 00:03:19','2026-05-15 00:03:19'),('55e32ee0-4fd8-11f1-9abe-6c02e0d26821','dde5cde4-4fcc-11f1-9abe-6c02e0d26821',NULL,NULL,'454cde6d-4f80-11f1-ba5b-00090ffe0001','multiple_choice','Which of the following helps prevent cross-site scripting (XSS) issues in API responses?','[\"Sending raw HTML in JSON responses\", \"Setting appropriate Content Security Policy headers and sanitizing inputs\", \"Allowing all origins in CORS\", \"Using only HTTP (not HTTPS)\"]',1,'2026-05-15 00:03:19','2026-05-15 00:03:19'),('55e3b77b-4fd8-11f1-9abe-6c02e0d26821','dde5cde4-4fcc-11f1-9abe-6c02e0d26821',NULL,NULL,'454cde6d-4f80-11f1-ba5b-00090ffe0001','multiple_choice','Which test type should be the fastest and most numerous in your test suite?','[\"End-to-end tests\", \"Integration tests\", \"Unit tests\", \"Manual tests\"]',2,'2026-05-15 00:03:19','2026-05-15 00:03:19'),('55e43689-4fd8-11f1-9abe-6c02e0d26821','dde5cde4-4fcc-11f1-9abe-6c02e0d26821',NULL,NULL,'454cde6d-4f80-11f1-ba5b-00090ffe0001','multiple_choice','Which is a recommended practice when creating production Docker images for Node apps?','[\"Include devDependencies in the final image\", \"Use multi-stage builds to minimize final image size\", \"Store secrets in the image environment variables\", \"Run the app as root user\"]',1,'2026-05-15 00:03:19','2026-05-15 00:03:19'),('5cd09060-552d-11f1-9abe-6c02e0d26821','5de2c59c-551f-11f1-9abe-6c02e0d26821',NULL,'3ea1e149-5522-11f1-9abe-6c02e0d26821','454ce8f9-4f80-11f1-ba5b-00090ffe0001','multiple_choice','What does this code print for Demonstrate Python Data Types and Constructs for Algorithms?','[\"[1, 2, 3, 4, 5] {3: 3, 1: 2, 2: 2, 4: 1, 5: 1}\", \"[3, 1, 2, 4, 5] {3: 3, 1: 2, 2: 2, 4: 1, 5: 1}\", \"[1, 2, 3, 4, 5] {1: 2, 2: 2, 3: 3, 4: 1, 5: 1}\", \"[1, 2, 3, 4, 5] {1: 3, 2: 2, 3: 2, 4: 1, 5: 1}\"]',0,'2026-05-21 18:54:34','2026-05-21 18:54:34'),('658c9f6b-4fce-11f1-9abe-6c02e0d26821','dde5cde4-4fcc-11f1-9abe-6c02e0d26821',NULL,NULL,'454cde6d-4f80-11f1-ba5b-00090ffe0001','multiple_choice','Which command initializes a new Node.js project and creates package.json?','[\"npm install express\", \"npm init\", \"node server.js\", \"npm start\"]',1,'2026-05-14 22:52:11','2026-05-14 22:52:11'),('658dc582-4fce-11f1-9abe-6c02e0d26821','dde5cde4-4fcc-11f1-9abe-6c02e0d26821',NULL,NULL,'454cde6d-4f80-11f1-ba5b-00090ffe0001','true_false','Express is a framework built on top of Node.js to make web servers easier to write.','[\"True\", \"False\"]',0,'2026-05-14 22:52:11','2026-05-14 22:52:11'),('658fd1b5-4fce-11f1-9abe-6c02e0d26821','dde5cde4-4fcc-11f1-9abe-6c02e0d26821',NULL,NULL,'454cde6d-4f80-11f1-ba5b-00090ffe0001','multiple_choice','Which method starts the Express server and listens on a port?','[\"app.run()\", \"app.listen()\", \"express.listen()\", \"server.start()\"]',1,'2026-05-14 22:52:11','2026-05-14 22:52:11'),('65907a8f-4fce-11f1-9abe-6c02e0d26821','dde5cde4-4fcc-11f1-9abe-6c02e0d26821',NULL,NULL,'454cde6d-4f80-11f1-ba5b-00090ffe0001','multiple_choice','What does app.use(express.json()) do?','[\"Serves static files\", \"Parses incoming JSON request payloads\", \"Encrypts request bodies\", \"Starts the server\"]',1,'2026-05-14 22:52:11','2026-05-14 22:52:11'),('6590fe48-4fce-11f1-9abe-6c02e0d26821','dde5cde4-4fcc-11f1-9abe-6c02e0d26821',NULL,NULL,'454cde6d-4f80-11f1-ba5b-00090ffe0001','written','Explain why centralized error handling is preferred to try/catch in every route.','[\"Centralized error handling keeps error logic in one place, ensures consistent responses and status codes, and avoids code duplication across routes.\"]',0,'2026-05-14 22:52:11','2026-05-14 22:52:11'),('6591b1e6-4fce-11f1-9abe-6c02e0d26821','dde5cde4-4fcc-11f1-9abe-6c02e0d26821',NULL,NULL,'454cde6d-4f80-11f1-ba5b-00090ffe0001','multiple_choice','Which HTTP status code commonly indicates a successful resource creation?','[\"200\", \"201\", \"400\", \"404\"]',1,'2026-05-14 22:52:11','2026-05-14 22:52:11'),('6592469d-4fce-11f1-9abe-6c02e0d26821','dde5cde4-4fcc-11f1-9abe-6c02e0d26821',NULL,NULL,'454cde6d-4f80-11f1-ba5b-00090ffe0001','multiple_choice','Which Mongoose method creates a new document and saves it to the DB?','[\"Model.create()\", \"Model.find()\", \"Model.update()\", \"Model.remove()\"]',0,'2026-05-14 22:52:11','2026-05-14 22:52:11'),('6592dec8-4fce-11f1-9abe-6c02e0d26821','dde5cde4-4fcc-11f1-9abe-6c02e0d26821',NULL,NULL,'454cde6d-4f80-11f1-ba5b-00090ffe0001','multiple_choice','What does express-validator.validationResult(req) return when there are validation errors?','[\"An empty object\", \"An Error instance\", \"An object with array() method that returns errors\", \"null\"]',2,'2026-05-14 22:52:11','2026-05-14 22:52:11'),('65936ee8-4fce-11f1-9abe-6c02e0d26821','dde5cde4-4fcc-11f1-9abe-6c02e0d26821',NULL,NULL,'454cde6d-4f80-11f1-ba5b-00090ffe0001','multiple_choice','Which two query params are commonly used together for pagination?','[\"sort & filter\", \"limit & page\", \"token & refresh\", \"verbose & debug\"]',1,'2026-05-14 22:52:11','2026-05-14 22:52:11'),('65940451-4fce-11f1-9abe-6c02e0d26821','dde5cde4-4fcc-11f1-9abe-6c02e0d26821',NULL,NULL,'454cde6d-4f80-11f1-ba5b-00090ffe0001','multiple_choice','Which library is commonly used to make HTTP requests to an Express app in automated tests?','[\"axios\", \"supertest\", \"request-promise\", \"fetch\"]',1,'2026-05-14 22:52:11','2026-05-14 22:52:11'),('6594e702-4fce-11f1-9abe-6c02e0d26821','dde5cde4-4fcc-11f1-9abe-6c02e0d26821',NULL,NULL,'454cde6d-4f80-11f1-ba5b-00090ffe0001','true_false','A JWT contains a signature to verify its integrity without consulting a DB.','[\"True\", \"False\"]',0,'2026-05-14 22:52:11','2026-05-14 22:52:11'),('6596c4c5-4fce-11f1-9abe-6c02e0d26821','dde5cde4-4fcc-11f1-9abe-6c02e0d26821',NULL,NULL,'454cde6d-4f80-11f1-ba5b-00090ffe0001','multiple_choice','What HTTP header typically carries a bearer JWT token?','[\"X-Auth-Token\", \"Authorization\", \"X-API-Key\", \"Cookie\"]',1,'2026-05-14 22:52:11','2026-05-14 22:52:11'),('65975808-4fce-11f1-9abe-6c02e0d26821','dde5cde4-4fcc-11f1-9abe-6c02e0d26821',NULL,NULL,'454cde6d-4f80-11f1-ba5b-00090ffe0001','multiple_choice','Why should you hash passwords instead of storing plaintext?','[\"To make login faster\", \"To prevent attackers from obtaining readable passwords if DB is breached\", \"Because hashing compresses data\", \"To support multiple encodings\"]',1,'2026-05-14 22:52:11','2026-05-14 22:52:11'),('659809b7-4fce-11f1-9abe-6c02e0d26821','dde5cde4-4fcc-11f1-9abe-6c02e0d26821',NULL,NULL,'454cde6d-4f80-11f1-ba5b-00090ffe0001','multiple_choice','Which middleware is commonly used to automatically set secure HTTP headers in Express?','[\"cors\", \"helmet\", \"body-parser\", \"morgan\"]',1,'2026-05-14 22:52:11','2026-05-14 22:52:11'),('659a6bac-4fce-11f1-9abe-6c02e0d26821','dde5cde4-4fcc-11f1-9abe-6c02e0d26821',NULL,NULL,'454cde6d-4f80-11f1-ba5b-00090ffe0001','written','Describe one advantage of role-based access control (RBAC) over hard-coded permission checks in each route.','[\"RBAC centralizes permission management, making it easier to update roles and permissions without modifying many route handlers; it improves maintainability and consistency.\"]',0,'2026-05-14 22:52:11','2026-05-14 22:52:11'),('659b3bc7-4fce-11f1-9abe-6c02e0d26821','dde5cde4-4fcc-11f1-9abe-6c02e0d26821',NULL,NULL,'454cde6d-4f80-11f1-ba5b-00090ffe0001','multiple_choice','What does multer() primarily handle in Express apps?','[\"JSON parsing\", \"Authentication\", \"Multipart file uploads\", \"Rate limiting\"]',2,'2026-05-14 22:52:11','2026-05-14 22:52:11'),('659be12a-4fce-11f1-9abe-6c02e0d26821','dde5cde4-4fcc-11f1-9abe-6c02e0d26821',NULL,NULL,'454cde6d-4f80-11f1-ba5b-00090ffe0001','multiple_choice','Which format is commonly used to write machine-readable API contracts for docs and codegen?','[\"XML-RPC\", \"OpenAPI/Swagger\", \"CSV\", \"YAML-only configuration\"]',1,'2026-05-14 22:52:11','2026-05-14 22:52:11'),('659c781d-4fce-11f1-9abe-6c02e0d26821','dde5cde4-4fcc-11f1-9abe-6c02e0d26821',NULL,NULL,'454cde6d-4f80-11f1-ba5b-00090ffe0001','multiple_choice','Which tool is commonly used to collect time-series metrics for monitoring?','[\"Prometheus\", \"Multer\", \"Passport\", \"Express-validator\"]',0,'2026-05-14 22:52:11','2026-05-14 22:52:11'),('659d1174-4fce-11f1-9abe-6c02e0d26821','dde5cde4-4fcc-11f1-9abe-6c02e0d26821',NULL,NULL,'454cde6d-4f80-11f1-ba5b-00090ffe0001','multiple_choice','Which command builds a Docker image using the Dockerfile in the current directory?','[\"docker run .\", \"docker build -t myimage .\", \"docker start myimage\", \"docker create image\"]',1,'2026-05-14 22:52:11','2026-05-14 22:52:11'),('65a148c5-4fce-11f1-9abe-6c02e0d26821','dde5cde4-4fcc-11f1-9abe-6c02e0d26821',NULL,NULL,'454cde6d-4f80-11f1-ba5b-00090ffe0001','written','Name two strategies to reduce load on your database from read-heavy API endpoints.','[\"Use caching (e.g., Redis) for frequently-read data and implement pagination with appropriate limits to reduce result set sizes; also consider read replicas.\"]',0,'2026-05-14 22:52:11','2026-05-14 22:52:11'),('686479e4-5534-11f1-9abe-6c02e0d26821','5de2c59c-551f-11f1-9abe-6c02e0d26821',NULL,'3eb0b947-5522-11f1-9abe-6c02e0d26821','454ce8f9-4f80-11f1-ba5b-00090ffe0001','multiple_choice','What does this code print in \'Optimize Sequence Operations and Explain Amortized Analysis\'?','[\"Final size: 16 Final capacity: 16 Number of resizes: 4 Total copies during resizes: 15 Amortized copies per append: 0.9375\", \"Final size: 16 Final capacity: 16 Number of resizes: 4 Total copies during resizes: 16 Amortized copies per append: 1.0000\", \"Final size: 16 Final capacity: 32 Number of resizes: 5 Total copies during resizes: 31 Amortized copies per append: 1.9375\", \"Final size: 16 Final capacity: 16 Number of resizes: 4 Total copies during resizes: 14 Amortized copies per append: 0.8750\"]',0,'2026-05-21 19:45:00','2026-05-21 19:45:00'),('6a03e6be-56ca-11f1-ba5b-00090ffe0001','4f0dd6ed-2076-11f1-97b2-6c02e0d26821','7c0ea9ec-2079-11f1-97b2-6c02e0d26821',NULL,'fb9e6f39-4f78-11f1-ba5b-00090ffe0001','multiple_choice','Which of the following is a common field where Python is widely used (as stated in the course)?','[\"Web development\", \"Concrete mixing\", \"Hairdressing\", \"Automobile assembly line work\"]',0,'2026-05-23 20:11:18','2026-05-23 20:11:18'),('6a096f81-56ca-11f1-ba5b-00090ffe0001','4f0dd6ed-2076-11f1-97b2-6c02e0d26821','7c0ea9ec-2079-11f1-97b2-6c02e0d26821',NULL,'fb9e6f39-4f78-11f1-ba5b-00090ffe0001','multiple_choice','Which command should you run in the terminal to verify that Python is installed (per the course instructions)?','[\"python --version\", \"pip --version\", \"python -install\", \"version python\"]',0,'2026-05-23 20:11:18','2026-05-23 20:11:18'),('6a0f8cd3-56ca-11f1-ba5b-00090ffe0001','4f0dd6ed-2076-11f1-97b2-6c02e0d26821','7c0ea9ec-2079-11f1-97b2-6c02e0d26821',NULL,'fb9e6f39-4f78-11f1-ba5b-00090ffe0001','multiple_choice','How does the course describe Python?','[\"Low-level and compiled\", \"High-level and interpreted\", \"High-level and a markup language\", \"Compiled only\"]',1,'2026-05-23 20:11:18','2026-05-23 20:11:18'),('6a15eba9-56ca-11f1-ba5b-00090ffe0001','4f0dd6ed-2076-11f1-97b2-6c02e0d26821','7c0ea9ec-2079-11f1-97b2-6c02e0d26821',NULL,'fb9e6f39-4f78-11f1-ba5b-00090ffe0001','true_false','True or False: The course states that Python is an interpreted language.','[\"True\", \"False\"]',0,'2026-05-23 20:11:18','2026-05-23 20:11:18'),('6a1a94e5-56ca-11f1-ba5b-00090ffe0001','4f0dd6ed-2076-11f1-97b2-6c02e0d26821','7c0ea9ec-2079-11f1-97b2-6c02e0d26821',NULL,'fb9e6f39-4f78-11f1-ba5b-00090ffe0001','written','Write the exact Python statement that prints the following text to the console: Welcome to the Python course!','[\"print(\\\"Welcome to the Python course!\\\")\"]',0,'2026-05-23 20:11:18','2026-05-23 20:11:18'),('724edf64-507c-11f1-9abe-6c02e0d26821','a2fe49a9-507b-11f1-9abe-6c02e0d26821',NULL,'724e6ae5-507c-11f1-9abe-6c02e0d26821','454cfc91-4f80-11f1-ba5b-00090ffe0001','multiple_choice','In the lesson Create and Run a Java Project in an IDE, what does the provided starter code print when the SDK is configured and a main method is present?','[\"java project run successful\", \"java project run failed\", \"java project setup complete\", \"java project compiled but not run\"]',0,'2026-05-15 19:38:04','2026-05-15 19:38:04'),('72500f15-507c-11f1-9abe-6c02e0d26821','a2fe49a9-507b-11f1-9abe-6c02e0d26821',NULL,'724f9b69-507c-11f1-9abe-6c02e0d26821','454cfc91-4f80-11f1-ba5b-00090ffe0001','multiple_choice','In the lesson \'Compile and run Java programs using javac and java\', what does the starter code print to the console?','[\"compiled helloworld class and ran helloworld main\", \"compiled helloworld class\", \"ran helloworld main\", \"compilation failed no class produced\"]',0,'2026-05-15 19:38:04','2026-05-15 19:38:04'),('72514983-507c-11f1-9abe-6c02e0d26821','a2fe49a9-507b-11f1-9abe-6c02e0d26821',NULL,'7250f247-507c-11f1-9abe-6c02e0d26821','454cfc91-4f80-11f1-ba5b-00090ffe0001','multiple_choice','In the lesson \'Write a main method and structure a Java class\', what does the starter code print to the console?','[\"hello from main\", \"Hello from main\", \"hello world\", \"java class ran\"]',0,'2026-05-15 19:38:04','2026-05-15 19:38:04'),('7252527a-507c-11f1-9abe-6c02e0d26821','a2fe49a9-507b-11f1-9abe-6c02e0d26821',NULL,'7251a549-507c-11f1-9abe-6c02e0d26821','454cfc91-4f80-11f1-ba5b-00090ffe0001','multiple_choice','In the lesson \"Declare and use primitive types, variables, and literals\", what exact console output does the provided starter code produce?','[\"int 5 boolean true double 3point14 char a\", \"int 5 boolean true double 3.14 char a\", \"int 5 boolean false double 3point14 char a\", \"int 5 boolean true double 3point14 char A\"]',0,'2026-05-15 19:38:04','2026-05-15 19:38:04'),('725340e8-507c-11f1-9abe-6c02e0d26821','a2fe49a9-507b-11f1-9abe-6c02e0d26821',NULL,'7252f4ae-507c-11f1-9abe-6c02e0d26821','454cfc91-4f80-11f1-ba5b-00090ffe0001','multiple_choice','In the lesson Evaluate expressions and use Java operators what is the exact console output of the starter code provided in the lesson','[\"8 3 true 8\", \"5 3 true 8\", \"8 3 false 8\", \"8 3 true 5\"]',0,'2026-05-15 19:38:04','2026-05-15 19:38:04'),('725406c7-507c-11f1-9abe-6c02e0d26821','a2fe49a9-507b-11f1-9abe-6c02e0d26821',NULL,'72537bb7-507c-11f1-9abe-6c02e0d26821','454cfc91-4f80-11f1-ba5b-00090ffe0001','multiple_choice','In Module 2 ظـزظــظ¤ش┬ظ¤ش╪ش Core Language Constructs Lesson: Control flow with if/else and switch statements what will the starter-code print to the console?','[\"grade a monday\", \"grade b tuesday\", \"grade c wednesday\", \"grade b monday\"]',1,'2026-05-15 19:38:04','2026-05-15 19:38:04'),('72550181-507c-11f1-9abe-6c02e0d26821','a2fe49a9-507b-11f1-9abe-6c02e0d26821',NULL,'7254a94a-507c-11f1-9abe-6c02e0d26821','454cfc91-4f80-11f1-ba5b-00090ffe0001','multiple_choice','In the lesson \'Iterate with for, while, and do-while loops effectively\', what does the starter code print to the console?','[\"sum is 15 count even 2 first greater than 3 4\", \"sum is 15 count even 2 first greater than 3 5\", \"sum is 15 count even 3 first greater than 3 4\", \"sum is 14 count even 2 first greater than 3 4\"]',0,'2026-05-15 19:38:04','2026-05-15 19:38:04'),('7255d741-507c-11f1-9abe-6c02e0d26821','a2fe49a9-507b-11f1-9abe-6c02e0d26821',NULL,'72557703-507c-11f1-9abe-6c02e0d26821','454cfc91-4f80-11f1-ba5b-00090ffe0001','multiple_choice','In the lesson Manipulate Strings and arrays for data handling what does the starter code print to the console','[\"avg length 4 updated cell java\", \"avg length 5 updated cell java\", \"avg length 5 updated cell c++\", \"avg length 6 updated cell java\"]',1,'2026-05-15 19:38:04','2026-05-15 19:38:04'),('7256838f-507c-11f1-9abe-6c02e0d26821','a2fe49a9-507b-11f1-9abe-6c02e0d26821',NULL,'7256490a-507c-11f1-9abe-6c02e0d26821','454cfc91-4f80-11f1-ba5b-00090ffe0001','multiple_choice','In the lesson Define classes, fields, and create objects what does the starter code print to the console?','[\"alice is 30 years old bob is 25 years old\", \"alice is 30 years old\", \"bob is 25 years old alice is 30 years old\", \"alice is 30 years old bob is 25 years old\"]',0,'2026-05-15 19:38:04','2026-05-15 19:38:04'),('7256f65f-507c-11f1-9abe-6c02e0d26821','a2fe49a9-507b-11f1-9abe-6c02e0d26821',NULL,'7256b013-507c-11f1-9abe-6c02e0d26821','454cfc91-4f80-11f1-ba5b-00090ffe0001','multiple_choice','In the lesson Implement constructors, this, and initialization blocks what is the exact console output after running the starter code?','[\"static block ran created before instantiation 1 instance init block ran constructor ran for alice created after first 2 instance init block ran constructor ran for bob created after second 3 first name alice second name bob\", \"static block ran created before instantiation 1 constructor ran for alice created after first 2 constructor ran for bob created after second 3 first name alice second name bob\", \"static block ran created before instantiation 0 instance init block ran constructor ran for alice created after first 1 instance init block ran constructor ran for bob created after second 2 first name alice second name bob\"]',0,'2026-05-15 19:38:04','2026-05-15 19:38:04'),('7257dc48-507c-11f1-9abe-6c02e0d26821','a2fe49a9-507b-11f1-9abe-6c02e0d26821',NULL,'72578df1-507c-11f1-9abe-6c02e0d26821','454cfc91-4f80-11f1-ba5b-00090ffe0001','multiple_choice','In \'Apply encapsulation with access modifiers and accessors\', what does the starter code print to the console?','[\"final age 28\", \"final age 30\", \"invalid age\", \"28\"]',1,'2026-05-15 19:38:04','2026-05-15 19:38:04'),('72583572-507c-11f1-9abe-6c02e0d26821','a2fe49a9-507b-11f1-9abe-6c02e0d26821',NULL,'72580791-507c-11f1-9abe-6c02e0d26821','454cfc91-4f80-11f1-ba5b-00090ffe0001','multiple_choice','In the lesson Extend classes with inheritance and override methods what is the console output produced by the starter code','[\"a generic vehicle a red sedan car gasoline\", \"a generic vehicle a red sedan car unknown\", \"a white generic vehicle a red sedan car gasoline\", \"a generic vehicle a red sedan car uses gasoline\"]',0,'2026-05-15 19:38:04','2026-05-15 19:38:04'),('72594693-507c-11f1-9abe-6c02e0d26821','a2fe49a9-507b-11f1-9abe-6c02e0d26821',NULL,'72585c3b-507c-11f1-9abe-6c02e0d26821','454cfc91-4f80-11f1-ba5b-00090ffe0001','multiple_choice','In the lesson \'Design behavior with interfaces and polymorphism\', what exact console output does the starter code produce?','[\"circle drawn square drawn rendering finished\", \"square drawn circle drawn rendering finished\", \"circle drawn square drawn\", \"circle drawn square drawn rendering complete\"]',0,'2026-05-15 19:38:04','2026-05-15 19:38:04'),('725a351e-507c-11f1-9abe-6c02e0d26821','a2fe49a9-507b-11f1-9abe-6c02e0d26821',NULL,'725a01ec-507c-11f1-9abe-6c02e0d26821','454cfc91-4f80-11f1-ba5b-00090ffe0001','multiple_choice','In the lesson \'Store and access data with List, Set, and Map implementations\', what exact console output does the provided starter code produce?','[\"arraylist alice bob alice linkedlist alice bob alice set alice bob treeset alice bob map counts alice 2 bob 1\", \"arraylist [alice, bob, alice] linkedlist [alice, bob, alice] set [alice, bob] treeset [alice, bob] map counts {alice:2, bob:1}\", \"arraylist alice bob alice linkedlist alice bob alice set bob alice treeset alice bob map counts alice 1 bob 2\"]',0,'2026-05-15 19:38:04','2026-05-15 19:38:04'),('725aa7e6-507c-11f1-9abe-6c02e0d26821','a2fe49a9-507b-11f1-9abe-6c02e0d26821',NULL,'725a5a9f-507c-11f1-9abe-6c02e0d26821','454cfc91-4f80-11f1-ba5b-00090ffe0001','multiple_choice','In the lesson \'Write generic classes and methods for type-safe APIs\', what does the starter-code print to the console?','[\"boxed string hello boxed integer 42\", \"boxed string Hello boxed integer 42\", \"boxed string hello, boxed integer 42\", \"boxed string hello boxed integer forty two\"]',0,'2026-05-15 19:38:04','2026-05-15 19:38:04'),('725b0e5a-507c-11f1-9abe-6c02e0d26821','a2fe49a9-507b-11f1-9abe-6c02e0d26821',NULL,'725acfb8-507c-11f1-9abe-6c02e0d26821','454cfc91-4f80-11f1-ba5b-00090ffe0001','multiple_choice','In the \'Process collections with lambda expressions and Streams API\' lesson starter code, what exact console output is produced by running the starter code?','[\"alice bob charlie dana alice charlie 86 a b c d\", \"alice bob charlie dana alice charlie dana 86 a b c d\", \"alice charlie bob dana alice charlie 86 a c b d\", \"alice bob charlie dana alice charlie 85 a b c d\"]',0,'2026-05-15 19:38:04','2026-05-15 19:38:04'),('725b8e03-507c-11f1-9abe-6c02e0d26821','a2fe49a9-507b-11f1-9abe-6c02e0d26821',NULL,'725b4125-507c-11f1-9abe-6c02e0d26821','454cfc91-4f80-11f1-ba5b-00090ffe0001','multiple_choice','In the starter code for the lesson Read and write files using java.nio.file and serialization, what exact text is printed by the final console.log?','[\"alice 30 true\", \"Alice 30 true\", \"alice,30,true\", \"write complete\"]',0,'2026-05-15 19:38:04','2026-05-15 19:38:04'),('725c907c-507c-11f1-9abe-6c02e0d26821','a2fe49a9-507b-11f1-9abe-6c02e0d26821',NULL,'725c3e21-507c-11f1-9abe-6c02e0d26821','454cfc91-4f80-11f1-ba5b-00090ffe0001','multiple_choice','In the lesson \'Create and manage threads using Thread and Runnable\', what does the provided starter code print to the console?','[\"main start thread a running main end thread b running\", \"main start main end thread a running thread b running\", \"main start thread b running thread a running main end\", \"main end main start thread a running thread b running\"]',1,'2026-05-15 19:38:05','2026-05-15 19:38:05'),('725d101a-507c-11f1-9abe-6c02e0d26821','a2fe49a9-507b-11f1-9abe-6c02e0d26821',NULL,'725cda24-507c-11f1-9abe-6c02e0d26821','454cfc91-4f80-11f1-ba5b-00090ffe0001','multiple_choice','In the lesson \'Coordinate concurrency with ExecutorService and synchronization utilities\', what will the provided starter-code log to the console?','[\"task a done task b done task c done latch reached zero\", \"task c done task b done task a done latch reached zero\", \"task a done task b done latch reached zero task c done\", \"task a done task b done task c done\"]',0,'2026-05-15 19:38:05','2026-05-15 19:38:05'),('725d94b0-507c-11f1-9abe-6c02e0d26821','a2fe49a9-507b-11f1-9abe-6c02e0d26821',NULL,'725d5b79-507c-11f1-9abe-6c02e0d26821','454cfc91-4f80-11f1-ba5b-00090ffe0001','multiple_choice','In the lesson Build TCP clients and servers with java.net.Socket and ServerSocket what exact line does the starter code print to the console?','[\"server received hello from client\", \"client sent hello to server\", \"server acknowledged hello\", \"connection established between client and server\"]',0,'2026-05-15 19:38:05','2026-05-15 19:38:05'),('725e1b44-507c-11f1-9abe-6c02e0d26821','a2fe49a9-507b-11f1-9abe-6c02e0d26821',NULL,'725dc6aa-507c-11f1-9abe-6c02e0d26821','454cfc91-4f80-11f1-ba5b-00090ffe0001','multiple_choice','In the lesson \'Connect to databases with JDBC and execute SQL queries\', what does the starter code print to the console?','[\"1 alice 2 bob\", \"alice 1 bob 2\", \"1 alice bob 2\"]',0,'2026-05-15 19:38:05','2026-05-15 19:38:05'),('725eeb46-507c-11f1-9abe-6c02e0d26821','a2fe49a9-507b-11f1-9abe-6c02e0d26821',NULL,'725e81cc-507c-11f1-9abe-6c02e0d26821','454cfc91-4f80-11f1-ba5b-00090ffe0001','multiple_choice','In the lesson Use Maven or Gradle to build projects and run unit tests with JUnit what is the exact console output produced by the starter code after a successful build and test run','[\"build successful 3 tests passed all checks green\", \"build successful 1 test failed fix tests\", \"build failed 0 tests run see logs\", \"build successful tests skipped check configuration\"]',0,'2026-05-15 19:38:05','2026-05-15 19:38:05'),('73e2f8e8-4fd5-11f1-9abe-6c02e0d26821','dde5cde4-4fcc-11f1-9abe-6c02e0d26821',NULL,NULL,'454cde6d-4f80-11f1-ba5b-00090ffe0001','multiple_choice','Which command creates a new package.json interactively?','[\"npm init\", \"npm create\", \"node init\", \"npm start\"]',0,'2026-05-14 23:42:41','2026-05-14 23:42:41'),('73e378ab-4fd5-11f1-9abe-6c02e0d26821','dde5cde4-4fcc-11f1-9abe-6c02e0d26821',NULL,NULL,'454cde6d-4f80-11f1-ba5b-00090ffe0001','true_false','Express is a minimal and flexible Node.js web application framework.','[\"True\", \"False\"]',0,'2026-05-14 23:42:41','2026-05-14 23:42:41'),('73e431f0-4fd5-11f1-9abe-6c02e0d26821','dde5cde4-4fcc-11f1-9abe-6c02e0d26821',NULL,NULL,'454cde6d-4f80-11f1-ba5b-00090ffe0001','multiple_choice','Which method starts listening for incoming connections in an Express app?','[\"app.listen()\", \"app.start()\", \"app.run()\", \"http.startServer()\"]',0,'2026-05-14 23:42:41','2026-05-14 23:42:41'),('73e4854d-4fd5-11f1-9abe-6c02e0d26821','dde5cde4-4fcc-11f1-9abe-6c02e0d26821',NULL,NULL,'454cde6d-4f80-11f1-ba5b-00090ffe0001','written','Briefly describe req and res in Express.','[\"req is the incoming request object (headers, body, params); res is the response object used to send data back to the client (res.send, res.json, res.status).\"]',0,'2026-05-14 23:42:41','2026-05-14 23:42:41'),('73e5283a-4fd5-11f1-9abe-6c02e0d26821','dde5cde4-4fcc-11f1-9abe-6c02e0d26821',NULL,NULL,'454cde6d-4f80-11f1-ba5b-00090ffe0001','multiple_choice','How do you define a route that accepts a numeric id parameter?','[\"app.get(\'/items/:id\', handler)\", \"app.get(\'/items/id\', handler)\", \"app.get(\'/items/?id\', handler)\", \"app.get(\'/items/(id)\', handler)\"]',0,'2026-05-14 23:42:41','2026-05-14 23:42:41'),('73e58002-4fd5-11f1-9abe-6c02e0d26821','dde5cde4-4fcc-11f1-9abe-6c02e0d26821',NULL,NULL,'454cde6d-4f80-11f1-ba5b-00090ffe0001','true_false','Query parameters are accessed via req.params in Express.','[\"True\", \"False\"]',1,'2026-05-14 23:42:41','2026-05-14 23:42:41'),('73e6e2a4-4fd5-11f1-9abe-6c02e0d26821','dde5cde4-4fcc-11f1-9abe-6c02e0d26821',NULL,NULL,'454cde6d-4f80-11f1-ba5b-00090ffe0001','multiple_choice','What happens if a middleware neither calls next() nor sends a response?','[\"The request hangs and the client times out\", \"Express calls next() automatically\", \"An error is thrown immediately\", \"The response is sent with status 204\"]',0,'2026-05-14 23:42:41','2026-05-14 23:42:41'),('73e72ec8-4fd5-11f1-9abe-6c02e0d26821','dde5cde4-4fcc-11f1-9abe-6c02e0d26821',NULL,NULL,'454cde6d-4f80-11f1-ba5b-00090ffe0001','written','Give an example use-case for middleware in Express.','[\"Examples include logging, authentication checks, parsing request bodies, input validation, and error handling middleware.\"]',0,'2026-05-14 23:42:41','2026-05-14 23:42:41'),('73e8033c-4fd5-11f1-9abe-6c02e0d26821','dde5cde4-4fcc-11f1-9abe-6c02e0d26821',NULL,NULL,'454cde6d-4f80-11f1-ba5b-00090ffe0001','multiple_choice','What is the signature of an Express error-handling middleware?','[\"(err, req, res, next)\", \"(req, res, next, err)\", \"(req, res)\", \"(err, next)\"]',0,'2026-05-14 23:42:41','2026-05-14 23:42:41'),('73e84f61-4fd5-11f1-9abe-6c02e0d26821','dde5cde4-4fcc-11f1-9abe-6c02e0d26821',NULL,NULL,'454cde6d-4f80-11f1-ba5b-00090ffe0001','true_false','An error-handling middleware must be added after other middleware and routes to catch their errors.','[\"True\", \"False\"]',0,'2026-05-14 23:42:41','2026-05-14 23:42:41'),('73e96d53-4fd5-11f1-9abe-6c02e0d26821','dde5cde4-4fcc-11f1-9abe-6c02e0d26821',NULL,NULL,'454cde6d-4f80-11f1-ba5b-00090ffe0001','multiple_choice','Which middleware parses incoming JSON payloads?','[\"express.json()\", \"express.body()\", \"bodyParser.text()\", \"express.urlencoded()\"]',0,'2026-05-14 23:42:41','2026-05-14 23:42:41'),('73ea56cf-4fd5-11f1-9abe-6c02e0d26821','dde5cde4-4fcc-11f1-9abe-6c02e0d26821',NULL,NULL,'454cde6d-4f80-11f1-ba5b-00090ffe0001','true_false','You should enable body parsing middleware before defining routes that need access to req.body.','[\"True\", \"False\"]',0,'2026-05-14 23:42:41','2026-05-14 23:42:41'),('73eb005a-4fd5-11f1-9abe-6c02e0d26821','dde5cde4-4fcc-11f1-9abe-6c02e0d26821',NULL,NULL,'454cde6d-4f80-11f1-ba5b-00090ffe0001','multiple_choice','Which Mongoose method saves a document instance to the database?','[\"doc.save()\", \"Model.insert()\", \"Model.createInstance()\", \"db.put()\"]',0,'2026-05-14 23:42:41','2026-05-14 23:42:41'),('73eb57fb-4fd5-11f1-9abe-6c02e0d26821','dde5cde4-4fcc-11f1-9abe-6c02e0d26821',NULL,NULL,'454cde6d-4f80-11f1-ba5b-00090ffe0001','written','Name a reason to use Mongoose schemas rather than raw MongoDB driver.','[\"Schemas provide structure, validation, middleware (hooks), and convenient model APIs which simplify development and reduce runtime errors.\"]',0,'2026-05-14 23:42:41','2026-05-14 23:42:41'),('73ec04c7-4fd5-11f1-9abe-6c02e0d26821','dde5cde4-4fcc-11f1-9abe-6c02e0d26821',NULL,NULL,'454cde6d-4f80-11f1-ba5b-00090ffe0001','multiple_choice','Which HTTP method is typically used to update an existing resource partially?','[\"PATCH\", \"GET\", \"POST\", \"DELETE\"]',0,'2026-05-14 23:42:41','2026-05-14 23:42:41'),('73ec4e1a-4fd5-11f1-9abe-6c02e0d26821','dde5cde4-4fcc-11f1-9abe-6c02e0d26821',NULL,NULL,'454cde6d-4f80-11f1-ba5b-00090ffe0001','written','List the typical endpoints for a resource \'users\' in a CRUD API.','[\"GET /users, GET /users/:id, POST /users, PUT or PATCH /users/:id, DELETE /users/:id\"]',0,'2026-05-14 23:42:41','2026-05-14 23:42:41'),('73ece816-4fd5-11f1-9abe-6c02e0d26821','dde5cde4-4fcc-11f1-9abe-6c02e0d26821',NULL,NULL,'454cde6d-4f80-11f1-ba5b-00090ffe0001','multiple_choice','Which library is commonly used with Express for validation middleware?','[\"express-validator\", \"react-validate\", \"lodash.validate\", \"body-guard\"]',0,'2026-05-14 23:42:41','2026-05-14 23:42:41'),('73ed3292-4fd5-11f1-9abe-6c02e0d26821','dde5cde4-4fcc-11f1-9abe-6c02e0d26821',NULL,NULL,'454cde6d-4f80-11f1-ba5b-00090ffe0001','true_false','Validation should always happen before writing to the database.','[\"True\", \"False\"]',0,'2026-05-14 23:42:41','2026-05-14 23:42:41'),('73ede01a-4fd5-11f1-9abe-6c02e0d26821','dde5cde4-4fcc-11f1-9abe-6c02e0d26821',NULL,NULL,'454cde6d-4f80-11f1-ba5b-00090ffe0001','multiple_choice','Which pagination method is more performant for large datasets?','[\"cursor-based pagination\", \"offset-based pagination\", \"full-scan pagination\", \"page-number only pagination\"]',0,'2026-05-14 23:42:41','2026-05-14 23:42:41'),('73ee3627-4fd5-11f1-9abe-6c02e0d26821','dde5cde4-4fcc-11f1-9abe-6c02e0d26821',NULL,NULL,'454cde6d-4f80-11f1-ba5b-00090ffe0001','written','Name one drawback of offset-based pagination.','[\"Offset pagination can be slow for large offsets and may return inconsistent results if the underlying dataset changes between requests.\"]',0,'2026-05-14 23:42:41','2026-05-14 23:42:41'),('73ef5d76-4fd5-11f1-9abe-6c02e0d26821','dde5cde4-4fcc-11f1-9abe-6c02e0d26821',NULL,NULL,'454cde6d-4f80-11f1-ba5b-00090ffe0001','multiple_choice','Which token type is commonly stored in localStorage for SPA auth (though with security caveats)?','[\"JWT\", \"Session ID cookie\", \"Opaque database key\", \"CSRF token\"]',0,'2026-05-14 23:42:41','2026-05-14 23:42:41'),('73efb3d2-4fd5-11f1-9abe-6c02e0d26821','dde5cde4-4fcc-11f1-9abe-6c02e0d26821',NULL,NULL,'454cde6d-4f80-11f1-ba5b-00090ffe0001','written','Give one security risk of storing JWT in localStorage.','[\"LocalStorage is vulnerable to XSS; malicious scripts can read tokens and exfiltrate them.\"]',0,'2026-05-14 23:42:41','2026-05-14 23:42:41'),('73f06ca1-4fd5-11f1-9abe-6c02e0d26821','dde5cde4-4fcc-11f1-9abe-6c02e0d26821',NULL,NULL,'454cde6d-4f80-11f1-ba5b-00090ffe0001','multiple_choice','Which library is commonly used in Node to sign and verify JWTs?','[\"jsonwebtoken\", \"jwt-node\", \"express-jwt\", \"body-jwt\"]',0,'2026-05-14 23:42:41','2026-05-14 23:42:41'),('73f0b460-4fd5-11f1-9abe-6c02e0d26821','dde5cde4-4fcc-11f1-9abe-6c02e0d26821',NULL,NULL,'454cde6d-4f80-11f1-ba5b-00090ffe0001','true_false','A JWT must be encrypted to be secure.','[\"True\", \"False\"]',1,'2026-05-14 23:42:41','2026-05-14 23:42:41'),('73f14d7f-4fd5-11f1-9abe-6c02e0d26821','dde5cde4-4fcc-11f1-9abe-6c02e0d26821',NULL,NULL,'454cde6d-4f80-11f1-ba5b-00090ffe0001','multiple_choice','Which package helps set secure HTTP headers in Express?','[\"helmet\", \"cors\", \"morgan\", \"express-rate-limit\"]',0,'2026-05-14 23:42:41','2026-05-14 23:42:41'),('73f19790-4fd5-11f1-9abe-6c02e0d26821','dde5cde4-4fcc-11f1-9abe-6c02e0d26821',NULL,NULL,'454cde6d-4f80-11f1-ba5b-00090ffe0001','true_false','CORS configuration is only needed for browsers and not for server-to-server requests.','[\"True\", \"False\"]',0,'2026-05-14 23:42:41','2026-05-14 23:42:41'),('73f2993c-4fd5-11f1-9abe-6c02e0d26821','dde5cde4-4fcc-11f1-9abe-6c02e0d26821',NULL,NULL,'454cde6d-4f80-11f1-ba5b-00090ffe0001','multiple_choice','Which tool is commonly used for end-to-end HTTP testing of Express apps?','[\"supertest\", \"mocha-http\", \"http-tester\", \"express-test\"]',0,'2026-05-14 23:42:41','2026-05-14 23:42:41'),('73f2deee-4fd5-11f1-9abe-6c02e0d26821','dde5cde4-4fcc-11f1-9abe-6c02e0d26821',NULL,NULL,'454cde6d-4f80-11f1-ba5b-00090ffe0001','written','Why are integration tests with a running server useful for APIs?','[\"They test the actual HTTP layer, middleware integration, routing and serialization, catching issues that unit tests of handlers may miss.\"]',0,'2026-05-14 23:42:41','2026-05-14 23:42:41'),('73f36858-4fd5-11f1-9abe-6c02e0d26821','dde5cde4-4fcc-11f1-9abe-6c02e0d26821',NULL,NULL,'454cde6d-4f80-11f1-ba5b-00090ffe0001','multiple_choice','Which package is commonly used for request logging in Express?','[\"morgan\", \"winston-express\", \"log4js-express\", \"express-logger\"]',0,'2026-05-14 23:42:41','2026-05-14 23:42:41'),('73f3af27-4fd5-11f1-9abe-6c02e0d26821','dde5cde4-4fcc-11f1-9abe-6c02e0d26821',NULL,NULL,'454cde6d-4f80-11f1-ba5b-00090ffe0001','true_false','Rate limiting should be applied globally and sometimes per-route for sensitive endpoints.','[\"True\", \"False\"]',0,'2026-05-14 23:42:41','2026-05-14 23:42:41'),('73f48e96-4fd5-11f1-9abe-6c02e0d26821','dde5cde4-4fcc-11f1-9abe-6c02e0d26821',NULL,NULL,'454cde6d-4f80-11f1-ba5b-00090ffe0001','multiple_choice','What is the 12-factor recommendation for storing config?','[\"In environment variables\", \"In source code\", \"In a local JSON file tracked in git\", \"In user input at runtime\"]',0,'2026-05-14 23:42:41','2026-05-14 23:42:41'),('73f4d791-4fd5-11f1-9abe-6c02e0d26821','dde5cde4-4fcc-11f1-9abe-6c02e0d26821',NULL,NULL,'454cde6d-4f80-11f1-ba5b-00090ffe0001','written','How should secrets be provided to a containerized app in production?','[\"Use orchestration secrets (Kubernetes Secrets), environment variables injected by CI/CD, or secret managers (AWS Secrets Manager, HashiCorp Vault), not checked-in files.\"]',0,'2026-05-14 23:42:41','2026-05-14 23:42:41'),('73f57455-4fd5-11f1-9abe-6c02e0d26821','dde5cde4-4fcc-11f1-9abe-6c02e0d26821',NULL,NULL,'454cde6d-4f80-11f1-ba5b-00090ffe0001','multiple_choice','Which logger is known for being very fast and JSON-friendly?','[\"pino\", \"console.log\", \"morgan\", \"winston (legacy)\"]',0,'2026-05-14 23:42:41','2026-05-14 23:42:41'),('73f5bcde-4fd5-11f1-9abe-6c02e0d26821','dde5cde4-4fcc-11f1-9abe-6c02e0d26821',NULL,NULL,'454cde6d-4f80-11f1-ba5b-00090ffe0001','true_false','Structured logs (JSON) are easier to query and parse in log aggregators than plain text logs.','[\"True\", \"False\"]',0,'2026-05-14 23:42:41','2026-05-14 23:42:41'),('73f67478-4fd5-11f1-9abe-6c02e0d26821','dde5cde4-4fcc-11f1-9abe-6c02e0d26821',NULL,NULL,'454cde6d-4f80-11f1-ba5b-00090ffe0001','multiple_choice','Which of the following is NOT typically part of an API production checklist?','[\"Unrestricted debug logs enabled\", \"Health checks configured\", \"Proper error reporting\", \"Rate limiting for public endpoints\"]',0,'2026-05-14 23:42:41','2026-05-14 23:42:41'),('73f6cede-4fd5-11f1-9abe-6c02e0d26821','dde5cde4-4fcc-11f1-9abe-6c02e0d26821',NULL,NULL,'454cde6d-4f80-11f1-ba5b-00090ffe0001','written','Name two items you should test before deploying an API.','[\"Examples: behavior under load (performance), authentication flows, critical route responses, error handling, and security checks such as CORS and input validation.\"]',0,'2026-05-14 23:42:41','2026-05-14 23:42:41'),('73f786e8-4fd5-11f1-9abe-6c02e0d26821','dde5cde4-4fcc-11f1-9abe-6c02e0d26821',NULL,NULL,'454cde6d-4f80-11f1-ba5b-00090ffe0001','multiple_choice','Which status code is appropriate for validation errors?','[\"400\", \"200\", \"500\", \"401\"]',0,'2026-05-14 23:42:41','2026-05-14 23:42:41'),('73f7d567-4fd5-11f1-9abe-6c02e0d26821','dde5cde4-4fcc-11f1-9abe-6c02e0d26821',NULL,NULL,'454cde6d-4f80-11f1-ba5b-00090ffe0001','written','Why centralize error handling in an Express app?','[\"Centralization ensures consistent responses, easier logging and reporting, and avoids duplicated error-to-response mapping across many routes.\"]',0,'2026-05-14 23:42:41','2026-05-14 23:42:41'),('73f85c20-4fd5-11f1-9abe-6c02e0d26821','dde5cde4-4fcc-11f1-9abe-6c02e0d26821',NULL,NULL,'454cde6d-4f80-11f1-ba5b-00090ffe0001','multiple_choice','Which is a good cache location for API responses that don\'t contain private data?','[\"CDN edge cache\", \"Local app memory only\", \"Client localStorage only\", \"Never cache\"]',0,'2026-05-14 23:42:41','2026-05-14 23:42:41'),('73f89696-4fd5-11f1-9abe-6c02e0d26821','dde5cde4-4fcc-11f1-9abe-6c02e0d26821',NULL,NULL,'454cde6d-4f80-11f1-ba5b-00090ffe0001','true_false','Horizontal scaling often requires stateless application design or externalizing session storage.','[\"True\", \"False\"]',0,'2026-05-14 23:42:41','2026-05-14 23:42:41'),('742a4776-51db-11f1-ba5b-00090ffe0001','4f0dd6ed-2076-11f1-97b2-6c02e0d26821',NULL,NULL,'fb9e6f39-4f78-11f1-ba5b-00090ffe0001','multiple_choice','What does the Python statement print(\"Hello, World!\") do when executed?','[\"Outputs the text Hello, World! to the console\", \"Declares a function named Hello, World!\", \"Creates a variable with the value Hello, World!\", \"Starts the Python interpreter\"]',0,'2026-05-17 13:30:41','2026-05-17 13:30:41'),('742ede82-51db-11f1-ba5b-00090ffe0001','4f0dd6ed-2076-11f1-97b2-6c02e0d26821',NULL,NULL,'fb9e6f39-4f78-11f1-ba5b-00090ffe0001','multiple_choice','Which of the following is an example of a float data type in Python?','[\"\\\"Hello\\\"\", \"10\", \"3.14\", \"True\"]',2,'2026-05-17 13:30:41','2026-05-17 13:30:41'),('74319edb-51db-11f1-ba5b-00090ffe0001','4f0dd6ed-2076-11f1-97b2-6c02e0d26821',NULL,NULL,'fb9e6f39-4f78-11f1-ba5b-00090ffe0001','multiple_choice','During Python installation, the course recommends ensuring which option is checked?','[\"Install sample projects\", \"Add Python to PATH\", \"Enable automatic updates\", \"Install only for administrator\"]',1,'2026-05-17 13:30:41','2026-05-17 13:30:41'),('7433e6d5-51db-11f1-ba5b-00090ffe0001','4f0dd6ed-2076-11f1-97b2-6c02e0d26821',NULL,NULL,'fb9e6f39-4f78-11f1-ba5b-00090ffe0001','multiple_choice','Which command, shown in the course material, verifies that Python is installed and displays the version?','[\"python --version\", \"check-python\", \"python install --check\", \"show version python\"]',0,'2026-05-17 13:30:41','2026-05-17 13:30:41'),('74366ec1-51db-11f1-ba5b-00090ffe0001','4f0dd6ed-2076-11f1-97b2-6c02e0d26821',NULL,NULL,'fb9e6f39-4f78-11f1-ba5b-00090ffe0001','multiple_choice','Which of the following is a valid Python variable name based on typical naming rules and examples in the course?','[\"1age\", \"favorite-color\", \"age_1\", \"my name\"]',2,'2026-05-17 13:30:41','2026-05-17 13:30:41'),('743905d5-51db-11f1-ba5b-00090ffe0001','4f0dd6ed-2076-11f1-97b2-6c02e0d26821',NULL,NULL,'fb9e6f39-4f78-11f1-ba5b-00090ffe0001','multiple_choice','Which group of IDEs is mentioned in the course as common tools for writing Python code?','[\"Notepad, Sublime Text, Emacs\", \"VS Code, PyCharm, Jupyter\", \"Eclipse, NetBeans, IntelliJ\", \"Xcode, Android Studio, Visual Studio\"]',1,'2026-05-17 13:30:41','2026-05-17 13:30:41'),('743bc61d-51db-11f1-ba5b-00090ffe0001','4f0dd6ed-2076-11f1-97b2-6c02e0d26821',NULL,NULL,'fb9e6f39-4f78-11f1-ba5b-00090ffe0001','true_false','Python is described in the course as an interpreted programming language.','[\"True\", \"False\"]',0,'2026-05-17 13:30:41','2026-05-17 13:30:41'),('743e0b1b-51db-11f1-ba5b-00090ffe0001','4f0dd6ed-2076-11f1-97b2-6c02e0d26821',NULL,NULL,'fb9e6f39-4f78-11f1-ba5b-00090ffe0001','true_false','The course advises that checking \"Add Python to PATH\" during installation is unnecessary.','[\"True\", \"False\"]',1,'2026-05-17 13:30:41','2026-05-17 13:30:41'),('7440f9be-51db-11f1-ba5b-00090ffe0001','4f0dd6ed-2076-11f1-97b2-6c02e0d26821',NULL,NULL,'fb9e6f39-4f78-11f1-ba5b-00090ffe0001','written','Write the Python statement that prints: Welcome to the Python course!','[\"print(\\\"Welcome to the Python course!\\\")\"]',0,'2026-05-17 13:30:41','2026-05-17 13:30:41'),('74431f67-51db-11f1-ba5b-00090ffe0001','4f0dd6ed-2076-11f1-97b2-6c02e0d26821',NULL,NULL,'fb9e6f39-4f78-11f1-ba5b-00090ffe0001','written','Create variables for name = Mika, age = 27, and favorite_color = gray, then write a print statement that outputs: My name is Mika, I am 27 years old, and my favorite color is gray.','[\"name = \\\"Mika\\\"\\nage = 27\\nfavorite_color = \\\"gray\\\"\\nprint(f\\\"My name is {name}, I am {age} years old, and my favorite color is {favorite_color}.\\\")\"]',0,'2026-05-17 13:30:41','2026-05-17 13:30:41'),('7bb5c638-4fcf-11f1-9abe-6c02e0d26821','dde5cde4-4fcc-11f1-9abe-6c02e0d26821',NULL,NULL,'454cde6d-4f80-11f1-ba5b-00090ffe0001','written','List three tools or technologies used in this course and why they are useful.','[\"node.js for runtime/npm for packages/git for version control/postman for testing apis\"]',0,'2026-05-14 22:59:57','2026-05-14 22:59:57'),('7bb76937-4fcf-11f1-9abe-6c02e0d26821','dde5cde4-4fcc-11f1-9abe-6c02e0d26821',NULL,NULL,'454cde6d-4f80-11f1-ba5b-00090ffe0001','multiple_choice','Which command initializes a new npm project interactively?','[\"npm create\", \"npm init\", \"npm start\", \"node init\"]',1,'2026-05-14 22:59:57','2026-05-14 22:59:57'),('7bb824d2-4fcf-11f1-9abe-6c02e0d26821','dde5cde4-4fcc-11f1-9abe-6c02e0d26821',NULL,NULL,'454cde6d-4f80-11f1-ba5b-00090ffe0001','true_false','You must install Express globally to use it in a project.','[\"True\", \"False\"]',1,'2026-05-14 22:59:57','2026-05-14 22:59:57'),('7bb8ae2d-4fcf-11f1-9abe-6c02e0d26821','dde5cde4-4fcc-11f1-9abe-6c02e0d26821',NULL,NULL,'454cde6d-4f80-11f1-ba5b-00090ffe0001','multiple_choice','Which function signature is used to create an error-handling middleware in Express?','[\"function (req, res, next)\", \"function (req, res)\", \"function (err, req, res, next)\", \"function (res, req, next)\"]',2,'2026-05-14 22:59:57','2026-05-14 22:59:57'),('7bb96765-4fcf-11f1-9abe-6c02e0d26821','dde5cde4-4fcc-11f1-9abe-6c02e0d26821',NULL,NULL,'454cde6d-4f80-11f1-ba5b-00090ffe0001','multiple_choice','Which Express method sends a JSON response?','[\"res.sendJSON()\", \"res.json()\", \"res.stringify()\", \"res.body()\"]',1,'2026-05-14 22:59:57','2026-05-14 22:59:57'),('7bba1b3e-4fcf-11f1-9abe-6c02e0d26821','dde5cde4-4fcc-11f1-9abe-6c02e0d26821',NULL,NULL,'454cde6d-4f80-11f1-ba5b-00090ffe0001','multiple_choice','Which Express feature helps split routes into separate modules?','[\"express.Router\", \"express.Module\", \"express.Split\", \"express.RouteGroup\"]',0,'2026-05-14 22:59:57','2026-05-14 22:59:57'),('7bba96d1-4fcf-11f1-9abe-6c02e0d26821','dde5cde4-4fcc-11f1-9abe-6c02e0d26821',NULL,NULL,'454cde6d-4f80-11f1-ba5b-00090ffe0001','multiple_choice','How do you access a route parameter named \'id\' inside a handler?','[\"req.params.id\", \"req.query.id\", \"req.body.id\", \"req.route.id\"]',0,'2026-05-14 22:59:57','2026-05-14 22:59:57'),('7bbb3a12-4fcf-11f1-9abe-6c02e0d26821','dde5cde4-4fcc-11f1-9abe-6c02e0d26821',NULL,NULL,'454cde6d-4f80-11f1-ba5b-00090ffe0001','written','Explain the order of middleware execution and why order matters.','[\"middleware executes in the order it is registered; earlier middleware can modify req/res or end the response so ordering ensures intended behavior\"]',0,'2026-05-14 22:59:57','2026-05-14 22:59:57'),('7bbbc743-4fcf-11f1-9abe-6c02e0d26821','dde5cde4-4fcc-11f1-9abe-6c02e0d26821',NULL,NULL,'454cde6d-4f80-11f1-ba5b-00090ffe0001','multiple_choice','Which middleware parses incoming JSON request bodies in Express 4.16+?','[\"bodyParser.raw()\", \"express.urlencoded()\", \"express.json()\", \"express.multipart()\"]',2,'2026-05-14 22:59:57','2026-05-14 22:59:57'),('7bbc41e4-4fcf-11f1-9abe-6c02e0d26821','dde5cde4-4fcc-11f1-9abe-6c02e0d26821',NULL,NULL,'454cde6d-4f80-11f1-ba5b-00090ffe0001','true_false','Using helmet helps set HTTP headers that can improve your app\'s security.','[\"True\", \"False\"]',0,'2026-05-14 22:59:57','2026-05-14 22:59:57'),('7bbd308b-4fcf-11f1-9abe-6c02e0d26821','dde5cde4-4fcc-11f1-9abe-6c02e0d26821',NULL,NULL,'454cde6d-4f80-11f1-ba5b-00090ffe0001','written','Give one advantage of a document database (MongoDB) for building APIs.','[\"flexible schema makes it easy to store nested json-like documents and evolve api data quickly\"]',0,'2026-05-14 22:59:57','2026-05-14 22:59:57'),('7bbe5804-4fcf-11f1-9abe-6c02e0d26821','dde5cde4-4fcc-11f1-9abe-6c02e0d26821',NULL,NULL,'454cde6d-4f80-11f1-ba5b-00090ffe0001','multiple_choice','Which package provides object modeling for MongoDB in Node.js?','[\"sequelize\", \"mongoose\", \"knex\", \"mongojs\"]',1,'2026-05-14 22:59:57','2026-05-14 22:59:57'),('7bbf05df-4fcf-11f1-9abe-6c02e0d26821','dde5cde4-4fcc-11f1-9abe-6c02e0d26821',NULL,NULL,'454cde6d-4f80-11f1-ba5b-00090ffe0001','multiple_choice','Which ORM is used in this lesson for SQL databases?','[\"mongoose\", \"typeORM\", \"Sequelize\", \"prisma\"]',2,'2026-05-14 22:59:57','2026-05-14 22:59:57'),('7bc08c19-4fcf-11f1-9abe-6c02e0d26821','dde5cde4-4fcc-11f1-9abe-6c02e0d26821',NULL,NULL,'454cde6d-4f80-11f1-ba5b-00090ffe0001','multiple_choice','Which Postman feature lets you run a group of requests as a sequence?','[\"Env Runner\", \"Collection Runner\", \"Request Runner\", \"API Runner\"]',1,'2026-05-14 22:59:57','2026-05-14 22:59:57'),('7bc116ce-4fcf-11f1-9abe-6c02e0d26821','dde5cde4-4fcc-11f1-9abe-6c02e0d26821',NULL,NULL,'454cde6d-4f80-11f1-ba5b-00090ffe0001','multiple_choice','Which library is typically used to make HTTP requests to an Express app in tests?','[\"axios\", \"supertest\", \"node-fetch\", \"request\"]',1,'2026-05-14 22:59:57','2026-05-14 22:59:57'),('7bc1ebf2-4fcf-11f1-9abe-6c02e0d26821','dde5cde4-4fcc-11f1-9abe-6c02e0d26821',NULL,NULL,'454cde6d-4f80-11f1-ba5b-00090ffe0001','multiple_choice','Which package is commonly used to load .env files into process.env?','[\"config\", \"dotenv\", \"env-loader\", \"envify\"]',1,'2026-05-14 22:59:57','2026-05-14 22:59:57'),('7bc27a49-4fcf-11f1-9abe-6c02e0d26821','dde5cde4-4fcc-11f1-9abe-6c02e0d26821',NULL,NULL,'454cde6d-4f80-11f1-ba5b-00090ffe0001','multiple_choice','JWT tokens are typically sent in which HTTP header?','[\"X-Auth-Token\", \"Authorization\", \"X-JWT-Token\", \"Auth-Token\"]',1,'2026-05-14 22:59:57','2026-05-14 22:59:57'),('7bc30611-4fcf-11f1-9abe-6c02e0d26821','dde5cde4-4fcc-11f1-9abe-6c02e0d26821',NULL,NULL,'454cde6d-4f80-11f1-ba5b-00090ffe0001','true_false','Rate limiting can help mitigate brute-force and denial-of-service attempts.','[\"True\", \"False\"]',0,'2026-05-14 22:59:57','2026-05-14 22:59:57'),('7bc4cd22-4fcf-11f1-9abe-6c02e0d26821','dde5cde4-4fcc-11f1-9abe-6c02e0d26821',NULL,NULL,'454cde6d-4f80-11f1-ba5b-00090ffe0001','written','Describe one step required to prepare an Express app for deployment to a platform like Heroku.','[\"ensure a start script exists in package.json (e.g., \\\"start\\\": \\\"node index.js\\\"), bind to process.env.PORT, and include a package.json with dependencies\"]',0,'2026-05-14 22:59:57','2026-05-14 22:59:57'),('7bc57dc5-4fcf-11f1-9abe-6c02e0d26821','dde5cde4-4fcc-11f1-9abe-6c02e0d26821',NULL,NULL,'454cde6d-4f80-11f1-ba5b-00090ffe0001','written','List three endpoints you will implement for the users resource in the final project.','[\"get /users, post /users, get /users/:id, put /users/:id, delete /users/:id\"]',0,'2026-05-14 22:59:57','2026-05-14 22:59:57'),('7e89b87d-4fd6-11f1-9abe-6c02e0d26821','dde5cde4-4fcc-11f1-9abe-6c02e0d26821',NULL,NULL,'454cde6d-4f80-11f1-ba5b-00090ffe0001','multiple_choice','In Express, which object provides access to query string parameters?','[\"req.params\", \"req.body\", \"req.query\", \"res.locals\"]',2,'2026-05-14 23:50:08','2026-05-14 23:50:08'),('7e8a00cc-4fd6-11f1-9abe-6c02e0d26821','dde5cde4-4fcc-11f1-9abe-6c02e0d26821',NULL,NULL,'454cde6d-4f80-11f1-ba5b-00090ffe0001','true_false','res.json() sets the Content-Type header to application/json automatically.','[\"True\", \"False\"]',0,'2026-05-14 23:50:08','2026-05-14 23:50:08'),('7e8a7bb4-4fd6-11f1-9abe-6c02e0d26821','dde5cde4-4fcc-11f1-9abe-6c02e0d26821',NULL,NULL,'454cde6d-4f80-11f1-ba5b-00090ffe0001','multiple_choice','Which Express feature helps you modularize route definitions?','[\"middleware\", \"express.Router()\", \"app.locals\", \"res.redirect()\"]',1,'2026-05-14 23:50:08','2026-05-14 23:50:08'),('7e8ab225-4fd6-11f1-9abe-6c02e0d26821','dde5cde4-4fcc-11f1-9abe-6c02e0d26821',NULL,NULL,'454cde6d-4f80-11f1-ba5b-00090ffe0001','written','Give a short example of a route parameter path (one line).','[\"/users/:userId\"]',0,'2026-05-14 23:50:08','2026-05-14 23:50:08'),('7e8b2c16-4fd6-11f1-9abe-6c02e0d26821','dde5cde4-4fcc-11f1-9abe-6c02e0d26821',NULL,NULL,'454cde6d-4f80-11f1-ba5b-00090ffe0001','multiple_choice','What argument must middleware call to pass control to the next middleware?','[\"next()\", \"continue()\", \"proceed()\", \"res.next()\"]',0,'2026-05-14 23:50:08','2026-05-14 23:50:08'),('7e8b5eda-4fd6-11f1-9abe-6c02e0d26821','dde5cde4-4fcc-11f1-9abe-6c02e0d26821',NULL,NULL,'454cde6d-4f80-11f1-ba5b-00090ffe0001','true_false','Middleware runs in the order it\'s registered on the app or router.','[\"True\", \"False\"]',0,'2026-05-14 23:50:08','2026-05-14 23:50:08'),('7e8c8472-4fd6-11f1-9abe-6c02e0d26821','dde5cde4-4fcc-11f1-9abe-6c02e0d26821',NULL,NULL,'454cde6d-4f80-11f1-ba5b-00090ffe0001','multiple_choice','Which CRUD operation corresponds to HTTP DELETE?','[\"create\", \"read\", \"update\", \"delete\"]',3,'2026-05-14 23:50:08','2026-05-14 23:50:08'),('7e8cb622-4fd6-11f1-9abe-6c02e0d26821','dde5cde4-4fcc-11f1-9abe-6c02e0d26821',NULL,NULL,'454cde6d-4f80-11f1-ba5b-00090ffe0001','true_false','In-memory stores are suitable for production persistence.','[\"True\", \"False\"]',1,'2026-05-14 23:50:08','2026-05-14 23:50:08'),('7e8d3dac-4fd6-11f1-9abe-6c02e0d26821','dde5cde4-4fcc-11f1-9abe-6c02e0d26821',NULL,NULL,'454cde6d-4f80-11f1-ba5b-00090ffe0001','multiple_choice','Which package integrates middleware-based validation into Express routes?','[\"express-validator\", \"lodash\", \"body-parser\", \"morgan\"]',0,'2026-05-14 23:50:08','2026-05-14 23:50:08'),('7e8d6f28-4fd6-11f1-9abe-6c02e0d26821','dde5cde4-4fcc-11f1-9abe-6c02e0d26821',NULL,NULL,'454cde6d-4f80-11f1-ba5b-00090ffe0001','written','Why is sanitization important when accepting user input?','[\"To prevent injection attacks, remove unwanted characters, and ensure stored data is safe and consistent.\"]',0,'2026-05-14 23:50:08','2026-05-14 23:50:08'),('7e8ef158-4fd6-11f1-9abe-6c02e0d26821','dde5cde4-4fcc-11f1-9abe-6c02e0d26821',NULL,NULL,'454cde6d-4f80-11f1-ba5b-00090ffe0001','multiple_choice','Which operation should return 204 No Content when successful and no body is returned?','[\"GET resource\", \"POST creation\", \"DELETE successful deletion\", \"PUT full update\"]',2,'2026-05-14 23:50:09','2026-05-14 23:50:09'),('7e8f2d93-4fd6-11f1-9abe-6c02e0d26821','dde5cde4-4fcc-11f1-9abe-6c02e0d26821',NULL,NULL,'454cde6d-4f80-11f1-ba5b-00090ffe0001','true_false','Database calls in Node are typically asynchronous and return Promises or use callbacks.','[\"True\", \"False\"]',0,'2026-05-14 23:50:09','2026-05-14 23:50:09'),('7e8fef72-4fd6-11f1-9abe-6c02e0d26821','dde5cde4-4fcc-11f1-9abe-6c02e0d26821',NULL,NULL,'454cde6d-4f80-11f1-ba5b-00090ffe0001','multiple_choice','Which part of a JWT typically contains claims like user id and expiration?','[\"header\", \"payload\", \"signature\", \"footer\"]',1,'2026-05-14 23:50:09','2026-05-14 23:50:09'),('7e902acb-4fd6-11f1-9abe-6c02e0d26821','dde5cde4-4fcc-11f1-9abe-6c02e0d26821',NULL,NULL,'454cde6d-4f80-11f1-ba5b-00090ffe0001','true_false','You should use a well-tested crypto library to sign JWTs in production instead of a custom implementation.','[\"True\", \"False\"]',0,'2026-05-14 23:50:09','2026-05-14 23:50:09'),('8ab9faea-5537-11f1-9abe-6c02e0d26821','5de2c59c-551f-11f1-9abe-6c02e0d26821',NULL,'3eca5225-5522-11f1-9abe-6c02e0d26821','454ce8f9-4f80-11f1-ba5b-00090ffe0001','multiple_choice','What does this Handle Cycle Detection and Topological Sorting starter code print?','[\"Cycle detected: True Topological order: None\", \"Cycle detected: False Topological order: [\'D\', \'E\', \'A\', \'B\', \'C\', \'F\']\", \"Cycle detected: True\", \"Cycle detected: False Topological order: [\'A\', \'B\', \'C\', \'D\', \'E\', \'F\']\"]',0,'2026-05-21 20:07:26','2026-05-21 20:07:26'),('95ea1493-5082-11f1-9abe-6c02e0d26821','4d9de360-5082-11f1-9abe-6c02e0d26821',NULL,'95e8ecf1-5082-11f1-9abe-6c02e0d26821','454cf180-4f80-11f1-ba5b-00090ffe0001','multiple_choice','When running the starter code for \"Create and link external stylesheets\", what will be printed to the console?','[\"stylesheet linked successfully\", \"Stylesheet linked successfully\", \"stylesheet linked successfully.\", \"stylesheet not found\"]',0,'2026-05-15 20:22:01','2026-05-15 20:22:01'),('95ecb276-5082-11f1-9abe-6c02e0d26821','4d9de360-5082-11f1-9abe-6c02e0d26821',NULL,'95ebb4f5-5082-11f1-9abe-6c02e0d26821','454cf180-4f80-11f1-ba5b-00090ffe0001','multiple_choice','When you run the starter code for the lesson \"Write CSS syntax: selectors, properties, and values\", what is logged to the console?','[\"css rule applied\", \"box styled\", \"style added\", \"card highlighted\"]',0,'2026-05-15 20:22:01','2026-05-15 20:22:01'),('95ed0eb7-5082-11f1-9abe-6c02e0d26821','4d9de360-5082-11f1-9abe-6c02e0d26821',NULL,'95ece23a-5082-11f1-9abe-6c02e0d26821','454cf180-4f80-11f1-ba5b-00090ffe0001','multiple_choice','In the lesson \'Use common selectors: type, class, id, and attribute\', what does the starter code log to the console?','[\"matches 3\", \"matches 4\", \"matches 2\", \"matches 1\"]',1,'2026-05-15 20:22:01','2026-05-15 20:22:01'),('95edf5e5-5082-11f1-9abe-6c02e0d26821','4d9de360-5082-11f1-9abe-6c02e0d26821',NULL,'95edc98b-5082-11f1-9abe-6c02e0d26821','454cf180-4f80-11f1-ba5b-00090ffe0001','multiple_choice','In the starter code for \'Apply combinators and pseudo-classes to target elements\', what exact console.log output shows the counts for the selectors used?','[\"3 2 1 2 1\", \"3 2 2 2 1\", \"2 2 1 2 1\", \"3 2 1 1 1\"]',0,'2026-05-15 20:22:01','2026-05-15 20:22:01'),('95eee2af-5082-11f1-9abe-6c02e0d26821','4d9de360-5082-11f1-9abe-6c02e0d26821',NULL,'95ee9629-5082-11f1-9abe-6c02e0d26821','454cf180-4f80-11f1-ba5b-00090ffe0001','multiple_choice','In the lesson Explain and manipulate the CSS box model (margin, border, padding, content), what exact string does the starter-code log to the console?','[\"content 200px padding 10px border 4px margin 16px total 260px\", \"content 200px padding 10px border 4px margin 16px total 220px\", \"content 200px padding 20px border 8px margin 32px total 300px\"]',0,'2026-05-15 20:22:01','2026-05-15 20:22:01'),('95ef53d2-5082-11f1-9abe-6c02e0d26821','4d9de360-5082-11f1-9abe-6c02e0d26821',NULL,'95ef1213-5082-11f1-9abe-6c02e0d26821','454cf180-4f80-11f1-ba5b-00090ffe0001','multiple_choice','In the lesson \'Control element display: block, inline, inline-block, and none\' what exact text does the starter code log to the console','[\"block inline inlineblock none\", \"block inline inline-block none\", \"block inline none inlineblock\", \"inline block inlineblock none\"]',0,'2026-05-15 20:22:01','2026-05-15 20:22:01'),('95ef9f06-5082-11f1-9abe-6c02e0d26821','4d9de360-5082-11f1-9abe-6c02e0d26821',NULL,'95ef78e0-5082-11f1-9abe-6c02e0d26821','454cf180-4f80-11f1-ba5b-00090ffe0001','multiple_choice','In the lesson \'Position elements with static, relative, absolute, and fixed positioning\', what will the starter code log to the console?','[\"fixed box is boxfixed\", \"fixed box id is boxfixed\", \"fixed box is box-fixed\", \"boxfixed is fixed box\"]',0,'2026-05-15 20:22:01','2026-05-15 20:22:01'),('95f00852-5082-11f1-9abe-6c02e0d26821','4d9de360-5082-11f1-9abe-6c02e0d26821',NULL,'95efd8b3-5082-11f1-9abe-6c02e0d26821','454cf180-4f80-11f1-ba5b-00090ffe0001','multiple_choice','In the lesson \'Float elements and clear floats for wrap-around layouts\', what does the starter code log to the console after injecting the clearfix?','[\"clearfix applied\", \"no clearfix\", \"layout broken\", \"clearfix not applied\"]',0,'2026-05-15 20:22:01','2026-05-15 20:22:01'),('95f0cfd1-5082-11f1-9abe-6c02e0d26821','4d9de360-5082-11f1-9abe-6c02e0d26821',NULL,'95f0ac9f-5082-11f1-9abe-6c02e0d26821','454cf180-4f80-11f1-ba5b-00090ffe0001','multiple_choice','In the lesson \'Use CSS units and responsive sizing (px, em, rem, %, vw, vh)\', what will the starter code log to the console?','[\"box width 160px\", \"box width 10rem\", \"box width 100px\", \"box width 160.00px\"]',0,'2026-05-15 20:22:01','2026-05-15 20:22:01'),('95f16f82-5082-11f1-9abe-6c02e0d26821','4d9de360-5082-11f1-9abe-6c02e0d26821',NULL,'95f122b5-5082-11f1-9abe-6c02e0d26821','454cf180-4f80-11f1-ba5b-00090ffe0001','multiple_choice','In the lesson \'Apply color using named colors, hex, rgb(), rgba(), and hsl()\', what does the starter code log to the console after verifying the rgba opacity?','[\"color test passed\", \"color test failed\", \"rgba applied\", \"rgb 255 0 0\"]',0,'2026-05-15 20:22:01','2026-05-15 20:22:01'),('95f26925-5082-11f1-9abe-6c02e0d26821','4d9de360-5082-11f1-9abe-6c02e0d26821',NULL,'95f19e22-5082-11f1-9abe-6c02e0d26821','454cf180-4f80-11f1-ba5b-00090ffe0001','multiple_choice','In the lesson \'Control typography: font-family, font-size, font-weight, and line-height\', what does the starter code log to the console?','[\"computed font-size 18px and line-height 28.8px\", \"computed font-size 16px and line-height 1.5\", \"computed font-size 18px and line-height 1.6\", \"computed font-size 20px and line-height 1.4\"]',2,'2026-05-15 20:22:01','2026-05-15 20:22:01'),('95f2e615-5082-11f1-9abe-6c02e0d26821','4d9de360-5082-11f1-9abe-6c02e0d26821',NULL,'95f29ec5-5082-11f1-9abe-6c02e0d26821','454cf180-4f80-11f1-ba5b-00090ffe0001','multiple_choice','In the lesson \'Load and use web fonts with @font-face and Google Fonts\', what does the starter code print to the console after fonts finish loading?','[\"fonts loaded successfully\", \"fonts failed to load\", \"fonts are still loading\", \"fonts loaded\"]',0,'2026-05-15 20:22:01','2026-05-15 20:22:01'),('95f33ec8-5082-11f1-9abe-6c02e0d26821','4d9de360-5082-11f1-9abe-6c02e0d26821',NULL,'95f30585-5082-11f1-9abe-6c02e0d26821','454cf180-4f80-11f1-ba5b-00090ffe0001','multiple_choice','In the lesson \'Create backgrounds and gradients with background-image and linear-gradient\', what does the starter code log to the console after applying the backgrounds?','[\"background ready\", \"Background ready\", \"background ready!\", \"background loaded\"]',0,'2026-05-15 20:22:01','2026-05-15 20:22:01'),('95f37ad6-5082-11f1-9abe-6c02e0d26821','4d9de360-5082-11f1-9abe-6c02e0d26821',NULL,'95f35ee3-5082-11f1-9abe-6c02e0d26821','454cf180-4f80-11f1-ba5b-00090ffe0001','multiple_choice','In the \'Style images and icons: object-fit, SVG, and responsive images\' lesson, what does the starter code log to the console after the created image finishes loading?','[\"images loaded successfully\", \"image loaded successfully\", \"images loaded\", \"images failed to load\"]',0,'2026-05-15 20:22:01','2026-05-15 20:22:01'),('95f45196-5082-11f1-9abe-6c02e0d26821','4d9de360-5082-11f1-9abe-6c02e0d26821',NULL,'95f4335a-5082-11f1-9abe-6c02e0d26821','454cf180-4f80-11f1-ba5b-00090ffe0001','multiple_choice','In the \'Build flexible layouts with Flexbox\' starter code, what is printed to the console when the script runs?','[\"flex items 3\", \"Flex items 3\", \"flex items: 3\", \"flex items 4\"]',0,'2026-05-15 20:22:01','2026-05-15 20:22:01'),('95f48d3f-5082-11f1-9abe-6c02e0d26821','4d9de360-5082-11f1-9abe-6c02e0d26821',NULL,'95f47087-5082-11f1-9abe-6c02e0d26821','454cf180-4f80-11f1-ba5b-00090ffe0001','multiple_choice','In \'Create grid-based layouts with CSS Grid\', what does the starter code print to the console?','[\"grid example ready\", \"grid ready\", \"grid initialized\", \"grid example complete\"]',0,'2026-05-15 20:22:01','2026-05-15 20:22:01'),('95f4d6f7-5082-11f1-9abe-6c02e0d26821','4d9de360-5082-11f1-9abe-6c02e0d26821',NULL,'95f4a4da-5082-11f1-9abe-6c02e0d26821','454cf180-4f80-11f1-ba5b-00090ffe0001','multiple_choice','In the starter code for \'Implement responsive design with media queries and breakpoints\', what does the console.log output for width = 800?','[\"small\", \"medium\", \"large\"]',1,'2026-05-15 20:22:01','2026-05-15 20:22:01'),('95f57c82-5082-11f1-9abe-6c02e0d26821','4d9de360-5082-11f1-9abe-6c02e0d26821',NULL,'95f4f217-5082-11f1-9abe-6c02e0d26821','454cf180-4f80-11f1-ba5b-00090ffe0001','multiple_choice','In the lesson \"Combine Grid and Flexbox for complex responsive patterns\", what does the starter code log to the console when the layout finishes rendering?','[\"layout rendered\", \"layout complete\", \"render complete\", \"layout ready\"]',0,'2026-05-15 20:22:01','2026-05-15 20:22:01'),('95f72f17-5082-11f1-9abe-6c02e0d26821','4d9de360-5082-11f1-9abe-6c02e0d26821',NULL,'95f5aa33-5082-11f1-9abe-6c02e0d26821','454cf180-4f80-11f1-ba5b-00090ffe0001','multiple_choice','In the lesson \'Use modern sizing functions: clamp(), min(), max(), and fit-content()\', what exact string does the starter code log to the console?','[\"clamp 200px min 250px max 180px fit content 100px\", \"clamp 400px min 250px max 180px fit content 100px\", \"clamp 200px min 480px max 180px fit content 100px\", \"clamp 200px min 250px max 160px fit content 100px\"]',0,'2026-05-15 20:22:01','2026-05-15 20:22:01'),('95f99dbc-5082-11f1-9abe-6c02e0d26821','4d9de360-5082-11f1-9abe-6c02e0d26821',NULL,'95f9624c-5082-11f1-9abe-6c02e0d26821','454cf180-4f80-11f1-ba5b-00090ffe0001','multiple_choice','In the lesson \'Animate UI with transitions and transforms\', what does the starter code log to the console after the transform transition ends?','[\"animation complete\", \"animation complete!\", \"Animation complete\", \"transition finished\"]',0,'2026-05-15 20:22:01','2026-05-15 20:22:01'),('95fa21bc-5082-11f1-9abe-6c02e0d26821','4d9de360-5082-11f1-9abe-6c02e0d26821',NULL,'95f9e6da-5082-11f1-9abe-6c02e0d26821','454cf180-4f80-11f1-ba5b-00090ffe0001','multiple_choice','In the \'Create keyframe animations and control timing\' lesson starter code, what will be printed to the console after the animation ends?','[\"animation ended\", \"animation complete\", \"animation finished\", \"animation started\"]',0,'2026-05-15 20:22:01','2026-05-15 20:22:01'),('95fa7b85-5082-11f1-9abe-6c02e0d26821','4d9de360-5082-11f1-9abe-6c02e0d26821',NULL,'95fa4d2e-5082-11f1-9abe-6c02e0d26821','454cf180-4f80-11f1-ba5b-00090ffe0001','multiple_choice','In the lesson \'Use CSS custom properties (variables) and calc() for dynamic values\', what does the starter code log to the console after computing the padding?','[\"computed padding 32px\", \"computed padding 16px\", \"computed padding 48px\", \"computed margin 32px\"]',0,'2026-05-15 20:22:01','2026-05-15 20:22:01'),('95fb5278-5082-11f1-9abe-6c02e0d26821','4d9de360-5082-11f1-9abe-6c02e0d26821',NULL,'95faa60e-5082-11f1-9abe-6c02e0d26821','454cf180-4f80-11f1-ba5b-00090ffe0001','multiple_choice','In \'Optimize and maintain styles with BEM, modular CSS, and file organization\', what does the starter code log to the console?','[\"card normal\", \"card featured\", \"card__title\", \"card card--featured\"]',1,'2026-05-15 20:22:01','2026-05-15 20:22:01'),('95fbe1ac-5082-11f1-9abe-6c02e0d26821','4d9de360-5082-11f1-9abe-6c02e0d26821',NULL,'95fba39b-5082-11f1-9abe-6c02e0d26821','454cf180-4f80-11f1-ba5b-00090ffe0001','multiple_choice','In the lesson \'Improve performance and accessibility with critical CSS and prefers-reduced-motion\', what does the starter JavaScript print to the console?','[\"critical css loaded\", \"critical css missing\", \"prefers reduced motion enabled\", \"critical css applied\"]',0,'2026-05-15 20:22:01','2026-05-15 20:22:01'),('9d4f2534-506a-11f1-9abe-6c02e0d26821','dde5cde4-4fcc-11f1-9abe-6c02e0d26821',NULL,'cedb8d71-5066-11f1-9abe-6c02e0d26821','454cde6d-4f80-11f1-ba5b-00090ffe0001','multiple_choice','In \"Initialize an Express server and manage environments\", what will the console print when you run this code?','[\"listening on port 3000 in development mode\", \"listening on port 3000 in DeVeLoPmEnT mode\", \"listening on port undefined in development mode\", \"server listening on port 3000 in development mode\"]',0,'2026-05-15 17:30:26','2026-05-15 17:36:53'),('a298fd11-4fd4-11f1-9abe-6c02e0d26821','dde5cde4-4fcc-11f1-9abe-6c02e0d26821',NULL,NULL,'454cde6d-4f80-11f1-ba5b-00090ffe0001','multiple_choice','Which tool is typically used to test REST APIs interactively?','[\"Postman\", \"VS Code\", \"Webpack\", \"Babel\"]',0,'2026-05-14 23:36:50','2026-05-14 23:36:50'),('a299835d-4fd4-11f1-9abe-6c02e0d26821','dde5cde4-4fcc-11f1-9abe-6c02e0d26821',NULL,NULL,'454cde6d-4f80-11f1-ba5b-00090ffe0001','true_false','Express is a framework built on top of Node.js to help create web servers and APIs.','[\"True\", \"False\"]',0,'2026-05-14 23:36:50','2026-05-14 23:36:50'),('a29a12d9-4fd4-11f1-9abe-6c02e0d26821','dde5cde4-4fcc-11f1-9abe-6c02e0d26821',NULL,NULL,'454cde6d-4f80-11f1-ba5b-00090ffe0001','multiple_choice','Which command initializes a new npm project interactively?','[\"npm init -y\", \"npm new\", \"npm init\", \"npm create\"]',2,'2026-05-14 23:36:50','2026-05-14 23:36:50'),('a29a491a-4fd4-11f1-9abe-6c02e0d26821','dde5cde4-4fcc-11f1-9abe-6c02e0d26821',NULL,NULL,'454cde6d-4f80-11f1-ba5b-00090ffe0001','written','When should you prefer an LTS Node version for production?','[\"Use LTS in production for stability and long-term support; use current releases only to test new features.\"]',0,'2026-05-14 23:36:50','2026-05-14 23:36:50'),('a29ad8c4-4fd4-11f1-9abe-6c02e0d26821','dde5cde4-4fcc-11f1-9abe-6c02e0d26821',NULL,NULL,'454cde6d-4f80-11f1-ba5b-00090ffe0001','multiple_choice','What is middleware in Express?','[\"A function that sits between request and response to process or transform data\", \"A database connector\", \"A template engine\", \"A CSS framework\"]',0,'2026-05-14 23:36:50','2026-05-14 23:36:50'),('a29bf371-4fd4-11f1-9abe-6c02e0d26821','dde5cde4-4fcc-11f1-9abe-6c02e0d26821',NULL,NULL,'454cde6d-4f80-11f1-ba5b-00090ffe0001','multiple_choice','In this simulated app, what should app.handle(\'GET\', \'/hello\') return?','[\"status 200 with message \'hello world\'\", \"status 404\", \"status 500\", \"an exception\"]',0,'2026-05-14 23:36:50','2026-05-14 23:36:50'),('a29c4efa-4fd4-11f1-9abe-6c02e0d26821','dde5cde4-4fcc-11f1-9abe-6c02e0d26821',NULL,NULL,'454cde6d-4f80-11f1-ba5b-00090ffe0001','written','Explain briefly why we simulate Express behavior in the browser before running a real server.','[\"Simulation isolates routing/middleware logic so you can test patterns and handlers quickly in the browser without needing server bootstrapping and ports.\"]',0,'2026-05-14 23:36:50','2026-05-14 23:36:50'),('a29ce4ce-4fd4-11f1-9abe-6c02e0d26821','dde5cde4-4fcc-11f1-9abe-6c02e0d26821',NULL,NULL,'454cde6d-4f80-11f1-ba5b-00090ffe0001','true_false','You should commit your .env files with secrets to version control.','[\"True\", \"False\"]',1,'2026-05-14 23:36:50','2026-05-14 23:36:50'),('a29da8c0-4fd4-11f1-9abe-6c02e0d26821','dde5cde4-4fcc-11f1-9abe-6c02e0d26821',NULL,NULL,'454cde6d-4f80-11f1-ba5b-00090ffe0001','multiple_choice','Given route \'/users/:id\', what path will match and extract id=99?','[\"/users/99\", \"/users?id=99\", \"/users/99/profile\", \"/users/\"]',0,'2026-05-14 23:36:50','2026-05-14 23:36:50'),('a29e1d7c-4fd4-11f1-9abe-6c02e0d26821','dde5cde4-4fcc-11f1-9abe-6c02e0d26821',NULL,NULL,'454cde6d-4f80-11f1-ba5b-00090ffe0001','multiple_choice','What should a middleware call to pass control to the next middleware?','[\"next()\", \"continue()\", \"pass()\", \"done()\"]',0,'2026-05-14 23:36:50','2026-05-14 23:36:50'),('a29e4b10-4fd4-11f1-9abe-6c02e0d26821','dde5cde4-4fcc-11f1-9abe-6c02e0d26821',NULL,NULL,'454cde6d-4f80-11f1-ba5b-00090ffe0001','written','Name one reason to centralize error handling middleware in Express.','[\"Centralized error handling ensures consistent error responses and logging, and keeps route handlers clean.\"]',0,'2026-05-14 23:36:50','2026-05-14 23:36:50'),('a29f3903-4fd4-11f1-9abe-6c02e0d26821','dde5cde4-4fcc-11f1-9abe-6c02e0d26821',NULL,NULL,'454cde6d-4f80-11f1-ba5b-00090ffe0001','multiple_choice','Which built-in Express middleware parses JSON request bodies?','[\"express.json()\", \"express.urlencoded()\", \"bodyParser.raw()\", \"express.static()\"]',0,'2026-05-14 23:36:50','2026-05-14 23:36:50'),('a29f9fdd-4fd4-11f1-9abe-6c02e0d26821','dde5cde4-4fcc-11f1-9abe-6c02e0d26821',NULL,NULL,'454cde6d-4f80-11f1-ba5b-00090ffe0001','multiple_choice','Why use an async handler wrapper in Express?','[\"To catch promise rejections and forward them to error middleware\", \"To speed up requests\", \"To automatically log requests\", \"To parse JSON\"]',0,'2026-05-14 23:36:50','2026-05-14 23:36:50'),('a2a0e2a8-4fd4-11f1-9abe-6c02e0d26821','dde5cde4-4fcc-11f1-9abe-6c02e0d26821',NULL,NULL,'454cde6d-4f80-11f1-ba5b-00090ffe0001','multiple_choice','Which database is document-oriented?','[\"mongodb\", \"postgresql\", \"mysql\", \"sqlite\"]',0,'2026-05-14 23:36:50','2026-05-14 23:36:50'),('a2a17eeb-4fd4-11f1-9abe-6c02e0d26821','dde5cde4-4fcc-11f1-9abe-6c02e0d26821',NULL,NULL,'454cde6d-4f80-11f1-ba5b-00090ffe0001','multiple_choice','What should readTodo(999) return if the item doesn\'t exist in our in-memory DB?','[\"null\", \"{}\", \"throws error\", \"true\"]',0,'2026-05-14 23:36:50','2026-05-14 23:36:50'),('a2a21320-4fd4-11f1-9abe-6c02e0d26821','dde5cde4-4fcc-11f1-9abe-6c02e0d26821',NULL,NULL,'454cde6d-4f80-11f1-ba5b-00090ffe0001','multiple_choice','In Mongoose, which of these is used to define a document structure?','[\"Schema\", \"ModelView\", \"Entity\", \"DTO\"]',0,'2026-05-14 23:36:50','2026-05-14 23:36:50'),('a2a2723e-4fd4-11f1-9abe-6c02e0d26821','dde5cde4-4fcc-11f1-9abe-6c02e0d26821',NULL,NULL,'454cde6d-4f80-11f1-ba5b-00090ffe0001','written','Give one advantage of using a repository abstraction over direct DB calls in controllers.','[\"It decouples controllers from the DB implementation, making testing and swapping databases easier.\"]',0,'2026-05-14 23:36:50','2026-05-14 23:36:50'),('a2a35d7f-4fd4-11f1-9abe-6c02e0d26821','dde5cde4-4fcc-11f1-9abe-6c02e0d26821',NULL,NULL,'454cde6d-4f80-11f1-ba5b-00090ffe0001','multiple_choice','Which pagination approach is generally better for large datasets and stable sorting?','[\"cursor-based pagination\", \"offset-based pagination\", \"retrieving entire collection each time\", \"random sampling\"]',0,'2026-05-14 23:36:50','2026-05-14 23:36:50'),('a2a3ff9f-4fd4-11f1-9abe-6c02e0d26821','dde5cde4-4fcc-11f1-9abe-6c02e0d26821',NULL,NULL,'454cde6d-4f80-11f1-ba5b-00090ffe0001','multiple_choice','Which method is stateless and commonly used in APIs to authenticate requests without server-side sessions?','[\"JWT\", \"Server-side sessions stored in memory\", \"Cookies only without tokens\", \"IP whitelisting\"]',0,'2026-05-14 23:36:50','2026-05-14 23:36:50'),('a2a51526-4fd4-11f1-9abe-6c02e0d26821','dde5cde4-4fcc-11f1-9abe-6c02e0d26821',NULL,NULL,'454cde6d-4f80-11f1-ba5b-00090ffe0001','multiple_choice','Why is the above token approach insecure for production?','[\"There is no signature or HMAC ensuring token integrity\", \"It uses too much CPU\", \"It only supports XML payloads\", \"It can\'t encode JSON\"]',0,'2026-05-14 23:36:50','2026-05-14 23:36:50'),('a2a5beea-4fd4-11f1-9abe-6c02e0d26821','dde5cde4-4fcc-11f1-9abe-6c02e0d26821',NULL,NULL,'454cde6d-4f80-11f1-ba5b-00090ffe0001','multiple_choice','If a resource\'s owner id is 5 and req.userId is 6, middleware should:','[\"return 403 forbidden\", \"allow the request\", \"return 200 ok with empty body\", \"delete the resource\"]',0,'2026-05-14 23:36:50','2026-05-14 23:36:50'),('a2a6afcb-4fd4-11f1-9abe-6c02e0d26821','dde5cde4-4fcc-11f1-9abe-6c02e0d26821',NULL,NULL,'454cde6d-4f80-11f1-ba5b-00090ffe0001','multiple_choice','Which library is commonly used for assertions in JavaScript testing?','[\"chai\", \"webpack\", \"eslint\", \"nodemon\"]',0,'2026-05-14 23:36:50','2026-05-14 23:36:50'),('a2a70472-4fd4-11f1-9abe-6c02e0d26821','dde5cde4-4fcc-11f1-9abe-6c02e0d26821',NULL,NULL,'454cde6d-4f80-11f1-ba5b-00090ffe0001','multiple_choice','Which middleware helps set secure HTTP headers in Express?','[\"helmet\", \"cors\", \"morgan\", \"body-parser\"]',0,'2026-05-14 23:36:50','2026-05-14 23:36:50'),('a2a72ad8-4fd4-11f1-9abe-6c02e0d26821','dde5cde4-4fcc-11f1-9abe-6c02e0d26821',NULL,NULL,'454cde6d-4f80-11f1-ba5b-00090ffe0001','written','Name two environment variables you should set in production for an Express app.','[\"NODE_ENV=production and PORT (or database connection string like DATABASE_URL).\"]',0,'2026-05-14 23:36:50','2026-05-14 23:36:50'),('b2b7fc93-5531-11f1-9abe-6c02e0d26821','5de2c59c-551f-11f1-9abe-6c02e0d26821',NULL,'3eac5fc0-5522-11f1-9abe-6c02e0d26821','454ce8f9-4f80-11f1-ba5b-00090ffe0001','multiple_choice','What does Demonstrate Stacks and Queues Using Python Collections print?','[\"Stack after pushes: [10, 20, 30] Popped from stack: 30 Stack after pop: [10, 20] Top of stack: 20 Queue after enqueues: [1, 2, 3] Dequeued from queue: 1 Queue after dequeue: [2, 3] Front of queue: 2\", \"Stack after pushes: [10, 20] Popped from stack: 20 Stack after pop: [10] Top of stack: 10 Queue after enqueues: [1, 2, 3] Dequeued from queue: 1 Queue after dequeue: [2, 3] Front of queue: 2\", \"Stack after pushes: [10, 20, 30] Popped from stack: 10 Stack after pop: [20, 30] Top of stack: 30 Queue after enqueues: [1, 2, 3] Dequeued from queue: 3 Queue after dequeue: [1, 2] Front of queue: 1\", \"Stack after pushes: [10, 20, 30] Popped from stack: 30 Stack after pop: [10, 20] Top of stack: 10 Queue after enqueues: [1, 2, 3] Dequeued from queue: 2 Queue after dequeue: [3] Front of queue: 3\"]',0,'2026-05-21 19:25:36','2026-05-21 19:25:36'),('bbc498e7-5132-11f1-9abe-6c02e0d26821','072aba94-5083-11f1-9abe-6c02e0d26821',NULL,'bbc40317-5132-11f1-9abe-6c02e0d26821','454cecad-4f80-11f1-ba5b-00090ffe0001','multiple_choice','In the lesson \'Declare variables with let and const\', what will the starter code print to the console?','[\"hello 1 hi 2 hello 1\", \"hello 1 hello 2 hello 1\", \"hello 2 hi 2 hello 2\", \"hi 2 hello 1 hello 1\"]',0,'2026-05-16 17:22:56','2026-05-16 17:22:56'),('bbc5d05b-5132-11f1-9abe-6c02e0d26821','072aba94-5083-11f1-9abe-6c02e0d26821',NULL,'bbc54003-5132-11f1-9abe-6c02e0d26821','454cecad-4f80-11f1-ba5b-00090ffe0001','multiple_choice','In the \'Work with primitive data types (string, number, boolean, null, undefined, symbol)\' starter code, what exact string is printed to the console?','[\"string number boolean object undefined symbol\", \"string number boolean null undefined symbol\", \"string number boolean null symbol undefined\", \"string number boolean undefined null symbol\"]',1,'2026-05-16 17:22:56','2026-05-16 17:22:56'),('bbc7179b-5132-11f1-9abe-6c02e0d26821','072aba94-5083-11f1-9abe-6c02e0d26821',NULL,'bbc619be-5132-11f1-9abe-6c02e0d26821','454cecad-4f80-11f1-ba5b-00090ffe0001','multiple_choice','In the lesson \'Perform arithmetic and comparison operations\', what exact console output does the starter code produce?','[\"sum 13 product 30 c 18 isgreater false isequal false\", \"sum 13 product 30 c 18 isgreater true isequal false\", \"sum 13 product 30 c 15 isgreater false isequal false\", \"sum 13 product 30 c 18 isgreater false isequal true\"]',0,'2026-05-16 17:22:56','2026-05-16 17:22:56'),('bbc7c780-5132-11f1-9abe-6c02e0d26821','072aba94-5083-11f1-9abe-6c02e0d26821',NULL,'bbc756d3-5132-11f1-9abe-6c02e0d26821','454cecad-4f80-11f1-ba5b-00090ffe0001','multiple_choice','In the lesson \'Control execution with if/else and switch statements\', what does the starter code print to the console?','[\"focus on learning\", \"build career and skills\", \"enjoy retirement\", \"have fun learning basics\"]',0,'2026-05-16 17:22:56','2026-05-16 17:22:56'),('bbc86d11-5132-11f1-9abe-6c02e0d26821','072aba94-5083-11f1-9abe-6c02e0d26821',NULL,'bbc83351-5132-11f1-9abe-6c02e0d26821','454cecad-4f80-11f1-ba5b-00090ffe0001','multiple_choice','In the lesson \'Loop with for, while, and for...of\', what exact lines does the starter code print to the console?','[\"for loop numbers 0 1 2 3 4 while loop numbers 5 6 7 8 9 for of letters a b c\", \"for loop numbers 0 1 2 3 4 while loop numbers 0 1 2 3 4 for of letters a b c\", \"for loop numbers 0 1 2 3 4 while loop numbers 5 6 7 8 9 for of letters a b c\"]',0,'2026-05-16 17:22:56','2026-05-16 17:22:56'),('bbc96c6d-5132-11f1-9abe-6c02e0d26821','072aba94-5083-11f1-9abe-6c02e0d26821',NULL,'bbc922b8-5132-11f1-9abe-6c02e0d26821','454cecad-4f80-11f1-ba5b-00090ffe0001','multiple_choice','In the lesson \'Write and invoke functions, including arrow functions\', what is the exact console.log output produced by the starter-code?','[\"5 16 hello ada 10\", \"5 16 hello ada 10\", \"5 16 Hello Ada 10\", \"5 16 hello ada 10.\"]',0,'2026-05-16 17:22:56','2026-05-16 17:22:56'),('bbcaf06f-5132-11f1-9abe-6c02e0d26821','072aba94-5083-11f1-9abe-6c02e0d26821',NULL,'bbc9cbb2-5132-11f1-9abe-6c02e0d26821','454cecad-4f80-11f1-ba5b-00090ffe0001','multiple_choice','In the lesson Manage scope and closures to control variable visibility, what will the starter code print to the console?','[\"a 1 a 2 b 1 a 3\", \"a 1 a 2 a 3 b 1\", \"a 1 b 1 a 2 a 3\", \"a 1 b 1 b 2 a 2\"]',0,'2026-05-16 17:22:56','2026-05-16 17:22:56'),('bbcb5900-5132-11f1-9abe-6c02e0d26821','072aba94-5083-11f1-9abe-6c02e0d26821',NULL,'bbcb2710-5132-11f1-9abe-6c02e0d26821','454cecad-4f80-11f1-ba5b-00090ffe0001','multiple_choice','In the lesson \'Use parameters, default values, rest and spread operators\', what does the starter code print to the console?','[\"alice 30 2 hobbies\", \"alice 30 3 hobbies\", \"alice 2 30 hobbies\", \"alice 30 0 hobbies\"]',0,'2026-05-16 17:22:56','2026-05-16 17:22:56'),('bbcbbe1b-5132-11f1-9abe-6c02e0d26821','072aba94-5083-11f1-9abe-6c02e0d26821',NULL,'bbcb8418-5132-11f1-9abe-6c02e0d26821','454cecad-4f80-11f1-ba5b-00090ffe0001','multiple_choice','In the lesson Handle errors with try/catch and throw custom errors what will the starter code print to the console when inputA is the string \'3\' and inputB is the number 4','[\"caught validation error inputs must be numbers\", \"parsed result 7\", \"caught unexpected error TypeError\", \"error inputs must be numbers\"]',0,'2026-05-16 17:22:56','2026-05-16 17:22:56'),('bbcc1354-5132-11f1-9abe-6c02e0d26821','072aba94-5083-11f1-9abe-6c02e0d26821',NULL,'bbcbe869-5132-11f1-9abe-6c02e0d26821','454cecad-4f80-11f1-ba5b-00090ffe0001','multiple_choice','In the lesson Debug JavaScript using console methods and browser breakpoints what is the exact console output produced by the starter code','[\"start user count 0 after increment 1 caught error undefined\", \"start user count 0 after increment 1 caught error undefined\", \"start user count 1 after increment 2 caught error undefined\", \"start user count 0 after increment 1\"]',0,'2026-05-16 17:22:56','2026-05-16 17:22:56'),('bbcd13cb-5132-11f1-9abe-6c02e0d26821','072aba94-5083-11f1-9abe-6c02e0d26821',NULL,'bbcc86f5-5132-11f1-9abe-6c02e0d26821','454cecad-4f80-11f1-ba5b-00090ffe0001','multiple_choice','In the lesson \'Create and manipulate objects and nested properties\', what exact string does the provided starter code log to the console?','[\"alice 30 blue\", \"Alice 31 blue\", \"alice 31 blue\", \"alice 31 red\"]',2,'2026-05-16 17:22:56','2026-05-16 17:22:56'),('bbce4b30-5132-11f1-9abe-6c02e0d26821','072aba94-5083-11f1-9abe-6c02e0d26821',NULL,'bbce106f-5132-11f1-9abe-6c02e0d26821','454cecad-4f80-11f1-ba5b-00090ffe0001','multiple_choice','In the lesson Define and use prototypes and prototype inheritance starter code, what exact console output appears when running the code?','[\"rover makes a sound rover barks woof\", \"rover makes a sound woof says rover\", \"rover barks woof rover makes a sound\", \"rover makes a sound\"]',0,'2026-05-16 17:22:56','2026-05-16 17:22:56'),('bbd0b292-5132-11f1-9abe-6c02e0d26821','072aba94-5083-11f1-9abe-6c02e0d26821',NULL,'bbcea55b-5132-11f1-9abe-6c02e0d26821','454cecad-4f80-11f1-ba5b-00090ffe0001','multiple_choice','In the starter code for \'Work with arrays and array methods (push, pop, map, filter, reduce, find)\', what does console.log output?','[\"even squares 4 16 36 sum 56 first over 10 16\", \"even squares 4 16 36 sum 56 first over 10 36\", \"even squares 4 16 36 sum 20 first over 10 16\"]',0,'2026-05-16 17:22:56','2026-05-16 17:22:56'),('bbd13467-5132-11f1-9abe-6c02e0d26821','072aba94-5083-11f1-9abe-6c02e0d26821',NULL,'bbd0ecf6-5132-11f1-9abe-6c02e0d26821','454cecad-4f80-11f1-ba5b-00090ffe0001','multiple_choice','In the \'Use JSON to serialize and parse data\' lesson starter code, what exact string is printed to the console after parsing the user object?','[\"Alice 30 js html\", \"alice 30 js html\", \"alice 30 [\\\"js\\\",\\\"html\\\"]\", \"{\\\"name\\\":\\\"alice\\\",\\\"age\\\":30,\\\"skills\\\":[\\\"js\\\",\\\"html\\\"]}\"]',1,'2026-05-16 17:22:56','2026-05-16 17:22:56'),('bbd1ac08-5132-11f1-9abe-6c02e0d26821','072aba94-5083-11f1-9abe-6c02e0d26821',NULL,'bbd175f7-5132-11f1-9abe-6c02e0d26821','454cecad-4f80-11f1-ba5b-00090ffe0001','multiple_choice','In the lesson \'Implement immutability patterns with spread and Object.assign\', what does the starter code log to the console?','[\"alice bob reading swimming\", \"alice bob reading hiking\", \"bob alice reading swimming\", \"alice bob hiking swimming\"]',0,'2026-05-16 17:22:56','2026-05-16 17:22:56'),('bbd2925a-5132-11f1-9abe-6c02e0d26821','072aba94-5083-11f1-9abe-6c02e0d26821',NULL,'bbd24eeb-5132-11f1-9abe-6c02e0d26821','454cecad-4f80-11f1-ba5b-00090ffe0001','multiple_choice','In the lesson \'Select and modify DOM elements with querySelector and classList\', what exact text does the starter code print to the console?','[\"hello world cta active\", \"hello world cta active highlighted\", \"original cta active highlighted\", \"hello world active highlighted\"]',1,'2026-05-16 17:22:56','2026-05-16 17:22:56'),('bbd31174-5132-11f1-9abe-6c02e0d26821','072aba94-5083-11f1-9abe-6c02e0d26821',NULL,'bbd2c3e8-5132-11f1-9abe-6c02e0d26821','454cecad-4f80-11f1-ba5b-00090ffe0001','multiple_choice','In the lesson \'Handle user interactions with addEventListener and event objects\', after clicking the button with id btn-stop once, what will be logged to the console?','[\"button clicked\", \"button clicked container clicked\", \"container clicked\", \"link clicked prevented\"]',0,'2026-05-16 17:22:56','2026-05-16 17:22:56'),('bbd4bcae-5132-11f1-9abe-6c02e0d26821','072aba94-5083-11f1-9abe-6c02e0d26821',NULL,'bbd40923-5132-11f1-9abe-6c02e0d26821','454cecad-4f80-11f1-ba5b-00090ffe0001','multiple_choice','In the lesson Build and update dynamic UI fragments using createElement and innerHTML starter code what does the final console.log output?','[\"rendered 2 items\", \"rendered 3 items\", \"rendered 4 items\"]',1,'2026-05-16 17:22:56','2026-05-16 17:22:56'),('bbd52c2b-5132-11f1-9abe-6c02e0d26821','072aba94-5083-11f1-9abe-6c02e0d26821',NULL,'bbd4e78f-5132-11f1-9abe-6c02e0d26821','454cecad-4f80-11f1-ba5b-00090ffe0001','multiple_choice','In the lesson Persist data in the browser using localStorage and sessionStorage, what does the starter code log to the console after updating and persisting the player object?','[\"local data name alice score 50\", \"local data name alice score 42\", \"local data name Alice score 50\", \"local data name alice score fifty\"]',0,'2026-05-16 17:22:56','2026-05-16 17:22:56'),('bbd5a803-5132-11f1-9abe-6c02e0d26821','072aba94-5083-11f1-9abe-6c02e0d26821',NULL,'bbd56938-5132-11f1-9abe-6c02e0d26821','454cecad-4f80-11f1-ba5b-00090ffe0001','multiple_choice','In the lesson \'Perform client-side form validation and manage submission with JavaScript\', what does the provided starter code print to the console when the preset values are valid?','[\"form submitted\", \"validation failed\", \"form submitted successfully\", \"error invalid email\"]',0,'2026-05-16 17:22:56','2026-05-16 17:22:56'),('bbd65061-5132-11f1-9abe-6c02e0d26821','072aba94-5083-11f1-9abe-6c02e0d26821',NULL,'bbd618a2-5132-11f1-9abe-6c02e0d26821','454cecad-4f80-11f1-ba5b-00090ffe0001','multiple_choice','In the lesson \'Work with callbacks, Promises, and async/await to handle asynchronous code\', what will the starter-code print to the console?','[\"callback result loaded promise result loaded async await result loaded\", \"callback result loaded async await result loaded promise result loaded\", \"Callback result loaded Promise result loaded Async await result loaded\"]',0,'2026-05-16 17:22:56','2026-05-16 17:22:56'),('bbd6a5a1-5132-11f1-9abe-6c02e0d26821','072aba94-5083-11f1-9abe-6c02e0d26821',NULL,'bbd67c22-5132-11f1-9abe-6c02e0d26821','454cecad-4f80-11f1-ba5b-00090ffe0001','multiple_choice','In the lesson \"Fetch API: request JSON and handle errors\", what exact console output does the provided starter code produce on success?','[\"todo title delectus aut autem\", \"todo title: delectus aut autem\", \"delectus aut autem\", \"todo title fetch failed\"]',0,'2026-05-16 17:22:56','2026-05-16 17:22:56'),('bbd7ccb9-5132-11f1-9abe-6c02e0d26821','072aba94-5083-11f1-9abe-6c02e0d26821',NULL,'bbd6cdf2-5132-11f1-9abe-6c02e0d26821','454cecad-4f80-11f1-ba5b-00090ffe0001','multiple_choice','In the lesson \'Modularize code using ES modules (import/export)\', what exact text does the starter code print to the console?','[\"sum 7 greeting hello alice\", \"sum 7 greeting hello alice!\", \"sum 7 greeting Hello Alice\", \"sum 7 greeting hello bob\"]',0,'2026-05-16 17:22:56','2026-05-16 17:22:56'),('bbd866be-5132-11f1-9abe-6c02e0d26821','072aba94-5083-11f1-9abe-6c02e0d26821',NULL,'bbd82c52-5132-11f1-9abe-6c02e0d26821','454cecad-4f80-11f1-ba5b-00090ffe0001','multiple_choice','In the lesson \'Use npm and a bundler to install dependencies and build a JavaScript project\', what exact message does the starter code log to the console after a successful build?','[\"build complete\", \"Project built successfully\", \"project built successfully\", \"build succeeded\"]',2,'2026-05-16 17:22:56','2026-05-16 17:22:56'),('bbd8e5b1-5132-11f1-9abe-6c02e0d26821','072aba94-5083-11f1-9abe-6c02e0d26821',NULL,'bbd89fcd-5132-11f1-9abe-6c02e0d26821','454cecad-4f80-11f1-ba5b-00090ffe0001','multiple_choice','In the Deploy a static JavaScript app to GitHub Pages lesson starter code, what exact text is printed to the console when the script runs?','[\"app deployed\", \"App deployed\", \"deployed\", \"app deployed successfully\"]',0,'2026-05-16 17:22:56','2026-05-16 17:22:56'),('c51e0353-507d-11f1-9abe-6c02e0d26821','6c78daa9-507d-11f1-9abe-6c02e0d26821',NULL,'c51d465e-507d-11f1-9abe-6c02e0d26821','454cf521-4f80-11f1-ba5b-00090ffe0001','multiple_choice','In the lesson \'Create a basic HTML document structure\', what exact message does the starter code log to the console?','[\"valid html document created\", \"valid html5 document created\", \"html5 document created successfully\"]',1,'2026-05-15 19:47:33','2026-05-15 19:47:33'),('c521dd5a-507d-11f1-9abe-6c02e0d26821','6c78daa9-507d-11f1-9abe-6c02e0d26821',NULL,'c521164f-507d-11f1-9abe-6c02e0d26821','454cf521-4f80-11f1-ba5b-00090ffe0001','multiple_choice','In the lesson \'Add metadata using head elements (meta, title, link)\', what does the starter code log to the console?','[\"my site utf8 styles css\", \"My Site utf-8 styles.css\", \"my site utf-8 styles.css\"]',0,'2026-05-15 19:47:33','2026-05-15 19:47:33'),('c522e9b0-507d-11f1-9abe-6c02e0d26821','6c78daa9-507d-11f1-9abe-6c02e0d26821',NULL,'c522a241-507d-11f1-9abe-6c02e0d26821','454cf521-4f80-11f1-ba5b-00090ffe0001','multiple_choice','In the lesson \'Insert text content with headings, paragraphs, and lists\', what does the starter code log to the console?','[\"welcome to my page this is an introductory paragraph first item second item\", \"Welcome to My Page This is an introductory paragraph First item Second item\", \"welcome to my page this is an introductory paragraph first item\"]',0,'2026-05-15 19:47:33','2026-05-15 19:47:33'),('c523281e-507d-11f1-9abe-6c02e0d26821','6c78daa9-507d-11f1-9abe-6c02e0d26821',NULL,'c5230ab7-507d-11f1-9abe-6c02e0d26821','454cf521-4f80-11f1-ba5b-00090ffe0001','multiple_choice','In the lesson \'Include images and captions using img and figure/figcaption\', what does the starter code log to the console after appending the figure?','[\"image added with alt cute orange cat on a fence\", \"image appended with alt cute orange cat on a fence\", \"figure created with caption a cute orange cat sitting on a wooden fence\"]',0,'2026-05-15 19:47:33','2026-05-15 19:47:33'),('c5237313-507d-11f1-9abe-6c02e0d26821','6c78daa9-507d-11f1-9abe-6c02e0d26821',NULL,'c5234b84-507d-11f1-9abe-6c02e0d26821','454cf521-4f80-11f1-ba5b-00090ffe0001','multiple_choice','In the Build links and navigation with anchor tags and nav lesson, what does the starter code print to the console?','[\"Home About Contact External\", \"home about contact external\", \"home about contact external link\", \"home about contact\"]',1,'2026-05-15 19:47:33','2026-05-15 19:47:33'),('c52428d8-507d-11f1-9abe-6c02e0d26821','6c78daa9-507d-11f1-9abe-6c02e0d26821',NULL,'c523dcce-507d-11f1-9abe-6c02e0d26821','454cf521-4f80-11f1-ba5b-00090ffe0001','multiple_choice','In the lesson \'Use semantic sectioning elements (header, main, section, article, aside, footer)\', what does the starter code log to the console after building the DOM?','[\"structure created\", \"document structured\", \"created structure\", \"structure created.\"]',0,'2026-05-15 19:47:33','2026-05-15 19:47:33'),('c524bef8-507d-11f1-9abe-6c02e0d26821','6c78daa9-507d-11f1-9abe-6c02e0d26821',NULL,'c5246be6-507d-11f1-9abe-6c02e0d26821','454cf521-4f80-11f1-ba5b-00090ffe0001','multiple_choice','In the lesson Create accessible forms with labels, inputs, and fieldset, what exact text does the starter code log to the console?','[\"one label associated\", \"three labels associated\", \"two labels associated\", \"zero labels associated\"]',2,'2026-05-15 19:47:33','2026-05-15 19:47:33'),('c5258c6f-507d-11f1-9abe-6c02e0d26821','6c78daa9-507d-11f1-9abe-6c02e0d26821',NULL,'c5254d75-507d-11f1-9abe-6c02e0d26821','454cf521-4f80-11f1-ba5b-00090ffe0001','multiple_choice','In the lesson \'Implement tables for tabular data with thead, tbody, tr, th, td\', what does the starter JavaScript print to the console after building and appending the table?','[\"table created with 3 rows and 4 columns\", \"table created with 4 rows and 3 columns\", \"table appended with 3 rows and 4 columns\", \"table created with three rows and four columns\"]',0,'2026-05-15 19:47:33','2026-05-15 19:47:33'),('c526e547-507d-11f1-9abe-6c02e0d26821','6c78daa9-507d-11f1-9abe-6c02e0d26821',NULL,'c526c875-507d-11f1-9abe-6c02e0d26821','454cf521-4f80-11f1-ba5b-00090ffe0001','multiple_choice','In the lesson \'Embed audio and video using audio and video elements\', what does the starter code log to the console after adding the elements?','[\"audio and video added\", \"audio and video elements added\", \"audio and video elements added.\", \"audio & video elements added\"]',1,'2026-05-15 19:47:33','2026-05-15 19:47:33'),('c5271d26-507d-11f1-9abe-6c02e0d26821','6c78daa9-507d-11f1-9abe-6c02e0d26821',NULL,'c526fec3-507d-11f1-9abe-6c02e0d26821','454cf521-4f80-11f1-ba5b-00090ffe0001','multiple_choice','In the lesson \'Integrate external content securely with iframe and object\', what exact console output does the starter code log after creating the sandboxed iframe?','[\"sandbox set allow scripts allow same origin\", \"sandbox set allow-scripts allow-same-origin\", \"sandbox set allow scripts\"]',0,'2026-05-15 19:47:33','2026-05-15 19:47:33'),('c527d641-507d-11f1-9abe-6c02e0d26821','6c78daa9-507d-11f1-9abe-6c02e0d26821',NULL,'c5273473-507d-11f1-9abe-6c02e0d26821','454cf521-4f80-11f1-ba5b-00090ffe0001','multiple_choice','In the lesson \'Use picture and srcset to deliver responsive images\', what exact string does the starter code log as the chosen image for dpr=2 and cssWidth=800?','[\"hero 800w jpg\", \"hero 1600w jpg\", \"hero 3200w jpg\", \"hero 1600w.jpg\"]',1,'2026-05-15 19:47:33','2026-05-15 19:47:33'),('c52857bc-507d-11f1-9abe-6c02e0d26821','6c78daa9-507d-11f1-9abe-6c02e0d26821',NULL,'c5281185-507d-11f1-9abe-6c02e0d26821','454cf521-4f80-11f1-ba5b-00090ffe0001','multiple_choice','In the \"Optimize images with attributes (alt, width/height, loading=\'lazy\')\" lesson, what exact single-line string does the starter code log to the console?','[\"alt mountain sunrise width 800 height 600 loading lazy\", \"alt mountain sunrise width 800 height 600 loading eager\", \"alt mountain sunrise width 600 height 400 loading lazy\", \"alt sunrise over mountains width 800 height 600 loading lazy\"]',0,'2026-05-15 19:47:33','2026-05-15 19:47:33'),('c528be5b-507d-11f1-9abe-6c02e0d26821','6c78daa9-507d-11f1-9abe-6c02e0d26821',NULL,'c5289926-507d-11f1-9abe-6c02e0d26821','454cf521-4f80-11f1-ba5b-00090ffe0001','multiple_choice','In the \'Link and preload resources with link, script, and rel attributes\' lesson, what will the starter-code print to the console (each line in order)?','[\"preload hint applied inline script executed dom content loaded deferred script executed\", \"inline script executed preload hint applied dom content loaded deferred script executed\", \"preload hint applied inline script executed deferred script executed dom content loaded\"]',0,'2026-05-15 19:47:33','2026-05-15 19:47:33'),('c5293a54-507d-11f1-9abe-6c02e0d26821','6c78daa9-507d-11f1-9abe-6c02e0d26821',NULL,'c52908c9-507d-11f1-9abe-6c02e0d26821','454cf521-4f80-11f1-ba5b-00090ffe0001','multiple_choice','After running the starter code in the lesson \'Create form controls: text, password, checkbox, radio, select, textarea\', what exact string is logged to the console?','[\"form submitted name alice password secret newsletter checked gender female color green comments hello\", \"form submitted name alice password secret newsletter unchecked gender female color green comments hello\", \"form submitted name alice password secret newsletter checked gender male color green comments hello\", \"form submitted name alice password secret newsletter checked gender female color red comments hello\"]',0,'2026-05-15 19:47:33','2026-05-15 19:47:33'),('c5299337-507d-11f1-9abe-6c02e0d26821','6c78daa9-507d-11f1-9abe-6c02e0d26821',NULL,'c5296959-507d-11f1-9abe-6c02e0d26821','454cf521-4f80-11f1-ba5b-00090ffe0001','multiple_choice','In the lesson \'Use semantic input types (email, url, number, date) for improved UX\', what will the starter code log to the console when all provided input values are valid?','[\"form valid\", \"form invalid\", \"form valid true\", \"valid\"]',0,'2026-05-15 19:47:33','2026-05-15 19:47:33'),('c529f65e-507d-11f1-9abe-6c02e0d26821','6c78daa9-507d-11f1-9abe-6c02e0d26821',NULL,'c529c04f-507d-11f1-9abe-6c02e0d26821','454cf521-4f80-11f1-ba5b-00090ffe0001','multiple_choice','In the lesson Build accessible forms: associate labels, legends, placeholders, and tabindex, what does the starter code log to the console after inserting the sample form?','[\"focusable elements 5\", \"focusable elements 4\", \"focusable elements 6\", \"focusable elements five\"]',0,'2026-05-15 19:47:33','2026-05-15 19:47:33'),('c52a60d7-507d-11f1-9abe-6c02e0d26821','6c78daa9-507d-11f1-9abe-6c02e0d26821',NULL,'c52a2951-507d-11f1-9abe-6c02e0d26821','454cf521-4f80-11f1-ba5b-00090ffe0001','multiple_choice','In the lesson \'Implement client-side validation with required, pattern, minlength, and maxlength\', when a user submits the provided signup form with all fields satisfying the constraints, what will the starter code log to the console?','[\"form valid\", \"form invalid\", \"form submission prevented\", \"validation passed\"]',0,'2026-05-15 19:47:33','2026-05-15 19:47:33'),('c52ad9c8-507d-11f1-9abe-6c02e0d26821','6c78daa9-507d-11f1-9abe-6c02e0d26821',NULL,'c52a8299-507d-11f1-9abe-6c02e0d26821','454cf521-4f80-11f1-ba5b-00090ffe0001','multiple_choice','In the lesson Handle file inputs and understand multipart/form-data basics what does the starter-code print to the console when run in the browser?','[\"exampletxt\", \"example.txt\", \"no files\", \"file uploaded exampletxt\"]',0,'2026-05-15 19:47:33','2026-05-15 19:47:33'),('ceda91b9-5066-11f1-9abe-6c02e0d26821','dde5cde4-4fcc-11f1-9abe-6c02e0d26821',NULL,'ced9a220-5066-11f1-9abe-6c02e0d26821','454cde6d-4f80-11f1-ba5b-00090ffe0001','multiple_choice','In \"Install Node.js and scaffold an Express project\", what will the console print when you run this code?','[\"scaffold complete\", \"Scaffold complete\", \"scaffold created\", \"scaffold complete step 1\"]',0,'2026-05-15 17:03:11','2026-05-15 17:36:53'),('f2ebc085-56c9-11f1-ba5b-00090ffe0001','4f0dd6ed-2076-11f1-97b2-6c02e0d26821','7c0ea9ec-2079-11f1-97b2-6c02e0d26821',NULL,'fb9e6f39-4f78-11f1-ba5b-00090ffe0001','written','Write the exact output produced by this Python statement: print(\"Welcome to the Python course!\")','[\"Welcome to the Python course!\"]',0,'2026-05-23 20:07:58','2026-05-23 20:07:58'),('f429db6f-5538-11f1-9abe-6c02e0d26821','5de2c59c-551f-11f1-9abe-6c02e0d26821',NULL,'3ecf1015-5522-11f1-9abe-6c02e0d26821','454ce8f9-4f80-11f1-ba5b-00090ffe0001','multiple_choice','What does Handle Performance Constraints and Worst-case Inputs starter code print?','[\"No pair found\", \"Found pair: 2 and 7\", \"Found pair: 4 and 5\", \"Found pair: 5 and 4\"]',2,'2026-05-21 20:17:32','2026-05-21 20:17:32'),('f44d9595-56c9-11f1-ba5b-00090ffe0001','4f0dd6ed-2076-11f1-97b2-6c02e0d26821','7c0ea9ec-2079-11f1-97b2-6c02e0d26821',NULL,'fb9e6f39-4f78-11f1-ba5b-00090ffe0001','multiple_choice','Which command does the course recommend you run in the terminal to verify that Python is installed?','[\"python --version\", \"pip --version\", \"python -m pip --version\", \"pyproject.toml --version\"]',0,'2026-05-23 20:08:01','2026-05-23 20:08:01'),('f45490ea-56c9-11f1-ba5b-00090ffe0001','4f0dd6ed-2076-11f1-97b2-6c02e0d26821','7c0ea9ec-2079-11f1-97b2-6c02e0d26821',NULL,'fb9e6f39-4f78-11f1-ba5b-00090ffe0001','multiple_choice','Which of the following is NOT listed as a common Python data type in the course content?','[\"Integer\", \"Float\", \"Boolean\", \"Character\"]',3,'2026-05-23 20:08:01','2026-05-23 20:08:01'),('f45b3d59-56c9-11f1-ba5b-00090ffe0001','4f0dd6ed-2076-11f1-97b2-6c02e0d26821','7c0ea9ec-2079-11f1-97b2-6c02e0d26821',NULL,'fb9e6f39-4f78-11f1-ba5b-00090ffe0001','multiple_choice','Which of the following IDEs is NOT mentioned in the course as a Python IDE?','[\"VS Code\", \"PyCharm\", \"Jupyter\", \"Sublime Text\"]',3,'2026-05-23 20:08:01','2026-05-23 20:08:01'),('f4603412-56c9-11f1-ba5b-00090ffe0001','4f0dd6ed-2076-11f1-97b2-6c02e0d26821','7c0ea9ec-2079-11f1-97b2-6c02e0d26821',NULL,'fb9e6f39-4f78-11f1-ba5b-00090ffe0001','true_false','True or False: Python is a high-level, interpreted programming language known for its simplicity and readability.','[\"True\", \"False\"]',0,'2026-05-23 20:08:01','2026-05-23 20:08:01'),('f52a798d-4fce-11f1-9abe-6c02e0d26821','dde5cde4-4fcc-11f1-9abe-6c02e0d26821',NULL,NULL,'454cde6d-4f80-11f1-ba5b-00090ffe0001','multiple_choice','Which tool is commonly used to test HTTP APIs during development?','[\"mocha\", \"postman\", \"webpack\", \"eslint\"]',1,'2026-05-14 22:56:12','2026-05-14 22:56:12'),('f52af2e1-4fce-11f1-9abe-6c02e0d26821','dde5cde4-4fcc-11f1-9abe-6c02e0d26821',NULL,NULL,'454cde6d-4f80-11f1-ba5b-00090ffe0001','true_false','nodemon automatically restarts your Node.js server when files change.','[\"True\", \"False\"]',0,'2026-05-14 22:56:12','2026-05-14 22:56:12'),('f52b6f04-4fce-11f1-9abe-6c02e0d26821','dde5cde4-4fcc-11f1-9abe-6c02e0d26821',NULL,NULL,'454cde6d-4f80-11f1-ba5b-00090ffe0001','multiple_choice','Which method defines a route that responds to GET requests in Express?','[\"app.post()\", \"app.use()\", \"app.get()\", \"app.listen()\"]',2,'2026-05-14 22:56:12','2026-05-14 22:56:12'),('f52c0174-4fce-11f1-9abe-6c02e0d26821','dde5cde4-4fcc-11f1-9abe-6c02e0d26821',NULL,NULL,'454cde6d-4f80-11f1-ba5b-00090ffe0001','multiple_choice','Which pattern captures an id parameter from the URL path?','[\"/users?id=:id\", \"/users/:id\", \"/users/{id}\", \"/users#id\"]',1,'2026-05-14 22:56:12','2026-05-14 22:56:12'),('f52cc06d-4fce-11f1-9abe-6c02e0d26821','dde5cde4-4fcc-11f1-9abe-6c02e0d26821',NULL,NULL,'454cde6d-4f80-11f1-ba5b-00090ffe0001','multiple_choice','What does middleware do in an Express app?','[\"Compiles code\", \"Handles HTTP requests in sequence\", \"Replaces the database\", \"Starts the server\"]',1,'2026-05-14 22:56:12','2026-05-14 22:56:12'),('f52dc19e-4fce-11f1-9abe-6c02e0d26821','dde5cde4-4fcc-11f1-9abe-6c02e0d26821',NULL,NULL,'454cde6d-4f80-11f1-ba5b-00090ffe0001','multiple_choice','Which Express feature helps organize related routes together?','[\"express.Group()\", \"app.module()\", \"express.Router()\", \"app.router()\"]',2,'2026-05-14 22:56:12','2026-05-14 22:56:12'),('f52fa347-4fce-11f1-9abe-6c02e0d26821','dde5cde4-4fcc-11f1-9abe-6c02e0d26821',NULL,NULL,'454cde6d-4f80-11f1-ba5b-00090ffe0001','true_false','Error-handling middleware in Express has four arguments: (err, req, res, next).','[\"True\", \"False\"]',0,'2026-05-14 22:56:12','2026-05-14 22:56:12'),('f53035f8-4fce-11f1-9abe-6c02e0d26821','dde5cde4-4fcc-11f1-9abe-6c02e0d26821',NULL,NULL,'454cde6d-4f80-11f1-ba5b-00090ffe0001','multiple_choice','Which package is commonly used for request validation in Express?','[\"express-validate\", \"express-validator\", \"body-check\", \"express-schema\"]',1,'2026-05-14 22:56:12','2026-05-14 22:56:12'),('f530d4bb-4fce-11f1-9abe-6c02e0d26821','dde5cde4-4fcc-11f1-9abe-6c02e0d26821',NULL,NULL,'454cde6d-4f80-11f1-ba5b-00090ffe0001','multiple_choice','What does helmet do for Express apps?','[\"Provides database access\", \"Adds security-related HTTP headers\", \"Parses JSON bodies\", \"Compresses responses\"]',1,'2026-05-14 22:56:12','2026-05-14 22:56:12'),('f5316b16-4fce-11f1-9abe-6c02e0d26821','dde5cde4-4fcc-11f1-9abe-6c02e0d26821',NULL,NULL,'454cde6d-4f80-11f1-ba5b-00090ffe0001','written','Why centralize error handling in one middleware?','[\"to ensure consistent responses, centralized logging, and avoid duplicated error logic\"]',0,'2026-05-14 22:56:12','2026-05-14 22:56:12'),('f532318e-4fce-11f1-9abe-6c02e0d26821','dde5cde4-4fcc-11f1-9abe-6c02e0d26821',NULL,NULL,'454cde6d-4f80-11f1-ba5b-00090ffe0001','multiple_choice','What is Mongoose primarily used for?','[\"Connecting to PostgreSQL\", \"Object Data Modeling (ODM) for MongoDB\", \"Running background jobs\", \"Serving static files\"]',1,'2026-05-14 22:56:12','2026-05-14 22:56:12'),('f532a113-4fce-11f1-9abe-6c02e0d26821','dde5cde4-4fcc-11f1-9abe-6c02e0d26821',NULL,NULL,'454cde6d-4f80-11f1-ba5b-00090ffe0001','multiple_choice','Which Mongoose method creates a new document?','[\"Model.find()\", \"Model.updateOne()\", \"Model.create()\", \"Model.connect()\"]',2,'2026-05-14 22:56:12','2026-05-14 22:56:12'),('f533439a-4fce-11f1-9abe-6c02e0d26821','dde5cde4-4fcc-11f1-9abe-6c02e0d26821',NULL,NULL,'454cde6d-4f80-11f1-ba5b-00090ffe0001','multiple_choice','JWTs are typically sent to the server in which header?','[\"Authorization\", \"X-CSRF-Token\", \"Cookie\", \"X-API-KEY\"]',0,'2026-05-14 22:56:12','2026-05-14 22:56:12'),('f533dcae-4fce-11f1-9abe-6c02e0d26821','dde5cde4-4fcc-11f1-9abe-6c02e0d26821',NULL,NULL,'454cde6d-4f80-11f1-ba5b-00090ffe0001','multiple_choice','Why salt passwords before hashing?','[\"To make hashes deterministic\", \"To increase storage efficiency\", \"To prevent use of rainbow tables\", \"To make passwords shorter\"]',2,'2026-05-14 22:56:12','2026-05-14 22:56:12'),('f5346142-4fce-11f1-9abe-6c02e0d26821','dde5cde4-4fcc-11f1-9abe-6c02e0d26821',NULL,NULL,'454cde6d-4f80-11f1-ba5b-00090ffe0001','true_false','Multer can be used to parse multipart/form-data in Express.','[\"True\", \"False\"]',0,'2026-05-14 22:56:12','2026-05-14 22:56:12'),('f5350c0e-4fce-11f1-9abe-6c02e0d26821','dde5cde4-4fcc-11f1-9abe-6c02e0d26821',NULL,NULL,'454cde6d-4f80-11f1-ba5b-00090ffe0001','multiple_choice','Which format is commonly used for API schemas that power Swagger UI?','[\"XML\", \"OpenAPI (JSON/YAML)\", \"CSV\", \"Markdown\"]',1,'2026-05-14 22:56:12','2026-05-14 22:56:12'),('f535792b-4fce-11f1-9abe-6c02e0d26821','dde5cde4-4fcc-11f1-9abe-6c02e0d26821',NULL,NULL,'454cde6d-4f80-11f1-ba5b-00090ffe0001','multiple_choice','supertest is primarily used for:','[\"unit testing functions\", \"running e2e browser tests\", \"making HTTP assertions against an Express app\", \"linting code\"]',2,'2026-05-14 22:56:12','2026-05-14 22:56:12'),('f535fa58-4fce-11f1-9abe-6c02e0d26821','dde5cde4-4fcc-11f1-9abe-6c02e0d26821',NULL,NULL,'454cde6d-4f80-11f1-ba5b-00090ffe0001','multiple_choice','Which tool is commonly used to collect metrics exposed by an app for scraping?','[\"Grafana\", \"Prometheus\", \"New Relic\", \"Kibana\"]',1,'2026-05-14 22:56:12','2026-05-14 22:56:12'),('f53674ab-4fce-11f1-9abe-6c02e0d26821','dde5cde4-4fcc-11f1-9abe-6c02e0d26821',NULL,NULL,'454cde6d-4f80-11f1-ba5b-00090ffe0001','written','Name one benefit of running your Express app inside a Docker container.','[\"consistent environment across development and production, easier deployment and isolation\"]',0,'2026-05-14 22:56:12','2026-05-14 22:56:12'),('f536fc70-4fce-11f1-9abe-6c02e0d26821','dde5cde4-4fcc-11f1-9abe-6c02e0d26821',NULL,NULL,'454cde6d-4f80-11f1-ba5b-00090ffe0001','multiple_choice','Which of these is a recommended step before deploying your API?','[\"Remove all logging\", \"Commit secrets to repo\", \"Run automated tests\", \"Disable authentication\"]',2,'2026-05-14 22:56:12','2026-05-14 22:56:12'),('fa94aefc-552f-11f1-9abe-6c02e0d26821','5de2c59c-551f-11f1-9abe-6c02e0d26821',NULL,'3ea73229-5522-11f1-9abe-6c02e0d26821','454ce8f9-4f80-11f1-ba5b-00090ffe0001','multiple_choice','What does the starter code print in Handle Recursion and Base Cases in Algorithms?','[\"factorial(5) = 120 fib(6) = 8\", \"factorial(5) = 120 fib(6) = 13\", \"factorial(5) = 720 fib(6) = 8\", \"120 8\"]',0,'2026-05-21 19:13:18','2026-05-21 19:13:18');
/*!40000 ALTER TABLE `course_question_bank` ENABLE KEYS */;
UNLOCK TABLES;

--
-- Table structure for table `course_quiz_attempt`
--

DROP TABLE IF EXISTS `course_quiz_attempt`;
/*!40101 SET @saved_cs_client     = @@character_set_client */;
/*!50503 SET character_set_client = utf8mb4 */;
CREATE TABLE `course_quiz_attempt` (
  `id` varchar(36) CHARACTER SET utf8mb4 COLLATE utf8mb4_unicode_ci NOT NULL,
  `courseId` varchar(36) CHARACTER SET utf8mb4 COLLATE utf8mb4_unicode_ci NOT NULL,
  `studentId` varchar(36) CHARACTER SET utf8mb4 COLLATE utf8mb4_unicode_ci NOT NULL,
  `totalQuestions` int NOT NULL,
  `correctAnswers` int NOT NULL,
  `scorePercentage` decimal(5,2) NOT NULL,
  `submittedAt` datetime DEFAULT CURRENT_TIMESTAMP,
  `createdAt` datetime DEFAULT CURRENT_TIMESTAMP,
  PRIMARY KEY (`id`),
  KEY `idx_courseId` (`courseId`),
  KEY `idx_studentId` (`studentId`),
  KEY `idx_submittedAt` (`submittedAt`),
  CONSTRAINT `course_quiz_attempt_ibfk_1` FOREIGN KEY (`courseId`) REFERENCES `course` (`id`) ON DELETE CASCADE ON UPDATE CASCADE,
  CONSTRAINT `course_quiz_attempt_ibfk_2` FOREIGN KEY (`studentId`) REFERENCES `user` (`id`) ON DELETE CASCADE ON UPDATE CASCADE
) ENGINE=InnoDB DEFAULT CHARSET=utf8mb4 COLLATE=utf8mb4_unicode_ci;
/*!40101 SET character_set_client = @saved_cs_client */;

--
-- Dumping data for table `course_quiz_attempt`
--

LOCK TABLES `course_quiz_attempt` WRITE;
/*!40000 ALTER TABLE `course_quiz_attempt` DISABLE KEYS */;
INSERT INTO `course_quiz_attempt` VALUES ('203644a4-0e9a-4b55-9a5f-9b48a814d66e','4f0dd6ed-2076-11f1-97b2-6c02e0d26821','2f3a673d-514a-11f1-9abe-6c02e0d26821',10,8,80.00,'2026-05-17 13:36:32','2026-05-17 13:36:32'),('287481dc-05b0-4027-ac3c-5e3d39e2fe1a','4f0dd6ed-2076-11f1-97b2-6c02e0d26821','2f3a673d-514a-11f1-9abe-6c02e0d26821',10,4,40.00,'2026-05-17 13:33:10','2026-05-17 13:33:10');
/*!40000 ALTER TABLE `course_quiz_attempt` ENABLE KEYS */;
UNLOCK TABLES;

--
-- Table structure for table `course_quiz_attempt_answer`
--

DROP TABLE IF EXISTS `course_quiz_attempt_answer`;
/*!40101 SET @saved_cs_client     = @@character_set_client */;
/*!50503 SET character_set_client = utf8mb4 */;
CREATE TABLE `course_quiz_attempt_answer` (
  `id` varchar(36) CHARACTER SET utf8mb4 COLLATE utf8mb4_unicode_ci NOT NULL,
  `attemptId` varchar(36) CHARACTER SET utf8mb4 COLLATE utf8mb4_unicode_ci NOT NULL,
  `questionBankId` varchar(36) CHARACTER SET utf8mb4 COLLATE utf8mb4_unicode_ci DEFAULT NULL,
  `questionType` enum('multiple_choice','written','true_false') COLLATE utf8mb4_unicode_ci NOT NULL DEFAULT 'multiple_choice',
  `questionText` text CHARACTER SET utf8mb4 COLLATE utf8mb4_unicode_ci NOT NULL,
  `optionsJson` json NOT NULL,
  `selectedOptionIndex` tinyint DEFAULT NULL,
  `selectedTextAnswer` text CHARACTER SET utf8mb4 COLLATE utf8mb4_unicode_ci,
  `correctOptionIndex` tinyint unsigned NOT NULL,
  `isCorrect` tinyint(1) NOT NULL,
  `createdAt` datetime DEFAULT CURRENT_TIMESTAMP,
  PRIMARY KEY (`id`),
  KEY `idx_attemptId` (`attemptId`),
  KEY `idx_questionBankId` (`questionBankId`),
  CONSTRAINT `course_quiz_attempt_answer_ibfk_1` FOREIGN KEY (`attemptId`) REFERENCES `course_quiz_attempt` (`id`) ON DELETE CASCADE ON UPDATE CASCADE,
  CONSTRAINT `course_quiz_attempt_answer_ibfk_2` FOREIGN KEY (`questionBankId`) REFERENCES `course_question_bank` (`id`) ON DELETE SET NULL ON UPDATE CASCADE
) ENGINE=InnoDB DEFAULT CHARSET=utf8mb4 COLLATE=utf8mb4_unicode_ci;
/*!40101 SET character_set_client = @saved_cs_client */;

--
-- Dumping data for table `course_quiz_attempt_answer`
--

LOCK TABLES `course_quiz_attempt_answer` WRITE;
/*!40000 ALTER TABLE `course_quiz_attempt_answer` DISABLE KEYS */;
INSERT INTO `course_quiz_attempt_answer` VALUES ('04dcd9e2-a36b-4073-ae3b-c2d04c3d7596','203644a4-0e9a-4b55-9a5f-9b48a814d66e','7440f9be-51db-11f1-ba5b-00090ffe0001','written','Write the Python statement that prints: Welcome to the Python course!','[\"print(\\\"Welcome to the Python course!\\\")\"]',NULL,'ظ¤ء┬ظ¤ء┬',0,0,'2026-05-17 13:36:32'),('06d6e169-01a4-4e4f-91eb-da5661c5c822','287481dc-05b0-4027-ac3c-5e3d39e2fe1a','7433e6d5-51db-11f1-ba5b-00090ffe0001','multiple_choice','Which command, shown in the course material, verifies that Python is installed and displays the version?','[\"python --version\", \"check-python\", \"python install --check\", \"show version python\"]',1,NULL,0,0,'2026-05-17 13:33:10'),('302aa5a7-56d4-416e-b2ea-3da71e52ed17','203644a4-0e9a-4b55-9a5f-9b48a814d66e','743e0b1b-51db-11f1-ba5b-00090ffe0001','true_false','The course advises that checking \"Add Python to PATH\" during installation is unnecessary.','[\"True\", \"False\"]',1,NULL,1,1,'2026-05-17 13:36:32'),('32442c47-4f35-4a8d-8772-f588df44ab32','287481dc-05b0-4027-ac3c-5e3d39e2fe1a','74431f67-51db-11f1-ba5b-00090ffe0001','written','Create variables for name = Mika, age = 27, and favorite_color = gray, then write a print statement that outputs: My name is Mika, I am 27 years old, and my favorite color is gray.','[\"name = \\\"Mika\\\"\\nage = 27\\nfavorite_color = \\\"gray\\\"\\nprint(f\\\"My name is {name}, I am {age} years old, and my favorite color is {favorite_color}.\\\")\"]',NULL,'ظـزظـّظـزظـّ',0,0,'2026-05-17 13:33:10'),('37a0c091-5c88-4ba8-9e26-d2647aa16ca8','203644a4-0e9a-4b55-9a5f-9b48a814d66e','7433e6d5-51db-11f1-ba5b-00090ffe0001','multiple_choice','Which command, shown in the course material, verifies that Python is installed and displays the version?','[\"python --version\", \"check-python\", \"python install --check\", \"show version python\"]',0,NULL,0,1,'2026-05-17 13:36:32'),('38fa31a5-f385-4d35-9edb-fb3b8194dea4','287481dc-05b0-4027-ac3c-5e3d39e2fe1a','7440f9be-51db-11f1-ba5b-00090ffe0001','written','Write the Python statement that prints: Welcome to the Python course!','[\"print(\\\"Welcome to the Python course!\\\")\"]',NULL,'ظ¤ء┬ظ¤ء┬',0,0,'2026-05-17 13:33:10'),('4d1b686a-10ee-48db-a57d-ca87cdb49e9b','203644a4-0e9a-4b55-9a5f-9b48a814d66e','74366ec1-51db-11f1-ba5b-00090ffe0001','multiple_choice','Which of the following is a valid Python variable name based on typical naming rules and examples in the course?','[\"1age\", \"favorite-color\", \"age_1\", \"my name\"]',2,NULL,2,1,'2026-05-17 13:36:32'),('52ea510d-c1da-4745-9126-d4bd65b67bc7','287481dc-05b0-4027-ac3c-5e3d39e2fe1a','74319edb-51db-11f1-ba5b-00090ffe0001','multiple_choice','During Python installation, the course recommends ensuring which option is checked?','[\"Install sample projects\", \"Add Python to PATH\", \"Enable automatic updates\", \"Install only for administrator\"]',2,NULL,1,0,'2026-05-17 13:33:10'),('57e90b90-b15d-4c13-989a-5d6d8f444bba','287481dc-05b0-4027-ac3c-5e3d39e2fe1a','743bc61d-51db-11f1-ba5b-00090ffe0001','true_false','Python is described in the course as an interpreted programming language.','[\"True\", \"False\"]',0,NULL,0,1,'2026-05-17 13:33:10'),('599ba248-105c-4728-8a82-abdbda188e1c','287481dc-05b0-4027-ac3c-5e3d39e2fe1a','74366ec1-51db-11f1-ba5b-00090ffe0001','multiple_choice','Which of the following is a valid Python variable name based on typical naming rules and examples in the course?','[\"1age\", \"favorite-color\", \"age_1\", \"my name\"]',3,NULL,2,0,'2026-05-17 13:33:10'),('77021286-7891-4fd3-9380-84285759cfed','203644a4-0e9a-4b55-9a5f-9b48a814d66e','742a4776-51db-11f1-ba5b-00090ffe0001','multiple_choice','What does the Python statement print(\"Hello, World!\") do when executed?','[\"Outputs the text Hello, World! to the console\", \"Declares a function named Hello, World!\", \"Creates a variable with the value Hello, World!\", \"Starts the Python interpreter\"]',0,NULL,0,1,'2026-05-17 13:36:32'),('7ca1c44b-c558-4dc7-b700-cad0387c8340','203644a4-0e9a-4b55-9a5f-9b48a814d66e','74431f67-51db-11f1-ba5b-00090ffe0001','written','Create variables for name = Mika, age = 27, and favorite_color = gray, then write a print statement that outputs: My name is Mika, I am 27 years old, and my favorite color is gray.','[\"name = \\\"Mika\\\"\\nage = 27\\nfavorite_color = \\\"gray\\\"\\nprint(f\\\"My name is {name}, I am {age} years old, and my favorite color is {favorite_color}.\\\")\"]',NULL,'ظـزظـثظـزظـث',0,0,'2026-05-17 13:36:32'),('9eec2c54-4fd0-493b-86d0-5582da243b43','203644a4-0e9a-4b55-9a5f-9b48a814d66e','743905d5-51db-11f1-ba5b-00090ffe0001','multiple_choice','Which group of IDEs is mentioned in the course as common tools for writing Python code?','[\"Notepad, Sublime Text, Emacs\", \"VS Code, PyCharm, Jupyter\", \"Eclipse, NetBeans, IntelliJ\", \"Xcode, Android Studio, Visual Studio\"]',1,NULL,1,1,'2026-05-17 13:36:32'),('a000738c-2aa7-4d7c-989b-1a39db7c375d','287481dc-05b0-4027-ac3c-5e3d39e2fe1a','743905d5-51db-11f1-ba5b-00090ffe0001','multiple_choice','Which group of IDEs is mentioned in the course as common tools for writing Python code?','[\"Notepad, Sublime Text, Emacs\", \"VS Code, PyCharm, Jupyter\", \"Eclipse, NetBeans, IntelliJ\", \"Xcode, Android Studio, Visual Studio\"]',1,NULL,1,1,'2026-05-17 13:33:10'),('c2ecec31-291d-4de5-95e2-abb821974015','203644a4-0e9a-4b55-9a5f-9b48a814d66e','743bc61d-51db-11f1-ba5b-00090ffe0001','true_false','Python is described in the course as an interpreted programming language.','[\"True\", \"False\"]',0,NULL,0,1,'2026-05-17 13:36:32'),('cd908e26-c605-4e6b-8234-3468841e3469','287481dc-05b0-4027-ac3c-5e3d39e2fe1a','742ede82-51db-11f1-ba5b-00090ffe0001','multiple_choice','Which of the following is an example of a float data type in Python?','[\"\\\"Hello\\\"\", \"10\", \"3.14\", \"True\"]',1,NULL,2,0,'2026-05-17 13:33:10'),('d2f44faf-3f55-40c5-8f72-8534379f75d7','287481dc-05b0-4027-ac3c-5e3d39e2fe1a','743e0b1b-51db-11f1-ba5b-00090ffe0001','true_false','The course advises that checking \"Add Python to PATH\" during installation is unnecessary.','[\"True\", \"False\"]',1,NULL,1,1,'2026-05-17 13:33:10'),('d4ee7818-d481-46c8-8cf8-d664844d1493','203644a4-0e9a-4b55-9a5f-9b48a814d66e','74319edb-51db-11f1-ba5b-00090ffe0001','multiple_choice','During Python installation, the course recommends ensuring which option is checked?','[\"Install sample projects\", \"Add Python to PATH\", \"Enable automatic updates\", \"Install only for administrator\"]',1,NULL,1,1,'2026-05-17 13:36:32'),('e5a12b34-4da6-4376-bf3e-817835e260cc','203644a4-0e9a-4b55-9a5f-9b48a814d66e','742ede82-51db-11f1-ba5b-00090ffe0001','multiple_choice','Which of the following is an example of a float data type in Python?','[\"\\\"Hello\\\"\", \"10\", \"3.14\", \"True\"]',2,NULL,2,1,'2026-05-17 13:36:32'),('efc2a52c-1986-4d5f-aba6-657e9f77bc97','287481dc-05b0-4027-ac3c-5e3d39e2fe1a','742a4776-51db-11f1-ba5b-00090ffe0001','multiple_choice','What does the Python statement print(\"Hello, World!\") do when executed?','[\"Outputs the text Hello, World! to the console\", \"Declares a function named Hello, World!\", \"Creates a variable with the value Hello, World!\", \"Starts the Python interpreter\"]',0,NULL,0,1,'2026-05-17 13:33:10');
/*!40000 ALTER TABLE `course_quiz_attempt_answer` ENABLE KEYS */;
UNLOCK TABLES;

--
-- Table structure for table `enrollment`
--

DROP TABLE IF EXISTS `enrollment`;
/*!40101 SET @saved_cs_client     = @@character_set_client */;
/*!50503 SET character_set_client = utf8mb4 */;
CREATE TABLE `enrollment` (
  `id` varchar(36) CHARACTER SET utf8mb4 COLLATE utf8mb4_unicode_ci NOT NULL,
  `studentId` varchar(36) CHARACTER SET utf8mb4 COLLATE utf8mb4_unicode_ci NOT NULL,
  `courseId` varchar(36) CHARACTER SET utf8mb4 COLLATE utf8mb4_unicode_ci NOT NULL,
  `enrolledAt` datetime DEFAULT CURRENT_TIMESTAMP,
  `status` enum('enrolled','in_progress','completed','dropped') CHARACTER SET utf8mb4 COLLATE utf8mb4_unicode_ci DEFAULT 'enrolled',
  `progressPercentage` decimal(5,2) DEFAULT '0.00',
  `completedAt` datetime DEFAULT NULL,
  PRIMARY KEY (`id`),
  UNIQUE KEY `unique_enrollment` (`studentId`,`courseId`),
  KEY `courseId` (`courseId`),
  CONSTRAINT `enrollment_ibfk_1` FOREIGN KEY (`studentId`) REFERENCES `user` (`id`) ON DELETE CASCADE ON UPDATE CASCADE,
  CONSTRAINT `enrollment_ibfk_2` FOREIGN KEY (`courseId`) REFERENCES `course` (`id`) ON DELETE CASCADE ON UPDATE CASCADE
) ENGINE=InnoDB DEFAULT CHARSET=utf8mb4 COLLATE=utf8mb4_unicode_ci;
/*!40101 SET character_set_client = @saved_cs_client */;

--
-- Dumping data for table `enrollment`
--

LOCK TABLES `enrollment` WRITE;
/*!40000 ALTER TABLE `enrollment` DISABLE KEYS */;
INSERT INTO `enrollment` VALUES ('10c69edf-56c7-11f1-ba5b-00090ffe0001','d819eca3-56c6-11f1-ba5b-00090ffe0001','4f0dd6ed-2076-11f1-97b2-6c02e0d26821','2026-05-23 19:47:20','completed',100.00,'2026-05-23 20:35:36'),('36711aa3-5ded-11f1-8b3d-00090ffe0001','1a9ccdcb-5ded-11f1-8b3d-00090ffe0001','4f0dd6ed-2076-11f1-97b2-6c02e0d26821','2026-06-01 22:08:02','enrolled',33.00,NULL),('44e386b1-51d6-11f1-ba5b-00090ffe0001','2f3a673d-514a-11f1-9abe-6c02e0d26821','4f0dd6ed-2076-11f1-97b2-6c02e0d26821','2026-05-17 12:53:34','completed',100.00,'2026-05-17 13:25:54'),('74167832-56a9-11f1-9abe-6c02e0d26821','2f3a673d-514a-11f1-9abe-6c02e0d26821','dde5cde4-4fcc-11f1-9abe-6c02e0d26821','2026-05-23 16:15:22','enrolled',25.00,NULL),('8fa10c2d-51f8-11f1-ba5b-00090ffe0001','4826ef9b-51f7-11f1-ba5b-00090ffe0001','4f0dd6ed-2076-11f1-97b2-6c02e0d26821','2026-05-17 16:59:02','enrolled',33.00,NULL),('9c2c7629-514b-11f1-9abe-6c02e0d26821','2f3a673d-514a-11f1-9abe-6c02e0d26821','3f364be3-5143-11f1-9abe-6c02e0d26821','2026-05-16 20:21:00','enrolled',2.00,NULL),('a96c6726-56b0-11f1-9abe-6c02e0d26821','53d5e495-56b0-11f1-9abe-6c02e0d26821','dde5cde4-4fcc-11f1-9abe-6c02e0d26821','2026-05-23 17:06:58','enrolled',0.00,NULL),('fd4eb5a2-56af-11f1-9abe-6c02e0d26821','2f3a673d-514a-11f1-9abe-6c02e0d26821','5e6bb404-5476-11f1-9abe-6c02e0d26821','2026-05-23 17:02:09','enrolled',0.00,NULL);
/*!40000 ALTER TABLE `enrollment` ENABLE KEYS */;
UNLOCK TABLES;

--
-- Table structure for table `enrollment_payment`
--

DROP TABLE IF EXISTS `enrollment_payment`;
/*!40101 SET @saved_cs_client     = @@character_set_client */;
/*!50503 SET character_set_client = utf8mb4 */;
CREATE TABLE `enrollment_payment` (
  `id` varchar(36) CHARACTER SET utf8mb4 COLLATE utf8mb4_unicode_ci NOT NULL,
  `enrollmentId` varchar(36) CHARACTER SET utf8mb4 COLLATE utf8mb4_unicode_ci NOT NULL,
  `studentId` varchar(36) CHARACTER SET utf8mb4 COLLATE utf8mb4_unicode_ci NOT NULL,
  `courseId` varchar(36) CHARACTER SET utf8mb4 COLLATE utf8mb4_unicode_ci NOT NULL,
  `fullName` varchar(191) CHARACTER SET utf8mb4 COLLATE utf8mb4_unicode_ci NOT NULL,
  `email` varchar(191) CHARACTER SET utf8mb4 COLLATE utf8mb4_unicode_ci NOT NULL,
  `country` varchar(191) CHARACTER SET utf8mb4 COLLATE utf8mb4_unicode_ci DEFAULT NULL,
  `cardLast4` varchar(4) CHARACTER SET utf8mb4 COLLATE utf8mb4_unicode_ci DEFAULT NULL,
  `paypalEmail` varchar(191) CHARACTER SET utf8mb4 COLLATE utf8mb4_unicode_ci DEFAULT NULL,
  `paypalTxnId` varchar(191) CHARACTER SET utf8mb4 COLLATE utf8mb4_unicode_ci DEFAULT NULL,
  `method` enum('card','paypal','wallet','cash') CHARACTER SET utf8mb4 COLLATE utf8mb4_unicode_ci DEFAULT 'card',
  `createdAt` datetime DEFAULT CURRENT_TIMESTAMP,
  PRIMARY KEY (`id`),
  UNIQUE KEY `unique_enrollment_payment` (`enrollmentId`),
  KEY `idx_studentId` (`studentId`),
  KEY `idx_courseId` (`courseId`),
  KEY `idx_method` (`method`),
  CONSTRAINT `enrollment_payment_ibfk_1` FOREIGN KEY (`enrollmentId`) REFERENCES `enrollment` (`id`) ON DELETE CASCADE ON UPDATE CASCADE,
  CONSTRAINT `enrollment_payment_ibfk_2` FOREIGN KEY (`studentId`) REFERENCES `user` (`id`) ON DELETE CASCADE ON UPDATE CASCADE,
  CONSTRAINT `enrollment_payment_ibfk_3` FOREIGN KEY (`courseId`) REFERENCES `course` (`id`) ON DELETE CASCADE ON UPDATE CASCADE
) ENGINE=InnoDB DEFAULT CHARSET=utf8mb4 COLLATE=utf8mb4_unicode_ci;
/*!40101 SET character_set_client = @saved_cs_client */;

--
-- Dumping data for table `enrollment_payment`
--

LOCK TABLES `enrollment_payment` WRITE;
/*!40000 ALTER TABLE `enrollment_payment` DISABLE KEYS */;
INSERT INTO `enrollment_payment` VALUES ('10c95102-56c7-11f1-ba5b-00090ffe0001','10c69edf-56c7-11f1-ba5b-00090ffe0001','d819eca3-56c6-11f1-ba5b-00090ffe0001','4f0dd6ed-2076-11f1-97b2-6c02e0d26821','Aseel Jamous','aseel@gmail.com','Palestine','2589',NULL,NULL,'card','2026-05-23 19:47:20'),('367369e5-5ded-11f1-8b3d-00090ffe0001','36711aa3-5ded-11f1-8b3d-00090ffe0001','1a9ccdcb-5ded-11f1-8b3d-00090ffe0001','4f0dd6ed-2076-11f1-97b2-6c02e0d26821','Noor Jamous','noor@gmail.com','Palestine','2541',NULL,NULL,'card','2026-06-01 22:08:02'),('44e4cc75-51d6-11f1-ba5b-00090ffe0001','44e386b1-51d6-11f1-ba5b-00090ffe0001','2f3a673d-514a-11f1-9abe-6c02e0d26821','4f0dd6ed-2076-11f1-97b2-6c02e0d26821','alaa dere','alaadere35@gmail.com','palestine','2147',NULL,NULL,'card','2026-05-17 12:53:34'),('8fa2758a-51f8-11f1-ba5b-00090ffe0001','8fa10c2d-51f8-11f1-ba5b-00090ffe0001','4826ef9b-51f7-11f1-ba5b-00090ffe0001','4f0dd6ed-2076-11f1-97b2-6c02e0d26821','Ali Ali','ali@gmail.com','palestine','8545',NULL,NULL,'card','2026-05-17 16:59:02'),('9c309234-514b-11f1-9abe-6c02e0d26821','9c2c7629-514b-11f1-9abe-6c02e0d26821','2f3a673d-514a-11f1-9abe-6c02e0d26821','3f364be3-5143-11f1-9abe-6c02e0d26821','alaa dere','alaadere35@gmail.com','Palestine','1789',NULL,NULL,'card','2026-05-16 20:21:01'),('fd54e9db-56af-11f1-9abe-6c02e0d26821','fd4eb5a2-56af-11f1-9abe-6c02e0d26821','2f3a673d-514a-11f1-9abe-6c02e0d26821','5e6bb404-5476-11f1-9abe-6c02e0d26821','alaa dere','alaadere35@gmail.com','Palestine','8945',NULL,NULL,'card','2026-05-23 17:02:09');
/*!40000 ALTER TABLE `enrollment_payment` ENABLE KEYS */;
UNLOCK TABLES;

--
-- Table structure for table `favorite_course`
--

DROP TABLE IF EXISTS `favorite_course`;
/*!40101 SET @saved_cs_client     = @@character_set_client */;
/*!50503 SET character_set_client = utf8mb4 */;
CREATE TABLE `favorite_course` (
  `studentId` varchar(36) CHARACTER SET utf8mb4 COLLATE utf8mb4_unicode_ci NOT NULL,
  `courseId` varchar(36) CHARACTER SET utf8mb4 COLLATE utf8mb4_unicode_ci NOT NULL,
  `createdAt` datetime DEFAULT CURRENT_TIMESTAMP,
  PRIMARY KEY (`studentId`,`courseId`),
  KEY `idx_favorite_course_student` (`studentId`),
  KEY `idx_favorite_course_course` (`courseId`),
  CONSTRAINT `fk_favorite_course_course` FOREIGN KEY (`courseId`) REFERENCES `course` (`id`) ON DELETE CASCADE ON UPDATE CASCADE,
  CONSTRAINT `fk_favorite_course_student` FOREIGN KEY (`studentId`) REFERENCES `user` (`id`) ON DELETE CASCADE ON UPDATE CASCADE
) ENGINE=InnoDB DEFAULT CHARSET=utf8mb4 COLLATE=utf8mb4_unicode_ci;
/*!40101 SET character_set_client = @saved_cs_client */;

--
-- Dumping data for table `favorite_course`
--

LOCK TABLES `favorite_course` WRITE;
/*!40000 ALTER TABLE `favorite_course` DISABLE KEYS */;
INSERT INTO `favorite_course` VALUES ('2f3a673d-514a-11f1-9abe-6c02e0d26821','3f364be3-5143-11f1-9abe-6c02e0d26821','2026-05-17 16:36:18');
/*!40000 ALTER TABLE `favorite_course` ENABLE KEYS */;
UNLOCK TABLES;

--
-- Table structure for table `finance_transaction`
--

DROP TABLE IF EXISTS `finance_transaction`;
/*!40101 SET @saved_cs_client     = @@character_set_client */;
/*!50503 SET character_set_client = utf8mb4 */;
CREATE TABLE `finance_transaction` (
  `id` varchar(36) CHARACTER SET utf8mb4 COLLATE utf8mb4_unicode_ci NOT NULL,
  `transactionDate` datetime DEFAULT CURRENT_TIMESTAMP,
  `type` enum('enrollment','refund','payout') CHARACTER SET utf8mb4 COLLATE utf8mb4_unicode_ci DEFAULT 'enrollment',
  `status` enum('success','failed','pending') CHARACTER SET utf8mb4 COLLATE utf8mb4_unicode_ci DEFAULT 'success',
  `amount` decimal(10,2) NOT NULL,
  `currency` char(3) CHARACTER SET utf8mb4 COLLATE utf8mb4_unicode_ci DEFAULT 'USD',
  `studentId` varchar(36) CHARACTER SET utf8mb4 COLLATE utf8mb4_unicode_ci DEFAULT NULL,
  `teacherId` varchar(36) CHARACTER SET utf8mb4 COLLATE utf8mb4_unicode_ci DEFAULT NULL,
  `courseId` varchar(36) CHARACTER SET utf8mb4 COLLATE utf8mb4_unicode_ci DEFAULT NULL,
  `teacherShare` decimal(10,2) DEFAULT '0.00',
  `platformShare` decimal(10,2) DEFAULT '0.00',
  `method` enum('wallet','card','cash') CHARACTER SET utf8mb4 COLLATE utf8mb4_unicode_ci DEFAULT 'card',
  `notes` varchar(255) CHARACTER SET utf8mb4 COLLATE utf8mb4_unicode_ci DEFAULT NULL,
  `createdAt` datetime DEFAULT CURRENT_TIMESTAMP,
  PRIMARY KEY (`id`),
  KEY `idx_transactionDate` (`transactionDate`),
  KEY `idx_studentId` (`studentId`),
  KEY `idx_teacherId` (`teacherId`),
  KEY `idx_courseId` (`courseId`),
  KEY `idx_status` (`status`),
  KEY `idx_type` (`type`),
  CONSTRAINT `finance_transaction_ibfk_1` FOREIGN KEY (`studentId`) REFERENCES `user` (`id`) ON DELETE SET NULL ON UPDATE CASCADE,
  CONSTRAINT `finance_transaction_ibfk_2` FOREIGN KEY (`teacherId`) REFERENCES `user` (`id`) ON DELETE SET NULL ON UPDATE CASCADE,
  CONSTRAINT `finance_transaction_ibfk_3` FOREIGN KEY (`courseId`) REFERENCES `course` (`id`) ON DELETE SET NULL ON UPDATE CASCADE
) ENGINE=InnoDB DEFAULT CHARSET=utf8mb4 COLLATE=utf8mb4_unicode_ci;
/*!40101 SET character_set_client = @saved_cs_client */;

--
-- Dumping data for table `finance_transaction`
--

LOCK TABLES `finance_transaction` WRITE;
/*!40000 ALTER TABLE `finance_transaction` DISABLE KEYS */;
INSERT INTO `finance_transaction` VALUES ('10c87322-56c7-11f1-ba5b-00090ffe0001','2026-05-23 19:47:20','enrollment','success',20.00,'USD','d819eca3-56c6-11f1-ba5b-00090ffe0001','fb9e6f39-4f78-11f1-ba5b-00090ffe0001','4f0dd6ed-2076-11f1-97b2-6c02e0d26821',12.00,8.00,'card','Enrollment payment','2026-05-23 19:47:20'),('36725265-5ded-11f1-8b3d-00090ffe0001','2026-06-01 22:08:02','enrollment','success',20.00,'USD','1a9ccdcb-5ded-11f1-8b3d-00090ffe0001','fb9e6f39-4f78-11f1-ba5b-00090ffe0001','4f0dd6ed-2076-11f1-97b2-6c02e0d26821',12.00,8.00,'card','Enrollment payment','2026-06-01 22:08:02'),('44e42cbe-51d6-11f1-ba5b-00090ffe0001','2026-05-17 12:53:34','enrollment','success',20.00,'USD','2f3a673d-514a-11f1-9abe-6c02e0d26821','fb9e6f39-4f78-11f1-ba5b-00090ffe0001','4f0dd6ed-2076-11f1-97b2-6c02e0d26821',12.00,8.00,'card','Enrollment payment','2026-05-17 12:53:34'),('8fa1a533-51f8-11f1-ba5b-00090ffe0001','2026-05-17 16:59:02','enrollment','success',20.00,'USD','4826ef9b-51f7-11f1-ba5b-00090ffe0001','fb9e6f39-4f78-11f1-ba5b-00090ffe0001','4f0dd6ed-2076-11f1-97b2-6c02e0d26821',12.00,8.00,'card','Enrollment payment','2026-05-17 16:59:02'),('9c2e9bc7-514b-11f1-9abe-6c02e0d26821','2026-05-16 20:21:00','enrollment','success',110.00,'USD','2f3a673d-514a-11f1-9abe-6c02e0d26821','454cf356-4f80-11f1-ba5b-00090ffe0001','3f364be3-5143-11f1-9abe-6c02e0d26821',77.00,33.00,'card','Enrollment payment','2026-05-16 20:21:00'),('a96cb784-56b0-11f1-9abe-6c02e0d26821','2026-05-23 17:06:58','enrollment','success',185.00,'USD','53d5e495-56b0-11f1-9abe-6c02e0d26821','454cde6d-4f80-11f1-ba5b-00090ffe0001','dde5cde4-4fcc-11f1-9abe-6c02e0d26821',129.50,55.50,'card','Path enrollment payment: Backend Developer Path','2026-05-23 17:06:58'),('fd53059f-56af-11f1-9abe-6c02e0d26821','2026-05-23 17:02:09','enrollment','success',40.00,'USD','2f3a673d-514a-11f1-9abe-6c02e0d26821','454cfc91-4f80-11f1-ba5b-00090ffe0001','5e6bb404-5476-11f1-9abe-6c02e0d26821',28.00,12.00,'card','Enrollment payment','2026-05-23 17:02:09');
/*!40000 ALTER TABLE `finance_transaction` ENABLE KEYS */;
UNLOCK TABLES;

--
-- Table structure for table `instructor_application`
--

DROP TABLE IF EXISTS `instructor_application`;
/*!40101 SET @saved_cs_client     = @@character_set_client */;
/*!50503 SET character_set_client = utf8mb4 */;
CREATE TABLE `instructor_application` (
  `id` varchar(36) CHARACTER SET utf8mb4 COLLATE utf8mb4_unicode_ci NOT NULL,
  `fullName` varchar(191) CHARACTER SET utf8mb4 COLLATE utf8mb4_unicode_ci NOT NULL,
  `email` varchar(191) CHARACTER SET utf8mb4 COLLATE utf8mb4_unicode_ci NOT NULL,
  `jobPostingId` varchar(36) CHARACTER SET utf8mb4 COLLATE utf8mb4_unicode_ci DEFAULT NULL,
  `phone` varchar(40) CHARACTER SET utf8mb4 COLLATE utf8mb4_unicode_ci DEFAULT NULL,
  `bio` text CHARACTER SET utf8mb4 COLLATE utf8mb4_unicode_ci,
  `cvFileUrl` varchar(255) CHARACTER SET utf8mb4 COLLATE utf8mb4_unicode_ci NOT NULL,
  `status` enum('pending','reviewed','accepted','rejected') CHARACTER SET utf8mb4 COLLATE utf8mb4_unicode_ci DEFAULT 'pending',
  `reviewedBy` varchar(36) CHARACTER SET utf8mb4 COLLATE utf8mb4_unicode_ci DEFAULT NULL,
  `reviewedAt` datetime DEFAULT NULL,
  `adminNotes` text CHARACTER SET utf8mb4 COLLATE utf8mb4_unicode_ci,
  `createdAt` datetime DEFAULT CURRENT_TIMESTAMP,
  `updatedAt` datetime DEFAULT CURRENT_TIMESTAMP ON UPDATE CURRENT_TIMESTAMP,
  PRIMARY KEY (`id`),
  KEY `idx_instructor_app_status` (`status`),
  KEY `idx_instructor_app_created` (`createdAt`),
  KEY `idx_instructor_app_email` (`email`),
  KEY `reviewedBy` (`reviewedBy`),
  KEY `idx_instructor_app_job` (`jobPostingId`),
  CONSTRAINT `fk_instructor_app_job` FOREIGN KEY (`jobPostingId`) REFERENCES `job_posting` (`id`) ON DELETE SET NULL ON UPDATE CASCADE,
  CONSTRAINT `instructor_application_ibfk_1` FOREIGN KEY (`reviewedBy`) REFERENCES `user` (`id`) ON DELETE SET NULL ON UPDATE CASCADE
) ENGINE=InnoDB DEFAULT CHARSET=utf8mb4 COLLATE=utf8mb4_unicode_ci;
/*!40101 SET character_set_client = @saved_cs_client */;

--
-- Dumping data for table `instructor_application`
--

LOCK TABLES `instructor_application` WRITE;
/*!40000 ALTER TABLE `instructor_application` DISABLE KEYS */;
INSERT INTO `instructor_application` VALUES ('fa2efb69-5433-11f1-9abe-6c02e0d26821','alaa dere','alaadere35@gmail.com','e29ccac0-5433-11f1-9abe-6c02e0d26821','0597889750',NULL,'/uploads/instructor-cv/fa2efb69-5433-11f1-9abe-6c02e0d26821-alaadere35_at_gmail.com.pdf','accepted','ba9e888a-18fc-11f1-97b2-6c02e0d26821','2026-05-20 13:32:28','next email contains meeting details','2026-05-20 13:09:24','2026-05-20 13:32:28');
/*!40000 ALTER TABLE `instructor_application` ENABLE KEYS */;
UNLOCK TABLES;

--
-- Table structure for table `job_posting`
--

DROP TABLE IF EXISTS `job_posting`;
/*!40101 SET @saved_cs_client     = @@character_set_client */;
/*!50503 SET character_set_client = utf8mb4 */;
CREATE TABLE `job_posting` (
  `id` varchar(36) CHARACTER SET utf8mb4 COLLATE utf8mb4_unicode_ci NOT NULL,
  `title` varchar(191) CHARACTER SET utf8mb4 COLLATE utf8mb4_unicode_ci NOT NULL,
  `description` text CHARACTER SET utf8mb4 COLLATE utf8mb4_unicode_ci NOT NULL,
  `requirements` text CHARACTER SET utf8mb4 COLLATE utf8mb4_unicode_ci,
  `responsibilities` text CHARACTER SET utf8mb4 COLLATE utf8mb4_unicode_ci NOT NULL,
  `otherNotes` text CHARACTER SET utf8mb4 COLLATE utf8mb4_unicode_ci,
  `status` enum('open','closed') CHARACTER SET utf8mb4 COLLATE utf8mb4_unicode_ci DEFAULT 'open',
  `createdBy` varchar(36) CHARACTER SET utf8mb4 COLLATE utf8mb4_unicode_ci DEFAULT NULL,
  `createdAt` datetime DEFAULT CURRENT_TIMESTAMP,
  `updatedAt` datetime DEFAULT CURRENT_TIMESTAMP ON UPDATE CURRENT_TIMESTAMP,
  PRIMARY KEY (`id`),
  KEY `idx_job_posting_status` (`status`),
  KEY `idx_job_posting_created` (`createdAt`),
  KEY `createdBy` (`createdBy`),
  CONSTRAINT `job_posting_ibfk_1` FOREIGN KEY (`createdBy`) REFERENCES `user` (`id`) ON DELETE SET NULL ON UPDATE CASCADE
) ENGINE=InnoDB DEFAULT CHARSET=utf8mb4 COLLATE=utf8mb4_unicode_ci;
/*!40101 SET character_set_client = @saved_cs_client */;

--
-- Dumping data for table `job_posting`
--

LOCK TABLES `job_posting` WRITE;
/*!40000 ALTER TABLE `job_posting` DISABLE KEYS */;
INSERT INTO `job_posting` VALUES ('66835c7b-542d-11f1-9abe-6c02e0d26821','Hiring C++ Instructor','We are looking for a C++ Instructor to join our online learning platform.','Strong knowledge of C++ programming\nAbility to explain programming concepts clearly\nExperience in teaching or creating programming content\nAbility to create practical examples and exercises\nGood communication skills','Record and prepare C++ course lessons\nCreate assignments, quizzes, and projects\nSupport students and answer questions\nDevelop beginner-friendly educational content',NULL,'open','ba9e888a-18fc-11f1-97b2-6c02e0d26821','2026-05-20 12:22:19','2026-05-20 12:50:46'),('e29ccac0-5433-11f1-9abe-6c02e0d26821','Java Programming Instructor','We are looking for a skilled Java Instructor to join our online education platform and help students learn Java programming from beginner to advanced levels.','Strong knowledge of Java programming\nAbility to explain concepts clearly\nExperience in teaching or software development\nGood communication skills','Create and record Java course content\nPrepare practical coding examples and projects\nDesign quizzes and assignments\nSupport students throughout the course',NULL,'closed','ba9e888a-18fc-11f1-97b2-6c02e0d26821','2026-05-20 13:08:44','2026-05-29 00:22:47');
/*!40000 ALTER TABLE `job_posting` ENABLE KEYS */;
UNLOCK TABLES;

--
-- Table structure for table `learning_path`
--

DROP TABLE IF EXISTS `learning_path`;
/*!40101 SET @saved_cs_client     = @@character_set_client */;
/*!50503 SET character_set_client = utf8mb4 */;
CREATE TABLE `learning_path` (
  `id` varchar(36) CHARACTER SET utf8mb4 COLLATE utf8mb4_unicode_ci NOT NULL,
  `categoryId` varchar(36) CHARACTER SET utf8mb4 COLLATE utf8mb4_unicode_ci DEFAULT NULL,
  `title` varchar(191) CHARACTER SET utf8mb4 COLLATE utf8mb4_unicode_ci NOT NULL,
  `description` text CHARACTER SET utf8mb4 COLLATE utf8mb4_unicode_ci,
  `imageUrl` varchar(500) CHARACTER SET utf8mb4 COLLATE utf8mb4_unicode_ci DEFAULT NULL,
  `level` enum('beginner','intermediate','advanced','all_levels') CHARACTER SET utf8mb4 COLLATE utf8mb4_general_ci DEFAULT 'beginner',
  `price` decimal(10,2) DEFAULT '0.00',
  `status` enum('draft','published','archived') CHARACTER SET utf8mb4 COLLATE utf8mb4_general_ci DEFAULT 'draft',
  `estimatedHours` int DEFAULT '0',
  `createdBy` varchar(36) CHARACTER SET utf8mb4 COLLATE utf8mb4_unicode_ci DEFAULT NULL,
  `createdAt` datetime DEFAULT CURRENT_TIMESTAMP,
  `updatedAt` datetime DEFAULT CURRENT_TIMESTAMP ON UPDATE CURRENT_TIMESTAMP,
  PRIMARY KEY (`id`),
  KEY `createdBy` (`createdBy`),
  KEY `idx_learning_path_category` (`categoryId`),
  KEY `idx_learning_path_status` (`status`),
  CONSTRAINT `learning_path_ibfk_1` FOREIGN KEY (`categoryId`) REFERENCES `category` (`id`) ON DELETE SET NULL ON UPDATE CASCADE,
  CONSTRAINT `learning_path_ibfk_2` FOREIGN KEY (`createdBy`) REFERENCES `user` (`id`) ON DELETE SET NULL ON UPDATE CASCADE
) ENGINE=InnoDB DEFAULT CHARSET=utf8mb4 COLLATE=utf8mb4_general_ci;
/*!40101 SET character_set_client = @saved_cs_client */;

--
-- Dumping data for table `learning_path`
--

LOCK TABLES `learning_path` WRITE;
/*!40000 ALTER TABLE `learning_path` DISABLE KEYS */;
INSERT INTO `learning_path` VALUES ('1896d2a3-4fb9-11f1-9abe-6c02e0d26821','79462510-4fb8-11f1-9abe-6c02e0d26821','Programming Foundations Path','A beginner path for core programming basics.',NULL,'beginner',50.00,'draft',35,'ba9e888a-18fc-11f1-97b2-6c02e0d26821','2026-05-14 20:19:42','2026-05-14 20:19:42'),('3d578b93-4fb9-11f1-9abe-6c02e0d26821','ef382f5a-4fb7-11f1-9abe-6c02e0d26821','Frontend Web Developer Path','A path to build modern web interfaces.','/uploads/paths/path-3d578b93-4fb9-11f1-9abe-6c02e0d26821-1779472450271.png','intermediate',260.00,'published',28,'ba9e888a-18fc-11f1-97b2-6c02e0d26821','2026-05-14 20:20:44','2026-05-22 20:54:10'),('54d93fbc-4fb9-11f1-9abe-6c02e0d26821','05860d11-4fb8-11f1-9abe-6c02e0d26821','Backend Developer Path','A path to build APIs, servers, and data systems.','/uploads/paths/path-54d93fbc-4fb9-11f1-9abe-6c02e0d26821-1779472039748.png','intermediate',185.00,'published',10,'ba9e888a-18fc-11f1-97b2-6c02e0d26821','2026-05-14 20:21:23','2026-05-22 20:47:23'),('91422182-4fb9-11f1-9abe-6c02e0d26821','fa6cf6fd-4fb7-11f1-9abe-6c02e0d26821','Mobile App Developer Path','A path for building practical mobile applications.',NULL,'intermediate',110.00,'draft',65,'ba9e888a-18fc-11f1-97b2-6c02e0d26821','2026-05-14 20:23:04','2026-05-14 20:24:20'),('a1163ff6-4fb9-11f1-9abe-6c02e0d26821','70cf48ba-4fb8-11f1-9abe-6c02e0d26821','DevOps for Developers Path','path for deployment, automation, and operations.',NULL,'advanced',120.00,'draft',50,'ba9e888a-18fc-11f1-97b2-6c02e0d26821','2026-05-14 20:23:31','2026-05-14 20:24:32'),('ae5d2a72-4fb9-11f1-9abe-6c02e0d26821','79462510-4fb8-11f1-9abe-6c02e0d26821','Coding Interview Path','A path for interview prep and coding problem practice.',NULL,'all_levels',70.00,'draft',40,'ba9e888a-18fc-11f1-97b2-6c02e0d26821','2026-05-14 20:23:53','2026-05-14 20:24:48');
/*!40000 ALTER TABLE `learning_path` ENABLE KEYS */;
UNLOCK TABLES;

--
-- Table structure for table `learning_path_course`
--

DROP TABLE IF EXISTS `learning_path_course`;
/*!40101 SET @saved_cs_client     = @@character_set_client */;
/*!50503 SET character_set_client = utf8mb4 */;
CREATE TABLE `learning_path_course` (
  `id` varchar(36) CHARACTER SET utf8mb4 COLLATE utf8mb4_unicode_ci NOT NULL,
  `pathId` varchar(36) CHARACTER SET utf8mb4 COLLATE utf8mb4_unicode_ci NOT NULL,
  `courseId` varchar(36) CHARACTER SET utf8mb4 COLLATE utf8mb4_unicode_ci NOT NULL,
  `orderNumber` int NOT NULL,
  `isRequired` tinyint(1) DEFAULT '1',
  `createdAt` datetime DEFAULT CURRENT_TIMESTAMP,
  PRIMARY KEY (`id`),
  UNIQUE KEY `unique_path_course` (`pathId`,`courseId`),
  UNIQUE KEY `unique_path_order` (`pathId`,`orderNumber`),
  KEY `idx_learning_path_course_path` (`pathId`),
  KEY `idx_learning_path_course_course` (`courseId`),
  CONSTRAINT `learning_path_course_ibfk_1` FOREIGN KEY (`pathId`) REFERENCES `learning_path` (`id`) ON DELETE CASCADE ON UPDATE CASCADE,
  CONSTRAINT `learning_path_course_ibfk_2` FOREIGN KEY (`courseId`) REFERENCES `course` (`id`) ON DELETE CASCADE ON UPDATE CASCADE
) ENGINE=InnoDB DEFAULT CHARSET=utf8mb4 COLLATE=utf8mb4_general_ci;
/*!40101 SET character_set_client = @saved_cs_client */;

--
-- Dumping data for table `learning_path_course`
--

LOCK TABLES `learning_path_course` WRITE;
/*!40000 ALTER TABLE `learning_path_course` DISABLE KEYS */;
INSERT INTO `learning_path_course` VALUES ('3c646533-5607-11f1-9abe-6c02e0d26821','3d578b93-4fb9-11f1-9abe-6c02e0d26821','ed1b33e8-5132-11f1-9abe-6c02e0d26821',1,1,'2026-05-22 20:54:10'),('3c6563e3-5607-11f1-9abe-6c02e0d26821','3d578b93-4fb9-11f1-9abe-6c02e0d26821','072aba94-5083-11f1-9abe-6c02e0d26821',2,1,'2026-05-22 20:54:10'),('3c65b5ee-5607-11f1-9abe-6c02e0d26821','3d578b93-4fb9-11f1-9abe-6c02e0d26821','6c78daa9-507d-11f1-9abe-6c02e0d26821',3,1,'2026-05-22 20:54:10'),('3c65f809-5607-11f1-9abe-6c02e0d26821','3d578b93-4fb9-11f1-9abe-6c02e0d26821','4d9de360-5082-11f1-9abe-6c02e0d26821',4,1,'2026-05-22 20:54:10'),('4a18db4a-5606-11f1-9abe-6c02e0d26821','54d93fbc-4fb9-11f1-9abe-6c02e0d26821','dde5cde4-4fcc-11f1-9abe-6c02e0d26821',1,1,'2026-05-22 20:47:23'),('4a1938f4-5606-11f1-9abe-6c02e0d26821','54d93fbc-4fb9-11f1-9abe-6c02e0d26821','d6476901-4fbb-11f1-9abe-6c02e0d26821',2,1,'2026-05-22 20:47:23');
/*!40000 ALTER TABLE `learning_path_course` ENABLE KEYS */;
UNLOCK TABLES;

--
-- Table structure for table `lesson`
--

DROP TABLE IF EXISTS `lesson`;
/*!40101 SET @saved_cs_client     = @@character_set_client */;
/*!50503 SET character_set_client = utf8mb4 */;
CREATE TABLE `lesson` (
  `id` varchar(36) CHARACTER SET utf8mb4 COLLATE utf8mb4_unicode_ci NOT NULL,
  `moduleId` varchar(36) CHARACTER SET utf8mb4 COLLATE utf8mb4_unicode_ci NOT NULL,
  `title` varchar(191) CHARACTER SET utf8mb4 COLLATE utf8mb4_unicode_ci NOT NULL,
  `type` enum('text','code_example','live_python','video_embed','quiz','mixed') CHARACTER SET utf8mb4 COLLATE utf8mb4_unicode_ci DEFAULT 'text',
  `enableLiveEditor` tinyint(1) NOT NULL DEFAULT '0',
  `description` text CHARACTER SET utf8mb4 COLLATE utf8mb4_unicode_ci,
  `content` text CHARACTER SET utf8mb4 COLLATE utf8mb4_unicode_ci COMMENT 'lesson content in Markdown + code blocks',
  `videoUrl` varchar(255) CHARACTER SET utf8mb4 COLLATE utf8mb4_unicode_ci DEFAULT NULL,
  `orderNumber` int NOT NULL,
  `durationMinutes` int DEFAULT '0',
  `isPublished` tinyint(1) DEFAULT '0',
  `createdAt` datetime DEFAULT CURRENT_TIMESTAMP,
  `updatedAt` datetime DEFAULT CURRENT_TIMESTAMP ON UPDATE CURRENT_TIMESTAMP,
  `codeContent` text CHARACTER SET utf8mb4 COLLATE utf8mb4_unicode_ci,
  `liveEditorLanguage` enum('python','javascript','html_css','sql','c') CHARACTER SET utf8mb4 COLLATE utf8mb4_unicode_ci NOT NULL DEFAULT 'python',
  PRIMARY KEY (`id`),
  UNIQUE KEY `unique_lesson_order` (`moduleId`,`orderNumber`),
  CONSTRAINT `lesson_ibfk_1` FOREIGN KEY (`moduleId`) REFERENCES `module` (`id`) ON DELETE CASCADE ON UPDATE CASCADE
) ENGINE=InnoDB DEFAULT CHARSET=utf8mb4 COLLATE=utf8mb4_unicode_ci;
/*!40101 SET character_set_client = @saved_cs_client */;

--
-- Dumping data for table `lesson`
--

LOCK TABLES `lesson` WRITE;
/*!40000 ALTER TABLE `lesson` DISABLE KEYS */;
INSERT INTO `lesson` VALUES ('1b6ff457-4fc6-11f1-9abe-6c02e0d26821','2b4f1c0b-4fc4-11f1-9abe-6c02e0d26821','Lesson 2.1: CommonJS Modules','mixed',1,'Node.js uses the CommonJS module system (require / module.exports).','## Example (math.js):\n\n```const add = (a, b) => a + b;\nconst subtract = (a, b) => a - b;\n\nmodule.exports = { add, subtract };```\n\n## Usage (app.js):\n```const math = require(\'./math\');\nconsole.log(math.add(5, 3)); // 8```\n\n## Question:\ndefine greet function that take one parameter called name and add function take two parameters called a,b then use them.\n### Note: for usege use Alex name with (Hello Alex, Welcome to Node.js!) sentence for greeting , 5 for a and 3 for b.\n\n{{starter:\n// Define your functions here\n\nfunction greet(name) {\n  \n}\n\n}}\n\n\n\n{{answer:\nHello Alex, Welcome to Node.js!\n8\n}}',NULL,1,25,1,'2026-05-14 21:52:50','2026-05-14 21:57:35',NULL,'javascript'),('1bebc57c-5147-11f1-9abe-6c02e0d26821','1beb3952-5147-11f1-9abe-6c02e0d26821','Differentiate relational and non-relational databases','mixed',0,'Compare relational (SQL) and non-relational (NoSQL) databases: what each stores, how they model relationships, typical query patterns, and common use-cases such as transactions, analytics, or flexible schemas. Explain why choosing the right type matters for scalability, consistency, and development speed. Give concrete examples like PostgreSQL and MongoDB, and highlight normalization, indexing, and transaction guarantees as decision factors. Pitfall: assuming one fits all.','Lesson: Differentiate relational and non-relational databases\n\nUseful Resources:\n\n- https://developer.mozilla.org/en-US/docs/Web/API/IndexedDB_API\n\n- https://nodejs.org/en/docs/\n\n- https://expressjs.com/en/4x/api.html\n\n{{video: https://www.youtube.com/watch?v=ZS_kXvOeQ5Y}}\n\nExample:\n\n```-- Relational (SQL) table example\nCREATE TABLE users (\n  id SERIAL PRIMARY KEY,\n  name VARCHAR(100),\n  email VARCHAR(100) UNIQUE\n);\n\n-- Non-relational (NoSQL) document example (MongoDB-style)\n{\n  \"_id\": \"u1\",\n  \"name\": \"Alice\",\n  \"emails\": [\"a@example.com\", \"alice@work.com\"]\n}\n```\n\n','https://www.youtube.com/watch?v=ZS_kXvOeQ5Y',1,10,1,'2026-05-16 19:48:47','2026-05-16 20:38:31',NULL,'sql'),('1bec2d8a-5147-11f1-9abe-6c02e0d26821','1beb3952-5147-11f1-9abe-6c02e0d26821','Install and configure PostgreSQL locally','mixed',1,'Install PostgreSQL and perform initial configuration to run a local database instance. This lesson covers server installation, initializing a database cluster, creating a superuser and test database, starting the service, and verifying connectivity. Youظـزظــظ¤ش┬ظـز╪زll learn why a local instance is important for practicing SQL and avoid common pitfalls such as service not running, version mismatches, permissions, or port/firewall issues that block psql connections.','Lesson: Install and configure PostgreSQL locally\n\n> Note: Live JavaScript editor runs in the browser. Avoid `require`, `process`, and server startup code here.\n\nUseful Resources:\n\n- https://nodejs.org/en/download/\n\n- https://nodejs.org/api/child_process.html\n\n- https://developer.mozilla.org/en-US/docs/Web/API/Console/log\n\n\nExample:\n\n```sudo apt update\nsudo apt install postgresql postgresql-contrib\n\nsudo -i -u postgres\ncreateuser --interactive\ncreatedb mydb\npsql -c \"\\l\"\n\nsudo systemctl start postgresql\nsudo systemctl enable postgresql\n```\n\nLive Coding Task:\n\nRun the starter code, then complete the TODOs.\n\n{{starter:\n// Simulate installation checks\n console.log(\'checking prerequisites\') \n// simulate database initialization console.log(\'initializing database cluster\')\n// simulate starting service and verifying connection console.log(\'postgresql ready\')\n}}\n\n{{answer: checking prerequisites initializing database cluster postgresql ready}}','https://www.youtube.com/watch?v=3Z7U2vE7n4I',2,15,1,'2026-05-16 19:48:47','2026-05-16 20:13:26',NULL,'javascript'),('1bee7cfa-5147-11f1-9abe-6c02e0d26821','1beb3952-5147-11f1-9abe-6c02e0d26821','Connect to PostgreSQL using psql and pgAdmin','text',1,'Learn how to connect to a PostgreSQL server using the psql command-line client and the pgAdmin graphical interface. This lesson shows the commands and GUI steps to authenticate, run queries, and inspect databases, schemas, tables, and roles. You\'ll understand connection strings and common configuration issues such as pg_hba.conf, ports, SSL settings, and user permissions. Pitfall: mismatched credentials, firewall, or wrong host/port values prevent successful connections.','Lesson: Connect to PostgreSQL using psql and pgAdmin\n\nUseful Resources:\n\n- https://www.postgresql.org/docs/current/app-psql.html\n\n- https://www.pgadmin.org/docs/pgadmin4/latest/\n\n- https://www.postgresql.org/docs/current/client-authentication.html\n\n{{video: https://www.youtube.com/watch?v=qw--VYLpxG4}}\n\nExample:\n\n```code\npsql -h localhost -p 5432 -U myuser -d mydb\n\n-- list databases\n\\l\n\n-- connect to a different database\n\\c otherdb\n\n-- list tables in current schema\n\\dt\n\n-- run a simple query\nSELECT count(*) FROM users;\n\n-- exit\n\\q\n\n-- pgAdmin: open pgAdmin, create a new server registration with host, port, maintenance DB, username; then use the object browser to expand Databases > Schemas > Tables and use the Query Tool to run SQL.\n```\n\nLive Coding Task:\n\nRun the starter code, then complete the TODOs.\n\n{{starter:\nnums = [1, 2, 3] print(sum(nums))\n}}\n\n{{answer: 6}}','https://www.youtube.com/watch?v=qw--VYLpxG4',3,10,1,'2026-05-16 19:48:47','2026-05-16 20:13:31',NULL,'sql'),('1beec755-5147-11f1-9abe-6c02e0d26821','1beb3952-5147-11f1-9abe-6c02e0d26821','Describe schemas, tables, and common SQL data types','text',1,'This lesson explains database schemas, tables, columns, and common SQL data types (numeric, character, date/time, boolean, and binary). Youظـزظــظ¤ش┬ظـز╪زll learn how each component structures data, when to choose specific types for storage and performance, and normalization implications. Practical guidance covers precision, storage size, and indexing trade offs. Watch for common pitfalls: mismatched types, implicit conversions, and future-proofing for evolving data requirements.','Lesson: Describe schemas, tables, and common SQL data types\n\nUseful Resources:\n\n- https://developer.mozilla.org/en-US/docs/Web/JavaScript/Data_structures\n\n{{video: https://www.youtube.com/watch?v=7S_tz1z_5bA}}\n\nLive Coding Task:\n\nRun the starter code, then complete the TODOs.\n\n{{starter:\nwords = [\"API\", \"Course\"] print(\"-\".join(w.lower() for w in words))\n}}\n\n{{answer: api-course}}','https://www.youtube.com/watch?v=7S_tz1z_5bA',4,10,1,'2026-05-16 19:48:47','2026-05-16 20:13:36',NULL,'sql'),('1beeff3d-5147-11f1-9abe-6c02e0d26821','1beb3952-5147-11f1-9abe-6c02e0d26821','Explore a provided sample database and run example queries','mixed',1,'Load a provided sample dataset and run basic SELECT queries to inspect rows, columns, and schema structure. You\'ll learn how to preview table contents, filter rows, and retrieve column lists so you can validate data before writing complex queries. Why: quick inspection prevents incorrect assumptions and wasted analysis time. Pitfall: forgetting to check schema changes or NULLs can make queries return unexpected results','Lesson: Explore a provided sample database and run example queries\n\n> Note: Live JavaScript editor runs in the browser. Avoid `require`, `process`, and server startup code here.\n\nUseful Resources:\n\n- https://developer.mozilla.org/\n\n- https://expressjs.com/en/starter/installing.html\n\n{{video: https://www.youtube.com/watch?v=9Pzj7Aj25lw}}\n\nExample:\n\n```CREATE TABLE users (\n  id INTEGER PRIMARY KEY,\n  name TEXT,\n  age INTEGER\n);\n\nINSERT INTO users (name, age) VALUES\n  (\'Alice\', 30),\n  (\'Bob\', 22),\n  (\'Carol\', 27);\n\n-- Inspect all rows and columns\nSELECT * FROM users;\n\n-- Preview specific columns and filter\nSELECT name, age FROM users WHERE age > 25;\n\n-- Inspect schema (SQLite example)\nPRAGMA table_info(\'users\');\n```\n\nLive Coding Task:\n\nRun the starter code, then complete the TODOs.\n\n{{starter:\n// sample SQL setup represented as a string for a browser-safe starter \n// this simulates the statements you\'d run in the SQL live editor \nconst setupSql = ` \nCREATE TABLE users ( id INTEGER PRIMARY KEY, name TEXT, age INTEGER ); \nINSERT INTO users (name, age) \nVALUES (\'Alice\', 30), (\'Bob\', 22), (\'Carol\', 27); `; \n// In a live SQL environment you would execute setupSql and then run the example queries \n// For this lesson starter, output a quick confirmation summary to simulate the loaded dataset \nconsole.log(\'rows 3 columns id name age\');\n}}\n\n{{answer: rows 3 columns id name age}}','https://www.youtube.com/watch?v=9Pzj7Aj25lw',5,15,1,'2026-05-16 19:48:47','2026-05-16 20:13:42',NULL,'javascript'),('1bf01185-5147-11f1-9abe-6c02e0d26821','1befaa6b-5147-11f1-9abe-6c02e0d26821','Design an ER diagram for an e-commerce schema','text',1,'Design an ER diagram capturing entities, relationships, and cardinalities for an e-commerce domain. This lesson explains what to include (customers, products, orders, order_items, payments, inventory, categories), why strong normalization and clear cardinality mapping prevents anomalies, and how to represent many-to-many and optional relationships. Pitfall: avoid over-normalizing early or omitting associative entities for many-to-many relationships, which can obscure business rules and complicate queries.','Lesson: Design an ER diagram for an e-commerce schema\n\nUseful Resources:\n\n- https://developer.mozilla.org/en-US/docs/Glossary/JSON\n\n- https://expressjs.com/\n\n\nLive Coding Task:\n\nRun the starter code, then complete the TODOs.\n\n{{starter:\nnums = [1, 2, 3] print(sum(nums))\n}}\n\n{{answer: 6}}','https://www.youtube.com/watch?v=4vLs1LZqOnA',1,12,1,'2026-05-16 19:48:47','2026-05-16 20:13:46',NULL,'sql'),('1bf04d46-5147-11f1-9abe-6c02e0d26821','1befaa6b-5147-11f1-9abe-6c02e0d26821','Normalize tables to Third Normal Form (3NF)','mixed',1,'Apply normalization rules to decompose tables and eliminate redundancy up to Third Normal Form (3NF). This lesson shows when and how to split relations, identify functional dependencies, and remove transitive dependencies to prevent update, insert, and delete anomalies. Learn step-by-step decomposition with SQL examples and a common pitfall: over-normalizing can hurt query performance and complicate joins. Practical checklist and verification queries included.','Lesson: Normalize tables to Third Normal Form (3NF)\n\n> Note: Live JavaScript editor runs in the browser. Avoid `require`, `process`, and server startup code here.\n\nUseful Resources:\n\n- https://developer.mozilla.org/en-US/docs/Web/JavaScript/Guide\n\n{{video: https://www.youtube.com/watch?v=UrYLYV7WSHM}}\n\nExample:\n\n```-- denormalized initial table\nCREATE TABLE orders_denorm (\n  order_id INT PRIMARY KEY,\n  customer_name TEXT,\n  customer_address TEXT,\n  product_id INT,\n  product_name TEXT,\n  quantity INT\n);\n\n-- decomposition into 3NF: customers, products, orders, and order_items\nCREATE TABLE customers (\n  customer_id INT PRIMARY KEY,\n  name TEXT,\n  address TEXT\n);\n\nCREATE TABLE products (\n  product_id INT PRIMARY KEY,\n  name TEXT\n);\n\nCREATE TABLE orders (\n  order_id INT PRIMARY KEY,\n  customer_id INT,\n  FOREIGN KEY (customer_id) REFERENCES customers(customer_id)\n);\n\nCREATE TABLE order_items (\n  order_id INT,\n  product_id INT,\n  quantity INT,\n  PRIMARY KEY (order_id, product_id),\n  FOREIGN KEY (order_id) REFERENCES orders(order_id),\n  FOREIGN KEY (product_id) REFERENCES products(product_id)\n);\n```\n\nLive Coding Task:\n\nRun the starter code, then complete the TODOs.\n\n{{starter:\n// sample denormalized table description \nconst denormTable = `\norders(order_id, customer_name, customer_address, product_id, product_name, quantity)`; \n// simulate analysis of functional dependencies and decomposition \nfunction simulateNormalizationCheck(denorm) { \n// pretend we parsed dependencies and removed transitive dependencies \n// resulting status returned as a short message return \'normalized to third normal form\'; } \n// run simulation and output result console.log(simulateNormalizationCheck(denormTable));\n}}\n\n{{answer: normalized to third normal form}}','https://www.youtube.com/watch?v=UrYLYV7WSHM',2,15,1,'2026-05-16 19:48:47','2026-05-16 20:13:52',NULL,'javascript'),('1bf0fc28-5147-11f1-9abe-6c02e0d26821','1befaa6b-5147-11f1-9abe-6c02e0d26821','Define and apply primary, foreign, and unique keys','mixed',1,'Learn to design and implement primary, foreign, and unique keys to enforce data integrity in relational schemas. Keys prevent duplicate rows, maintain referential integrity, and support reliable joins and queries. A common pitfall is mismatched data types or missing indexes on referenced columns which causes errors or slow operations. This lesson includes clear SQL DDL examples, best practices, and a small starter script that simulates applying constraints.','Lesson: Define and apply primary, foreign, and unique keys\n\n> Note: Live JavaScript editor runs in the browser. Avoid `require`, `process`, and server startup code here.\n\nUseful Resources:\n\n- https://developer.mozilla.org/en-US/docs/Glossary/Database\n\n\nExample:\n\n```CREATE TABLE users (\n  id INT PRIMARY KEY,\n  email VARCHAR(255) NOT NULL UNIQUE,\n  name VARCHAR(100)\n);\n\nCREATE TABLE user_profiles (\n  id INT PRIMARY KEY,\n  user_id INT NOT NULL,\n  bio TEXT,\n  FOREIGN KEY (user_id) REFERENCES users(id)\n);\n```\n\nLive Coding Task:\n\nRun the starter code, then complete the TODOs.\n\n{{starter:\n// Simulate applying SQL constraints for learning (no DB connection) \n\nconst steps = [ \'apply primary key to users id\', \'apply foreign key from user profiles user id to users id\', \'apply unique key to users email\' ]; \n\nsteps.forEach(step => console.log(step)); console.log(\'constraints applied successfully\');\n}}\n\n{{answer: apply primary key to users id apply foreign key from user profiles user id to users id apply unique key to users email constraints applied successfully}}','https://www.youtube.com/watch?v=PkZNo7MFNFg',3,15,1,'2026-05-16 19:48:47','2026-05-16 20:13:58',NULL,'javascript'),('1bf21c2a-5147-11f1-9abe-6c02e0d26821','1befaa6b-5147-11f1-9abe-6c02e0d26821','Model many-to-many relationships using junction tables','mixed',1,'Show how to model many-to-many relationships using junction tables (association tables), why they preserve normalization and referential integrity, and how to enforce constraints with composite primary keys and foreign keys. Cover common pitfalls: redundant data, missing indexes, and cascade rules that can break relations. Provide SQL examples for creating junction tables and explain join queries to query related records efficiently.','Lesson: Model many-to-many relationships using junction tables\n\n> Note: Live JavaScript editor runs in the browser. Avoid `require`, `process`, and server startup code here.\n\nUseful Resources:\n\n- https://developer.mozilla.org/en-US/docs/Web/JavaScript/Reference/Global_Objects/Array\n\n- https://developer.mozilla.org/en-US/docs/Web/JavaScript/Reference/Global_Objects/Array/map\n\n- https://nodejs.org/api/console.html\n\n\nExample:\n\n```CREATE TABLE students (\n  id INTEGER PRIMARY KEY,\n  name TEXT NOT NULL\n);\n\nCREATE TABLE courses (\n  id INTEGER PRIMARY KEY,\n  title TEXT NOT NULL\n);\n\nCREATE TABLE students_courses (\n  student_id INTEGER NOT NULL,\n  course_id INTEGER NOT NULL,\n  PRIMARY KEY (student_id, course_id),\n  FOREIGN KEY (student_id) REFERENCES students(id) ON DELETE CASCADE,\n  FOREIGN KEY (course_id) REFERENCES courses(id) ON DELETE CASCADE\n);\n\n-- Query: find courses for a student\nSELECT c.*\nFROM courses c\nJOIN students_courses sc ON c.id = sc.course_id\nWHERE sc.student_id = 1;\n```\n\nLive Coding Task:\n\nRun the starter code, then complete the TODOs.\n\n{{starter:\n// sample domain records: students and courses \nconst students = [ { id: 1, name: \'Alice\' }, { id: 2, name: \'Bob\' } ]; \n\nconst courses = [ { id: 10, title: \'SQL Basics\' }, { id: 20, title: \'JavaScript\' } ]; \n\n// junction table rows (many-to-many associations) \nconst enrollments = [ { studentId: 1, courseId: 10 }, { studentId: 2, courseId: 10 }, { studentId: 1, courseId: 20 } ]; \n// count junction rows and print summary \n\nconst junctionCount = enrollments.length; console.log(\'junction rows \' + junctionCount);\n}}\n\n{{answer: junction rows 3}}','https://www.youtube.com/watch?v=4i9qkQfH0mA',4,15,1,'2026-05-16 19:48:47','2026-05-16 20:14:03',NULL,'javascript'),('1bf290d7-5147-11f1-9abe-6c02e0d26821','1befaa6b-5147-11f1-9abe-6c02e0d26821','Translate ER diagrams into CREATE TABLE statements','mixed',1,'Convert an ER diagram into SQL CREATE TABLE statements by selecting appropriate column types, primary keys, foreign keys, and constraints. Learn to map entities, attributes, and relationships (one-to-many, many-to-many) into normalized tables and junction tables while establishing referential integrity. Why it matters: correct mappings prevent data anomalies. Pitfall: mismatched types or missing ON DELETE/UPDATE behavior breaking foreign key relationships.','Lesson: Translate ER diagrams into CREATE TABLE statements\n\n> Note: Live JavaScript editor runs in the browser. Avoid `require`, `process`, and server startup code here.\n\nExample:\n\n```CREATE TABLE customers (\n  customer_id SERIAL PRIMARY KEY,\n  name VARCHAR(100) NOT NULL,\n  email VARCHAR(255) UNIQUE NOT NULL\n);\nCREATE TABLE products (\n  product_id SERIAL PRIMARY KEY,\n  name VARCHAR(150) NOT NULL,\n  price DECIMAL(10,2) NOT NULL\n);\nCREATE TABLE orders (\n  order_id SERIAL PRIMARY KEY,\n  customer_id INTEGER NOT NULL REFERENCES customers(customer_id),\n  order_date DATE NOT NULL\n);\nCREATE TABLE order_items (\n  order_id INTEGER NOT NULL REFERENCES orders(order_id),\n  product_id INTEGER NOT NULL REFERENCES products(product_id),\n  quantity INTEGER NOT NULL, PRIMARY KEY (order_id, product_id)\n);\n```\n\nLive Coding Task:\n\nRun the starter code, then complete the TODOs.\n\n{{starter:\n// Simulate tables derived from an ER diagram \nconst tables = [ \'customers\', \'products\', \'orders\', \'order_items\' ]; \n\n// Build a status message and print it to the console \nconst message = \'created tables \' + tables.join(\' \'); console.log(message);\n}}\n\n{{answer: created tables customers products orders order_items}}',NULL,5,15,1,'2026-05-16 19:48:47','2026-05-16 20:14:07',NULL,'javascript'),('1bf32b27-5147-11f1-9abe-6c02e0d26821','1bf2eec0-5147-11f1-9abe-6c02e0d26821','Write SELECT queries using WHERE to filter rows','code_example',1,'Learn to use WHERE clauses to filter SELECT results by column conditions. This lesson covers equality, ranges, pattern matching, NULL checks, and combining predicates with AND/OR. You\'ll see why filtering reduces data transferred and speeds queries, and practice correct operator precedence. Pitfalls include NULL semantics, type mismatches, and filtering before aggregation ظـزظــظ¤ش┬ظ¤ش╪ش use HAVING for grouped filters. Hands-on examples show typical WHERE logic and common mistakes.','Lesson: Write SELECT queries using WHERE to filter rows\n\n> Note: Live JavaScript editor runs in the browser. Avoid `require`, `process`, and server startup code here.\n\nUseful Resources:\n\n- https://developer.mozilla.org/en-US/docs/Web/JavaScript/Reference/Global_Objects/Array/filter\n\nExample:\n\n```code\n-- select active users older than 25\nSELECT id, name, age\nFROM users\nWHERE age > 25 AND active = true;\n\n-- find names that start with a\nSELECT name\nFROM users\nWHERE name LIKE \'a%\';\n\n-- check for missing email\nSELECT *\nFROM users\nWHERE email IS NULL;\n\n-- precedence and grouping example\nSELECT *\nFROM users\nWHERE active = true AND (age < 30 OR name = \'bob\');\n```\n\nLive Coding Task:\n\nRun the starter code, then complete the TODOs.\n\n{{starter:\n// small in-memory table of users const users = [ { id: 1, name: \'alice\', age: 30, active: true }, { id: 2, name: \'bob\', age: 22, active: false }, { id: 3, name: \'carol\', age: 27, active: true } ]; // simulate WHERE age > 25 AND active = true const filtered = users.filter(u => u.age > 25 && u.active === true); // join matching names with a space and log const names = filtered.map(u => u.name).join(\' \'); console.log(names);\n}}\n\n{{answer: alice carol}}',NULL,1,12,1,'2026-05-16 19:48:47','2026-05-16 20:14:13',NULL,'javascript'),('1bf3d32d-5147-11f1-9abe-6c02e0d26821','1bf2eec0-5147-11f1-9abe-6c02e0d26821','Use column aliases and expressions in SELECT statements','mixed',1,'Apply column aliases and computed expressions in SELECT to transform and label results for clearer reports and downstream use. This lesson covers renaming columns, creating computed fields (arithmetic, string concatenation, date math) and best practices for readable, unambiguous labels. Pitfall: avoid reserved words or misleading alias names, and ensure expressions are deterministic and indexed appropriately for performance. Also show common SQL syntax variations across databases.','Lesson: Use column aliases and expressions in SELECT statements\n\n> Note: Live JavaScript editor runs in the browser. Avoid `require`, `process`, and server startup code here.\n\nUseful Resources:\n\n- https://developer.mozilla.org/en-US/docs/Web/JavaScript/Reference/Template_literals\n\n\nExample:\n\n```  id AS user_id,\n  CONCAT(first_name, \' \', last_name) AS full_name,\n  price * quantity AS total_price,\n  CASE WHEN discount IS NOT NULL THEN price * (1 - discount) ELSE price END AS discounted_price,\n  created_at\nFROM orders\nWHERE status = \'completed\';\n```\n\nLive Coding Task:\n\nRun the starter code, then complete the TODOs.\n\n{{starter:\n// build a SQL query string demonstrating aliases and expressions const sql = [ \"SELECT\", \" id AS user_id,\", \" CONCAT(first_name, \' \', last_name) AS full_name,\", \" price * quantity AS total_price,\", \" created_at\", \"FROM orders\", \"WHERE status = \'completed\';\" ].join(\" \"); // produce a human readable summary (lowercase, no punctuation) that will be logged const summary = \"generated query selects id as user id full name and total price from orders status completed\"; console.log(summary);\n}}\n\n{{answer: generated query selects id as user id full name and total price from orders status completed}}','https://www.youtube.com/watch?v=l8WPWK9mS5M',2,12,1,'2026-05-16 19:48:47','2026-05-16 20:14:21',NULL,'javascript'),('1bf49215-5147-11f1-9abe-6c02e0d26821','1bf2eec0-5147-11f1-9abe-6c02e0d26821','Sort and paginate query results with ORDER BY, LIMIT, and OFFSET','code_example',1,'Learn how to control result ordering and implement efficient pagination using ORDER BY, LIMIT, and OFFSET in SQL. This lesson explains why stable ordering matters for repeatable pages, how to calculate offsets for page numbers, and when to prefer keyset (seek) pagination to avoid performance and consistency pitfalls. Includes practical examples and a short live snippet demonstrating typical LIMIT/OFFSET usage and a common pitfall to avoid.','Lesson: Sort and paginate query results with ORDER BY, LIMIT, and OFFSET\n\n> Note: Live JavaScript editor runs in the browser. Avoid `require`, `process`, and server startup code here.\n\nExample:\n\n```code\n-- fetch second page of active users ordered by creation time\nSELECT id, name, created_at\nFROM users\nWHERE active = true\nORDER BY created_at DESC, id ASC\nLIMIT 10 OFFSET 10;\n\n-- note: stable ordering uses a tie breaker (id) to guarantee deterministic pages\n```\n\nLive Coding Task:\n\nRun the starter code, then complete the TODOs.\n\n{{starter:\n// set the current page and rows per page const page = 2; const perPage = 10; // calculate offset for LIMIT/OFFSET const offset = (page - 1) * perPage; // prepare a simple pagination clause string and print it const output = `limit ${perPage} offset ${offset}`; console.log(output);\n}}\n\n{{answer: limit 10 offset 10}}',NULL,3,12,1,'2026-05-16 19:48:47','2026-05-16 20:14:35',NULL,'javascript'),('1bf502ea-5147-11f1-9abe-6c02e0d26821','1bf2eec0-5147-11f1-9abe-6c02e0d26821','Apply scalar functions to transform query results (string, numeric, date)','code_example',1,'Use built-in string, numeric, and date/time scalar functions in SELECT statements to normalize text, round and compute numeric values, and format dates for reporting. This lesson shows practical SQL examples and a simulated JS output to match transformed rows. Why: improves readability and downstream processing. Pitfall: watch implicit type casts, dialect differences (e.g., to_char vs date_format), and time zone/locale issues that change results.','Lesson: Apply scalar functions to transform query results (string, numeric, date)\n\n> Note: Live JavaScript editor runs in the browser. Avoid `require`, `process`, and server startup code here.\n\nUseful Resources:\n\n- https://developer.mozilla.org/en-US/docs/Web/JavaScript/Reference/Global_Objects/String/toLowerCase\n\n- https://developer.mozilla.org/en-US/docs/Web/JavaScript/Reference/Global_Objects/Math/round\n\n- https://developer.mozilla.org/en-US/docs/Web/JavaScript/Reference/Global_Objects/Date\n\nExample:\n\n```code\n/* PostgreSQL example: apply string, numeric, and date functions */\nSELECT\n  lower(name)         AS name_normalized,\n  round(price::numeric, 2) AS price_rounded,\n  to_char(order_date, \'YYYY MM DD\') AS date_formatted\nFROM orders\nWHERE price > 0\nORDER BY order_date DESC\nLIMIT 10;\n```\n\nLive Coding Task:\n\nRun the starter code, then complete the TODOs.\n\n{{starter:\n// Simulated database row returned from a query const row = { name: \'Alice Johnson\', price: 12.345, order_date: \'2021-07-15\' }; // Apply transformations that mirror typical SQL scalar functions const nameLower = row.name.toLowerCase(); const dollars = Math.floor(row.price); const cents = Math.round((row.price - dollars) * 100); const date = new Date(row.order_date); const year = String(date.getUTCFullYear()); const month = String(date.getUTCMonth() + 1).padStart(2, \'0\'); const day = String(date.getUTCDate()).padStart(2, \'0\'); // Output formatted like a simple report without punctuation console.log( nameLower + \' \' + dollars + \' \' + String(cents).padStart(2, \'0\') + \' \' + year + \' \' + month + \' \' + day );\n}}\n\n{{answer: alice johnson 12 35 2021 07 15}}',NULL,4,12,1,'2026-05-16 19:48:47','2026-05-16 20:14:57',NULL,'javascript'),('1bf5fc22-5147-11f1-9abe-6c02e0d26821','1bf2eec0-5147-11f1-9abe-6c02e0d26821','Eliminate duplicates with DISTINCT and compute counts','code_example',1,'Use DISTINCT to remove duplicate values and COUNT to summarize rows. This lesson shows how to count unique entries, contrast total-row counts with distinct counts, and combine DISTINCT with GROUP BY for concise summaries. Youظـزظــظ¤ش┬ظـز╪زll learn why DISTINCT matters for accurate reporting and the common pitfall: COUNT and DISTINCT behave differently with NULLs and across multiple columns, which can mislead aggregates if used incorrectly.','Lesson: Eliminate duplicates with DISTINCT and compute counts\n\n> Note: Live JavaScript editor runs in the browser. Avoid `require`, `process`, and server startup code here.\n\nUseful Resources:\n\n- https://developer.mozilla.org/en-US/docs/Web/JavaScript/Reference/Global_Objects/Set\n\n{{video: https://www.youtube.com/watch?v=HXV3zeQKqGY}}\n\nExample:\n\n```code\n-- list distinct city values\nSELECT DISTINCT city\nFROM customers;\n\n-- count distinct emails (ignores duplicate addresses)\nSELECT COUNT(DISTINCT email) AS unique_emails\nFROM customers;\n\n-- compare with total rows\nSELECT COUNT(*) AS total_rows\nFROM customers;\n```\n\nLive Coding Task:\n\nRun the starter code, then complete the TODOs.\n\n{{starter:\n// sample dataset of emails with duplicates and nulls const emails = [ \'alice@example.com\', \'bob@example.com\', \'alice@example.com\', null, \'carol@example.com\', null ]; // compute distinct non null email count const distinctEmails = new Set(emails.filter(e => e !== null)).size; // log a concise result that corresponds to SQL count distinct semantics console.log(\'count distinct email \' + distinctEmails);\n}}\n\n{{answer: count distinct email 3}}','https://www.youtube.com/watch?v=HXV3zeQKqGY',5,12,1,'2026-05-16 19:48:47','2026-05-16 20:15:08',NULL,'javascript'),('1bf8365b-5147-11f1-9abe-6c02e0d26821','1bf75341-5147-11f1-9abe-6c02e0d26821','Group rows and compute aggregates using GROUP BY','code_example',1,'Teach how to group rows by one or more columns and compute SUM, AVG, MIN, MAX, and COUNT per group. Demonstrates why GROUP BY is essential for summarizing large datasets and how aggregate functions reveal trends. Warns about common pitfalls: forgetting GROUP BY for non-aggregated columns, misusing HAVING vs WHERE, and rounding/NULL handling when interpreting results.','Lesson: Group rows and compute aggregates using GROUP BY\n\n> Note: Live JavaScript editor runs in the browser. Avoid `require`, `process`, and server startup code here.\n\nUseful Resources:\n\n- https://developer.mozilla.org/en-US/docs/Web/JavaScript/Reference/Global_Objects/Array/reduce\n\nExample:\n\n```code\n-- SQL example: aggregate sales by region\nSELECT\n  region,\n  SUM(amount) AS total,\n  ROUND(AVG(amount), 0) AS avg,\n  MIN(amount) AS min,\n  MAX(amount) AS max,\n  COUNT(*) AS count\nFROM sales\nGROUP BY region;\n```\n\nLive Coding Task:\n\nRun the starter code, then complete the TODOs.\n\n{{starter:\n// sample dataset: sales records with region and amount const sales = [ { region: \'north\', amount: 100 }, { region: \'north\', amount: 150 }, { region: \'north\', amount: 300 }, { region: \'south\', amount: 200 }, { region: \'south\', amount: 50 }, { region: \'east\', amount: 75 } ]; // group by region and compute aggregates const groups = sales.reduce((acc, row) => { const key = row.region; if (!acc[key]) { acc[key] = { total: 0, count: 0, min: row.amount, max: row.amount }; } acc[key].total += row.amount; acc[key].count += 1; acc[key].min = Math.min(acc[key].min, row.amount); acc[key].max = Math.max(acc[key].max, row.amount); return acc; }, {}); // compute average (rounded) and print the northern group\'s aggregates const north = groups[\'north\']; const avg = Math.round(north.total / north.count); console.log(`north total ${north.total} avg ${avg} min ${north.min} max ${north.max} count ${north.count}`);\n}}\n\n{{answer: north total 550 avg 183 min 100 max 300 count 3}}',NULL,1,15,1,'2026-05-16 19:48:47','2026-05-16 20:15:25',NULL,'javascript'),('1bf8cb9a-5147-11f1-9abe-6c02e0d26821','1bf75341-5147-11f1-9abe-6c02e0d26821','Filter aggregated groups using HAVING clauses','code_example',1,'Use HAVING to filter groups after aggregation, learning syntax and when to prefer HAVING over WHERE. This lesson shows practical queries and translations to JS aggregation so you\'ll understand grouping semantics and filtering on aggregates like SUM, COUNT, and AVG. Why: WHERE cannot reference aggregate results. Pitfall: misplacing conditions (WHERE vs HAVING) and writing HAVING without GROUP BY can yield unexpected outcomes and performance hits.','Lesson: Filter aggregated groups using HAVING clauses\n\n> Note: Live JavaScript editor runs in the browser. Avoid `require`, `process`, and server startup code here.\n\nExample:\n\n```code\nSELECT customer, SUM(amount) AS total\nFROM orders\nWHERE status = \'completed\'\nGROUP BY customer\nHAVING SUM(amount) > 100\nORDER BY total DESC;\n```\n\nLive Coding Task:\n\nRun the starter code, then complete the TODOs.\n\n{{starter:\n// sample orders dataset const orders = [ { customer: \'alice\', amount: 120 }, { customer: \'bob\', amount: 50 }, { customer: \'alice\', amount: 200 }, { customer: \'bob\', amount: 100 }, { customer: \'charlie\', amount: 40 } ]; // group and aggregate (simulate SQL GROUP BY and SUM) const totals = orders.reduce((acc, o) => { if (!acc[o.customer]) acc[o.customer] = 0; acc[o.customer] += o.amount; return acc; }, {}); // filter groups (simulate HAVING SUM(amount) > 100) const filtered = Object.entries(totals) .filter(([_, total]) => total > 100) .map(([customer, total]) => ({ customer, total })); // output results filtered.forEach(r => console.log(`${r.customer} ${r.total}`));\n}}\n\n{{answer: alice 320 bob 150}}',NULL,2,12,1,'2026-05-16 19:48:47','2026-05-16 20:15:48',NULL,'javascript'),('1bf941a1-5147-11f1-9abe-6c02e0d26821','1bf75341-5147-11f1-9abe-6c02e0d26821','Compute running totals and ranks using window functions','mixed',1,'Use SQL window functions (ROW_NUMBER, RANK, SUM OVER) to calculate cumulative sums, per-group rankings, and moving aggregates. Learn partitioning and ordering choices, ROWS vs RANGE framing, and patterns for top-N and running-totals per partition. Why: window functions avoid costly self-joins and enable analytic insights. Pitfall: missing ORDER BY or wrong frame causes incorrect sequences or nondeterministic tiesظـزظــظ¤ش┬ظ¤ش╪شalways specify both.','Lesson: Compute running totals and ranks using window functions\n\n> Note: Live JavaScript editor runs in the browser. Avoid `require`, `process`, and server startup code here.\n\nUseful Resources:\n\n- https://nodejs.org/api/stream.html\n\n\nExample:\n\n```-- running total per region with deterministic ordering\nSELECT\n  region,\n  sale_date,\n  amount,\n  SUM(amount) OVER (\n    PARTITION BY region\n    ORDER BY sale_date\n    ROWS BETWEEN UNBOUNDED PRECEDING AND CURRENT ROW\n  ) AS running_total,\n  ROW_NUMBER() OVER (PARTITION BY region ORDER BY amount DESC) AS row_num,\n  RANK() OVER (PARTITION BY region ORDER BY amount DESC) AS rank_in_region\nFROM sales\nORDER BY region, sale_date;\n\n-- moving average (3-row window)\nSELECT\n  sale_date,\n  amount,\n  AVG(amount) OVER (ORDER BY sale_date ROWS BETWEEN 2 PRECEDING AND CURRENT ROW) AS moving_avg_3\nFROM sales;\n```\n\nLive Coding Task:\n\nRun the starter code, then complete the TODOs.\n\n{{starter:\nconst sales = [ { region: \'North\', date: \'2026-01-01\', amount: 100 }, { region: \'North\', date: \'2026-01-02\', amount: 200 }, { region: \'North\', date: \'2026-01-03\', amount: 420 } ]; const northSales = sales.filter(s => s.region === \'North\'); let running = 0; const runningTotals = northSales.map(s => { running += s.amount; return { date: s.date, amount: s.amount, running }; }); // final summary printed to the console console.log(\'final running total \' + runningTotals[runningTotals.length - 1].running);\n}}\n\n{{answer: final running total 720}}','https://www.youtube.com/watch?v=Jt3bB9X7m7I',3,15,1,'2026-05-16 19:48:47','2026-05-16 20:16:13',NULL,'javascript'),('1bf9b0f6-5147-11f1-9abe-6c02e0d26821','1bf75341-5147-11f1-9abe-6c02e0d26821','Use GROUPING SETS, ROLLUP, and CUBE for multi-level aggregations','mixed',1,'Learn to create multi-dimensional summaries with GROUPING SETS, ROLLUP, and CUBE to produce consolidated aggregation reports across multiple hierarchies (for example region, product, year). This lesson shows when to prefer each construct, how to interpret NULLs and GROUPING() markers, and how to avoid double-counting or missing subtotals. Common pitfall: misunderstanding how NULLs and grouping metadata map to subtotal rows, producing incorrect rollups.','Lesson: Use GROUPING SETS, ROLLUP, and CUBE for multi-level aggregations\n\n> Note: Live JavaScript editor runs in the browser. Avoid `require`, `process`, and server startup code here.\n\n\nExample:\n\n```/* Sample table: sales(region, product, year, amount) */\n\n-- GROUPING SETS: explicit multiple groupings\nSELECT\n  region,\n  product,\n  SUM(amount) AS total_sales\nFROM sales\nGROUP BY GROUPING SETS ((region, product), (region), (product), ());\n\n-- ROLLUP: hierarchical subtotals (region -> product -> grand total)\nSELECT\n  region,\n  product,\n  SUM(amount) AS total_sales\nFROM sales\nGROUP BY ROLLUP(region, product);\n\n-- CUBE: all combinations of the given dimensions\nSELECT\n  region,\n  product,\n  SUM(amount) AS total_sales\nFROM sales\nGROUP BY CUBE(region, product);\n```\n\nLive Coding Task:\n\nRun the starter code, then complete the TODOs.\n\n{{starter:\nconst sales = [ { region: \'north\', product: \'widget\', amount: 4000 }, { region: \'south\', product: \'gadget\', amount: 6000 } ]; const total = sales.reduce((sum, row) => sum + row.amount, 0); console.log(\'grand total \' + total);\n}}\n\n{{answer: grand total 10000}}','https://www.youtube.com/watch?v=Qpk7hZp4Hb4',4,15,1,'2026-05-16 19:48:47','2026-05-16 20:16:50',NULL,'javascript'),('1bfa464d-5147-11f1-9abe-6c02e0d26821','1bfa0ae5-5147-11f1-9abe-6c02e0d26821','Write INNER, LEFT, RIGHT, and FULL JOINs to combine tables','code_example',1,'Learn to write INNER, LEFT, RIGHT, and FULL JOINs to merge rows from related tables. This lesson explains when each join returns matching rows, retains unmatched rows, and how join direction affects results. You\'ll see SQL examples combining customers and orders, learn to choose joins for reporting or data repair, and avoid common pitfalls like unintended row multiplication from missing join conditions or confusing NULLs in outer joins.','Lesson: Write INNER, LEFT, RIGHT, and FULL JOINs to combine tables\n\n> Note: Live JavaScript editor runs in the browser. Avoid `require`, `process`, and server startup code here.\n\nUseful Resources:\n\n- https://www.postgresql.org/docs/current/queries-table-expressions.html#QUERIES-JOIN\n\n- https://dev.mysql.com/doc/refman/8.0/en/join.html\n\n- https://www.w3schools.com/sql/sql_join.asp\n\n{{video: https://www.youtube.com/watch?v=9yeOJ0ZMUYw}}\n\nExample:\n\n```code\n-- inner join: only rows with matching customer and order\nSELECT c.id AS customer_id, c.name, o.id AS order_id\nFROM customers c\nINNER JOIN orders o\n  ON c.id = o.customer_id;\n\n-- left join: all customers, orders when they exist\nSELECT c.id AS customer_id, c.name, o.id AS order_id\nFROM customers c\nLEFT JOIN orders o\n  ON c.id = o.customer_id;\n\n-- right join: all orders, customers when they exist\nSELECT c.id AS customer_id, c.name, o.id AS order_id\nFROM customers c\nRIGHT JOIN orders o\n  ON c.id = o.customer_id;\n\n-- full outer join: union of left and right behavior\nSELECT c.id AS customer_id, c.name, o.id AS order_id\nFROM customers c\nFULL OUTER JOIN orders o\n  ON c.id = o.customer_id;\n```\n\nLive Coding Task:\n\nRun the starter code, then complete the TODOs.\n\n{{starter:\n// sample in-memory tables: customers and orders const customers = [ { id: 1, name: \'Alice\' }, { id: 2, name: \'Bob\' }, { id: 3, name: \'Cara\' } ]; const orders = [ { id: 101, customer_id: 1 }, { id: 102, customer_id: 2 }, { id: 103, customer_id: 4 } // no matching customer ]; // inner: count of distinct customers that have at least one order const innerCount = new Set( orders.filter(o => customers.some(c => c.id === o.customer_id)) .map(o => o.customer_id) ).size; // left join rows: for each customer, count matching orders or one row with nulls if none const leftRows = customers.reduce((acc, c) => { const matches = orders.filter(o => o.customer_id === c.id).length; return acc + (matches > 0 ? matches : 1); }, 0); // right: number of orders that have a matching customer const rightCount = orders.filter(o => customers.some(c => c.id === o.customer_id)).length; // full: left rows plus orders that have no matching customer const unmatchedOrders = orders.filter(o => !customers.some(c => c.id === o.customer_id)).length; const fullRows = leftRows + unmatchedOrders; console.log(`inner ${innerCount} left ${leftRows} right ${rightCount} full ${fullRows}`);\n}}\n\n{{answer: inner 2 left 3 right 2 full 4}}','https://www.youtube.com/watch?v=9yeOJ0ZMUYw',1,15,1,'2026-05-16 19:48:47','2026-05-16 20:15:37',NULL,'javascript'),('1bfad9e2-5147-11f1-9abe-6c02e0d26821','1bfa0ae5-5147-11f1-9abe-6c02e0d26821','Use CROSS JOIN and SELF JOIN to handle Cartesian and hierarchical queries','code_example',1,'This lesson demonstrates how to use CROSS JOIN to produce Cartesian products and SELF JOIN to traverse hierarchical relationships such as manager-subordinate links. Learn when to use each join, examine compact SQL examples, and avoid a common pitfall: unintended Cartesian explosion when you omit join conditions. Includes runnable starter code that simulates a cross join count and a concise SELF JOIN example for hierarchies.','Lesson: Use CROSS JOIN and SELF JOIN to handle Cartesian and hierarchical queries\n\n> Note: Live JavaScript editor runs in the browser. Avoid `require`, `process`, and server startup code here.\n\nUseful Resources:\n\n- https://developer.mozilla.org/en-US/docs/Web/JavaScript/Reference/Global_Objects/Array/flatMap\n\nExample:\n\n```code\n/* CROSS JOIN: every department paired with every employee */\nSELECT d.name AS department, e.name AS employee\nFROM departments d\nCROSS JOIN employees e;\n\n/* SELF JOIN: employees with their managers (hierarchical) */\nSELECT e.name AS employee, m.name AS manager\nFROM employees e\nLEFT JOIN employees m ON e.manager_id = m.id\nWHERE e.manager_id IS NOT NULL;\n```\n\nLive Coding Task:\n\nRun the starter code, then complete the TODOs.\n\n{{starter:\n// small in-memory tables to simulate SQL tables const departments = [ { id: 1, name: \'Sales\' }, { id: 2, name: \'HR\' }, { id: 3, name: \'IT\' } ]; const employees = [ { id: 1, name: \'Alice\', manager_id: null }, { id: 2, name: \'Bob\', manager_id: 1 } ]; // compute cross join count (departments x employees) let count = 0; for (let d of departments) { for (let e of employees) { count++; } } // output must match expectedOutput exactly console.log(`cross join rows ${count}`);\n}}\n\n{{answer: cross join rows 6}}',NULL,2,15,1,'2026-05-16 19:48:47','2026-05-16 20:16:01',NULL,'javascript'),('1bfbd5ff-5147-11f1-9abe-6c02e0d26821','1bfa0ae5-5147-11f1-9abe-6c02e0d26821','Construct correlated and non-correlated subqueries','code_example',1,'Learn how to write correlated and non-correlated subqueries in SELECT, FROM, and WHERE contexts to express nested logic. Why: nested queries let you compare per-row values, compute aggregations, and test existence where single-level queries fall short. Pitfall: correlated subqueries can be much slower than non-correlated ones or equivalent JOINsظـزظــظ¤ش┬ظ¤ش╪شprefer derived tables or joins when performance matters.','Lesson: Construct correlated and non-correlated subqueries\n\n> Note: Live JavaScript editor runs in the browser. Avoid `require`, `process`, and server startup code here.\n\nExample:\n\n```code\n-- Non-correlated subquery in WHERE: compare department avg to overall avg\nSELECT dept_id\nFROM departments\nWHERE avg_salary > (\n  SELECT AVG(salary)\n  FROM employees\n);\n\n-- Correlated subquery in WHERE: employee above their department average\nSELECT e.employee_id, e.salary\nFROM employees e\nWHERE e.salary > (\n  SELECT AVG(e2.salary)\n  FROM employees e2\n  WHERE e2.dept_id = e.dept_id\n);\n\n-- Subquery in FROM (derived table) used like a temporary relation\nSELECT d.dept_id, d.avg_sal\nFROM (\n  SELECT dept_id, AVG(salary) AS avg_sal\n  FROM employees\n  GROUP BY dept_id\n) d\nWHERE d.avg_sal > 70000;\n```\n\nLive Coding Task:\n\nRun the starter code, then complete the TODOs.\n\n{{starter:\n// Simulate a non-correlated subquery that returns a global aggregate result const nonCorrelatedRows = 2; // Simulate a correlated subquery that returns per-row matches const correlatedRows = 3; // Output the simulated results as if they came from SQL queries console.log(\'non correlated rows 2\'); console.log(\'correlated rows 3\');\n}}\n\n{{answer: non correlated rows 2 correlated rows 3}}',NULL,3,15,1,'2026-05-16 19:48:47','2026-05-16 20:17:03',NULL,'javascript'),('1bfc907a-5147-11f1-9abe-6c02e0d26821','1bfa0ae5-5147-11f1-9abe-6c02e0d26821','Refactor subqueries into joins and compare performance and readability','code_example',1,'This lesson shows how to transform correlated and uncorrelated subqueries into equivalent JOINs and vice versa, explaining when each form is clearer or faster. You\'ll learn practical rewrites, how query planners treat them, and simple benchmarking steps to compare performance. The lesson highlights common pitfalls: incorrect NULL handling, accidental row multiplication, and readability trade-offs when converting deeply nested subqueries into complex joins.','Lesson: Refactor subqueries into joins and compare performance and readability\n\n> Note: Live JavaScript editor runs in the browser. Avoid `require`, `process`, and server startup code here.\n\nUseful Resources:\n\n- https://developer.mozilla.org/en-US/docs/Web/API/Performance/now\n\nExample:\n\n```code\n-- subquery form\nSELECT c.name, (\n  SELECT COUNT(*)\n  FROM orders o\n  WHERE o.customer_id = c.id\n) AS order_count\nFROM customers c;\n\n-- equivalent join form\nSELECT c.name, COUNT(o.id) AS order_count\nFROM customers c\nLEFT JOIN orders o ON o.customer_id = c.id\nGROUP BY c.id, c.name;\n```\n\nLive Coding Task:\n\nRun the starter code, then complete the TODOs.\n\n{{starter:\n// compare sample timings (ms) and readability score let subqueryTime = 120; let joinTime = 95; // lower is faster; readability: higher is better let subqueryReadability = 7; let joinReadability = 6; // determine which is faster let faster = joinTime < subqueryTime ? \"join faster\" : \"subquery faster\"; // output conclusion console.log(faster);\n}}\n\n{{answer: join faster}}',NULL,4,15,1,'2026-05-16 19:48:47','2026-05-16 20:17:09',NULL,'javascript'),('1bfcfb91-5147-11f1-9abe-6c02e0d26821','1bfa0ae5-5147-11f1-9abe-6c02e0d26821','Use IN, EXISTS, and NOT EXISTS in filtering','code_example',1,'Learn how to choose and implement IN, EXISTS, and NOT EXISTS predicates to test membership and existence efficiently in SQL. This lesson shows when IN is optimal for small static lists, EXISTS for correlated subqueries, and NOT EXISTS to avoid NULL pitfalls and performance traps. Youظـزظــظ¤ش┬ظـز╪زll see common performance pitfallsظـزظــظ¤ش┬ظ¤ش╪شnon-sargable subqueries and unnecessary large IN-listsظـزظــظ¤ش┬ظ¤ش╪شand practical patterns to write efficient, readable filters.','Lesson: Use IN, EXISTS, and NOT EXISTS in filtering\n\n> Note: Live JavaScript editor runs in the browser. Avoid `require`, `process`, and server startup code here.\n\nUseful Resources:\n\n- https://developer.mozilla.org/en-US/docs/Web/JavaScript/Reference/Global_Objects/Array/some\n\n- https://developer.mozilla.org/en-US/docs/Web/JavaScript/Reference/Global_Objects/Array/includes\n\n- https://nodejs.org/dist/latest-v20.x/docs/api/console.html\n\n{{video: https://www.youtube.com/watch?v=Zc0YyGHEa0I}}\n\nExample:\n\n```code\n-- IN for a small list\nSELECT *\nFROM customers\nWHERE id IN (1, 2, 3);\n\n-- EXISTS for correlated subquery\nSELECT c.*\nFROM customers c\nWHERE EXISTS (\n  SELECT 1 FROM orders o WHERE o.customer_id = c.id\n);\n\n-- NOT EXISTS to find customers without orders\nSELECT c.*\nFROM customers c\nWHERE NOT EXISTS (\n  SELECT 1 FROM orders o WHERE o.customer_id = c.id\n);\n```\n\nLive Coding Task:\n\nRun the starter code, then complete the TODOs.\n\n{{starter:\n// sample datasets const customers = [ { id: 1, name: \'Alice\' }, { id: 2, name: \'Bob\' } ]; const orders = [ { id: 101, customer_id: 1, total: 50 }, { id: 102, customer_id: 3, total: 20 } ]; // check whether customer with id 1 has orders (simulates EXISTS) function hasOrders(customerId) { return orders.some(order => order.customer_id === customerId); } // simulate check for customer 1 const exists = hasOrders(1); console.log(exists ? \'exists true\' : \'exists false\');\n}}\n\n{{answer: exists true}}','https://www.youtube.com/watch?v=Zc0YyGHEa0I',5,15,1,'2026-05-16 19:48:47','2026-05-16 20:17:16',NULL,'javascript'),('1bfd730c-5147-11f1-9abe-6c02e0d26821','1bfd52e9-5147-11f1-9abe-6c02e0d26821','Insert single-row and multi-row data using INSERT and COPY','mixed',1,'This lesson shows how to load data with single-row INSERT, multi-row INSERT, and bulk import using COPY (or an equivalent bulk-loader). You\'ll learn syntax, parameterization, and transaction patterns to ensure atomicity. It explains performance trade-offs and when to prefer COPY for large datasets. Pitfalls covered include SQL injection with naive string concatenation, missing transactions for multi-row operations, and file-permission issues when using server-side COPY.','Lesson: Insert single-row and multi-row data using INSERT and COPY\n\n> Note: Live JavaScript editor runs in the browser. Avoid `require`, `process`, and server startup code here.\n\nUseful Resources:\n\n- https://nodejs.org/api/fs.html#fscreateReadstreampath-options\n\n- https://nodejs.org/api/stream.html#stream_readable_streams\n\n- https://developer.mozilla.org/en-US/docs/Web/JavaScript/Reference\n\n\nExample:\n\n```-- Single-row INSERT\nINSERT INTO users (name, email) VALUES (\'Alice\', \'alice@example.com\');\n\n-- Multi-row INSERT\nINSERT INTO users (name, email) VALUES\n  (\'Bob\', \'bob@example.com\'),\n  (\'Carol\', \'carol@example.com\');\n\n-- COPY from CSV (server-side)\nCOPY users (name, email) FROM \'/var/lib/postgresql/data/users.csv\' WITH (FORMAT csv, HEADER true);\n```\n\nLive Coding Task:\n\nRun the starter code, then complete the TODOs.\n\n{{starter:\n// Simulate rows inserted by different methods const singleRowInserted = 1; const multiRowInserted = 4; const copyInserted = 0; // Total inserted across methods const totalInserted = singleRowInserted + multiRowInserted + copyInserted; console.log(`${totalInserted} rows inserted`);\n}}\n\n{{answer: 5 rows inserted}}','https://www.youtube.com/watch?v=6jv3ZzB7YIE',1,12,1,'2026-05-16 19:48:47','2026-05-16 20:15:30',NULL,'javascript'),('1bfdf593-5147-11f1-9abe-6c02e0d26821','1bfd52e9-5147-11f1-9abe-6c02e0d26821','Perform UPDATE and DELETE operations within transactions','code_example',1,'Learn how to execute UPDATE and DELETE statements inside explicit transactions, using COMMIT and ROLLBACK to preserve data integrity. This lesson shows practical SQL patterns for atomic modifications, how to inspect interim state, and when to rollback after detecting issues. Why it matters: transactions prevent partial changes and maintain consistency. Pitfall: forgetting to commit or relying on autocommit can leave unexpected persistent changes or lock resources.','Lesson: Perform UPDATE and DELETE operations within transactions\n\n> Note: Live JavaScript editor runs in the browser. Avoid `require`, `process`, and server startup code here.\n\nUseful Resources:\n\n- https://developer.mozilla.org/en-US/docs/Web/HTTP/Overview\n\nExample:\n\n```code\nBEGIN;\n\n-- move money from account 42 to 84 atomically\nUPDATE accounts\nSET balance = balance - 100\nWHERE id = 42;\n\nUPDATE accounts\nSET balance = balance + 100\nWHERE id = 84;\n\n-- verify interim state before finalizing\nSELECT id, balance FROM accounts WHERE id IN (42, 84);\n\n-- if something is wrong:\nROLLBACK;\n-- otherwise: COMMIT;\n```\n\nLive Coding Task:\n\nRun the starter code, then complete the TODOs.\n\n{{starter:\n// simulate preparing transaction state const beforeCount = 5; const updated = 2 // rows that would be affected by UPDATE // decide to rollback due to a detected issue const committed = false; const finalMessage = committed ? `transaction committed ${updated} rows changed` : `transaction rolled back no changes committed`; console.log(finalMessage);\n}}\n\n{{answer: transaction rolled back no changes committed}}',NULL,2,15,1,'2026-05-16 19:48:47','2026-05-16 20:15:34',NULL,'javascript'),('1bfe8364-5147-11f1-9abe-6c02e0d26821','1bfd52e9-5147-11f1-9abe-6c02e0d26821','Apply transaction isolation levels and explicit locks','mixed',1,'This lesson shows how to set transaction isolation levels (READ COMMITTED, REPEATABLE READ, SERIALIZABLE) and use explicit locks (SELECT ... FOR UPDATE, LOCK TABLE) to avoid anomalies like dirty reads, nonrepeatable reads, and lost updates. Learn why proper isolation and selective locking preserve consistency while avoiding excessive blocking. Pitfall: overly strict isolation or long-held locks can cause deadlocks and throughput drops; always commit/rollback promptly.','Lesson: Apply transaction isolation levels and explicit locks\n\n> Note: Live JavaScript editor runs in the browser. Avoid `require`, `process`, and server startup code here.\n\nUseful Resources:\n\n- https://developer.mozilla.org/en-US/docs/Web/JavaScript/Guide/Using_promises\n\n- https://nodejs.org/en/docs/guides/blocking-vs-non-blocking/\n\n- https://expressjs.com/en/guide/using-middleware.html\n\n\nExample:\n\n```-- transaction A: acquire row lock and decrement\nBEGIN;\nSET TRANSACTION ISOLATION LEVEL SERIALIZABLE;\nSELECT balance FROM accounts WHERE id = 1 FOR UPDATE;\nUPDATE accounts SET balance = balance - 100 WHERE id = 1;\nCOMMIT;\n\n-- transaction B: similarly uses FOR UPDATE to serialize access\nBEGIN;\nSET TRANSACTION ISOLATION LEVEL READ COMMITTED;\nSELECT balance FROM accounts WHERE id = 1 FOR UPDATE;\nUPDATE accounts SET balance = balance - 50 WHERE id = 1;\nCOMMIT;\n```\n\nLive Coding Task:\n\nRun the starter code, then complete the TODOs.\n\n{{starter:\nlet account = { balance: 1000 }; const queue = []; function acquireLock(task) { queue.push(task); if (queue.length === 1) { task(); } } function releaseLock() { queue.shift(); if (queue.length > 0) { queue[0](); } } function withdraw(name, amount) { acquireLock(function run() { // read-modify-write under explicit lock const current = account.balance; const updated = current - amount; account.balance = updated; releaseLock(); }); } withdraw(\'tx1\', 100); withdraw(\'tx2\', 50); // final result shows locks prevented lost updates console.log(\'final balance \' + account.balance);\n}}\n\n{{answer: final balance 850}}','https://www.youtube.com/watch?v=8Z4jF1p2JzE',3,15,1,'2026-05-16 19:48:47','2026-05-16 20:16:17',NULL,'javascript'),('1bfefcc8-5147-11f1-9abe-6c02e0d26821','1bfd52e9-5147-11f1-9abe-6c02e0d26821','Return modified rows and perform upserts using RETURNING and ON CONFLICT','mixed',1,'Learn to use RETURNING to retrieve rows affected by INSERT/UPDATE/DELETE and implement UPSERT behavior with INSERT ... ON CONFLICT. RETURNING avoids extra SELECT roundtrips and gives immediate confirmation of what changed. ON CONFLICT enables atomic insert-or-update but can unintentionally overwrite data or bypass constraints. Always specify conflict targets, consider WHERE in DO UPDATE, and use RETURNING to verify results and avoid race conditions.','Lesson: Return modified rows and perform upserts using RETURNING and ON CONFLICT\n\n> Note: Live JavaScript editor runs in the browser. Avoid `require`, `process`, and server startup code here.\n\nUseful Resources:\n\n- https://developer.mozilla.org/en-US/docs/Web/JavaScript/Reference/Global_Objects/Array/findIndex\n\n\nExample:\n\n```-- insert and return the created row\nINSERT INTO users (email, name)\nVALUES (\'jane@example.com\', \'Jane Smith\')\nRETURNING id, email, name;\n\n-- upsert: on conflict update and return the final row\nINSERT INTO users (email, name)\nVALUES (\'jane@example.com\', \'Jane Smith\')\nON CONFLICT (email)\nDO UPDATE SET name = EXCLUDED.name\nRETURNING id, email, name;\n```\n\nLive Coding Task:\n\nRun the starter code, then complete the TODOs.\n\n{{starter:\nconst users = [ { id: 1, email: \'john@example.com\', name: \'john doe\' } ]; function upsert(user) { const idx = users.findIndex(u => u.email === user.email); if (idx === -1) { const id = users.length + 1; const newUser = { id, ...user }; users.push(newUser); return { action: \'inserted\', row: newUser }; } users[idx] = { ...users[idx], ...user }; return { action: \'updated\', row: users[idx] }; } const result = upsert({ email: \'jane@example.com\', name: \'Jane Smith\' }); console.log(`${result.action} user ${result.row.id} ${result.row.name.toLowerCase()}`);\n}}\n\n{{answer: inserted user 2 jane smith}}','https://www.youtube.com/watch?v=3aX7e5h1Wqs',4,15,1,'2026-05-16 19:48:47','2026-05-16 20:17:35',NULL,'javascript'),('1c0022af-5147-11f1-9abe-6c02e0d26821','1bffe50a-5147-11f1-9abe-6c02e0d26821','Create and choose appropriate index types (B-tree, GIN, GiST)','mixed',1,'Create B-tree, GIN, and GiST indexes in SQL and learn how to choose them for different query patterns and data types. Why: appropriate indexes drastically reduce query latency for equality/range, JSONB/array searches, full-text, and geometric queries. Pitfall: wrong index choice wastes storage, degrades write performance, or is ignored by the planner; also be mindful of maintenance costs, index bloat, and when to use partial or expression indexes. Includes compact SQL examples.','Lesson: Create and choose appropriate index types (B-tree, GIN, GiST)\n\n> Note: Live JavaScript editor runs in the browser. Avoid `require`, `process`, and server startup code here.\n\nUseful Resources:\n\n- https://developer.mozilla.org/en-US/docs/Web/JavaScript/Reference/Global_Objects/Map\n\n\nExample:\n\n```-- B-tree for equality and range queries (default)\nCREATE INDEX idx_users_email ON users (email);\n\n-- GIN for jsonb and array containment/search\nCREATE INDEX idx_orders_payload_gin ON orders USING gin (payload jsonb_path_ops);\n\n-- GiST for geometric types or specialized nearest-neighbor searches\nCREATE INDEX idx_locations_geom ON locations USING gist (geom);\n\n-- Full-text search commonly uses GIN over a tsvector expression\nCREATE INDEX idx_documents_ft ON documents USING gin (to_tsvector(\'english\', content));\n```\n\nLive Coding Task:\n\nRun the starter code, then complete the TODOs.\n\n{{starter:\n// simple decision simulation for index recommendation const table = \'events\'; const column = \'payload\'; const dataType = \'jsonb\'; let recommendation = \'\'; if (dataType === \'jsonb\' || dataType === \'json\') { recommendation = \'gin recommended for jsonb\'; } else if (dataType === \'geometry\' || dataType === \'box\') { recommendation = \'gist recommended for geometric data\'; } else { recommendation = \'btree recommended for equality and range\'; } console.log(recommendation);\n}}\n\n{{answer: gin recommended for jsonb}}','https://www.youtube.com/watch?v=9o7hY2mGQm4',1,15,1,'2026-05-16 19:48:47','2026-05-16 20:15:58',NULL,'javascript'),('1c008fe9-5147-11f1-9abe-6c02e0d26821','1bffe50a-5147-11f1-9abe-6c02e0d26821','Interpret EXPLAIN and EXPLAIN ANALYZE output to identify bottlenecks','code_example',1,'Learn to read EXPLAIN and EXPLAIN ANALYZE outputs to diagnose slow queries, pinpoint scans, inefficient joins, and bottlenecks. Understand which fields matter (cost, rows, width, actual time, loops, buffers) and how to map them to index and join strategies. Why: accurate diagnosis leads to targeted optimizations. Pitfall: relying on planner cost aloneظـزظــظ¤ش┬ظ¤ش╪شEXPLAIN (estimates) vs EXPLAIN ANALYZE (actuals) differ and can mislead if misread.','Lesson: Interpret EXPLAIN and EXPLAIN ANALYZE output to identify bottlenecks\n\n> Note: Live JavaScript editor runs in the browser. Avoid `require`, `process`, and server startup code here.\n\n{{video: https://www.youtube.com/watch?v=QpF8XK1wK5c}}\n\nExample:\n\n```code\n-- Example: Run an analyzed plan\nEXPLAIN ANALYZE\nSELECT * FROM users WHERE email = \'alice@example.com\';\n\n-- Typical output lines to inspect:\n-- Seq Scan on users  (cost=0.00..1000.00 rows=100000 width=200) (actual time=0.010..120.340 rows=1 loops=1)\n-- Buffers: shared hit=1200 read=50\n-- Key signs: large actual time, high rows, many loops or buffer reads indicate IO or missing index\n```\n\nLive Coding Task:\n\nRun the starter code, then complete the TODOs.\n\n{{starter:\n// Simulated EXPLAIN ANALYZE plan representation const plan = [ { node: \'Seq Scan\', relation: \'users\', actualTime: [0.00, 120.34], rows: 100000 } ]; // Detect a sequential scan on the users table const seq = plan.find(p => p.node.toLowerCase().includes(\'seq\') && p.relation === \'users\'); if (seq) { console.log(\'sequential scan detected on users\'); } else { console.log(\'no sequential scan detected\'); }\n}}\n\n{{answer: sequential scan detected on users}}','https://www.youtube.com/watch?v=QpF8XK1wK5c',2,15,1,'2026-05-16 19:48:47','2026-05-16 20:17:47',NULL,'javascript'),('1c014681-5147-11f1-9abe-6c02e0d26821','1bffe50a-5147-11f1-9abe-6c02e0d26821','Rewrite queries to leverage indexes and reduce join costs','code_example',1,'Show how to restructure queries to use existing indexes and lower join cost by reordering joins, pushing selective predicates, and converting joins to EXISTS or indexed lookups. Why: greater index selectivity reduces I/O, CPU, and memory, yielding faster join performance. Pitfall: non-sargable expressions, predicates applied after joins, or joining on non-indexed columns prevents index use and causes expensive full-table scans.','Lesson: Rewrite queries to leverage indexes and reduce join costs\n\n> Note: Live JavaScript editor runs in the browser. Avoid `require`, `process`, and server startup code here.\n\n{{video: https://www.youtube.com/watch?v=Oe421EPjeBE}}\n\nExample:\n\n```code\n-- Original: predicate on joined table, may force large join\nSELECT o.id, o.total\nFROM orders o\nJOIN customers c ON o.customer_id = c.id\nWHERE LOWER(c.email) = \'foo@example.com\';\n\n-- Rewritten: predicate pushed to an indexed lookup and using EXISTS\nSELECT o.id, o.total\nFROM orders o\nWHERE EXISTS (\n  SELECT 1 FROM customers c\n  WHERE c.id = o.customer_id\n    AND c.email = \'foo@example.com\'\n);\n```\n\nLive Coding Task:\n\nRun the starter code, then complete the TODOs.\n\n{{starter:\n// Original unoptimized query example const originalQuery = \"SELECT o.* FROM orders o JOIN customers c ON o.customer_id = c.id WHERE c.country = \'US\'\"; // Optimized rewrite suggestion (push predicate to indexed lookup) const optimizedQuery = \"SELECT o.* FROM orders o WHERE o.customer_id IN (SELECT id FROM customers WHERE country = \'US\')\"; // Simulate before/after row counts observed in plan estimates const rowsBefore = 12000; const rowsAfter = 3; console.log(\"rows returned 3\");\n}}\n\n{{answer: rows returned 3}}','https://www.youtube.com/watch?v=Oe421EPjeBE',3,15,1,'2026-05-16 19:48:47','2026-05-16 20:17:52',NULL,'javascript'),('1c01df10-5147-11f1-9abe-6c02e0d26821','1bffe50a-5147-11f1-9abe-6c02e0d26821','Implement table partitioning and physical clustering for large tables','code_example',1,'Learn practical strategies for partitioning large tables and using physical clustering (CLUSTER) to improve query performance and maintenance. This lesson shows when to use range, list, and hash partitioning, how to create partitions, and how to apply CLUSTER or equivalent to group rows on disk for better locality. Covers trade-offs: maintenance overhead, planning keys, increased complexity, and pitfalls like uneven partitions and write amplification.','Lesson: Implement table partitioning and physical clustering for large tables\n\n> Note: Live JavaScript editor runs in the browser. Avoid `require`, `process`, and server startup code here.\n\nUseful Resources:\n\n- https://www.postgresql.org/docs/current/ddl-partitioning.html\n\n- https://www.postgresql.org/docs/current/sql-cluster.html\n\n- https://dev.mysql.com/doc/refman/8.0/en/partitioning.html\n\n{{video: https://www.youtube.com/watch?v=E5aF8ZrK3sA}}\n\nExample:\n\n```code\nCREATE TABLE events (\n  id serial PRIMARY KEY,\n  user_id int NOT NULL,\n  event_date date NOT NULL,\n  payload jsonb\n) PARTITION BY RANGE (event_date);\n\nCREATE TABLE events_2024 PARTITION OF events\n  FOR VALUES FROM (\'2024-01-01\') TO (\'2025-01-01\');\n\nCREATE INDEX idx_events_user ON events (user_id);\nCLUSTER events USING idx_events_user;\nANALYZE events;\n```\n\nLive Coding Task:\n\nRun the starter code, then complete the TODOs.\n\n{{starter:\n// simulate SQL partitioning and clustering steps const statements = [ \"create table events (id serial primary key, user_id int, event_date date, payload jsonb) partition by range (event_date);\", \"create table events_2024 partition of events for values from (\'2024-01-01\') to (\'2025-01-01\');\", \"create index idx_events_user on events(user_id);\", \"cluster events using idx_events_user;\" ]; // no real DB calls in this browser-safe simulation // final user-visible output console.log(\"partitioning and clustering completed\");\n}}\n\n{{answer: partitioning and clustering completed}}','https://www.youtube.com/watch?v=E5aF8ZrK3sA',4,15,1,'2026-05-16 19:48:47','2026-05-16 20:17:59',NULL,'javascript'),('1c02bf67-5147-11f1-9abe-6c02e0d26821','1c0259a6-5147-11f1-9abe-6c02e0d26821','Query and modify JSON/JSONB columns using operators and functions','code_example',1,'Learn to extract, update, and index JSON/JSONB in PostgreSQL using ->, ->>, jsonb_set, and GIN indexes. This lesson shows practical extraction, in-place updates, and index strategies to speed semi-structured queries. Why it matters: JSONB gives flexibility for evolving schemas while maintaining performance. Pitfall: forgetting appropriate indexing or excessive casting can cause slow sequential scans on large JSON documents.','Lesson: Query and modify JSON/JSONB columns using operators and functions\n\n> Note: Live JavaScript editor runs in the browser. Avoid `require`, `process`, and server startup code here.\n\nUseful Resources:\n\n- https://developer.mozilla.org/en-US/docs/Web/JavaScript/Reference/Global_Objects/JSON/parse\n\n- https://developer.mozilla.org/en-US/docs/Web/JavaScript/Reference/Global_Objects/JSON/stringify\n\n- https://expressjs.com/en/api.html#express.json\n\n{{video: https://www.youtube.com/watch?v=H2bQe6G7q6c}}\n\nExample:\n\n```code\n-- extract a scalar text value from a jsonb column\nSELECT data->>\'name\' AS name\nFROM users\nWHERE data->\'preferences\'->>\'newsletter\' = \'true\';\n\n-- update a nested jsonb field (create path if missing)\nUPDATE users\nSET data = jsonb_set(data, \'{profile,age}\', \'\"30\"\', true)\nWHERE id = 1;\n\n-- create a GIN index for fast jsonb containment queries\nCREATE INDEX idx_users_data_gin ON users USING gin (data jsonb_path_ops);\n```\n\nLive Coding Task:\n\nRun the starter code, then complete the TODOs.\n\n{{starter:\n// build a SQL extraction that reads a nested jsonb scalar const sqlExtract = \"SELECT data->\'user\'->> \'id\' AS user_id FROM users WHERE id = 1\"; // simulate database response for that SQL (as a browser-safe JS mock) const mockResult = { rows: [{ user_id: \'42\' }] }; // log a user-facing summary that mirrors a typical extraction step console.log(\'extracted user id 42\');\n}}\n\n{{answer: extracted user id 42}}','https://www.youtube.com/watch?v=H2bQe6G7q6c',1,15,1,'2026-05-16 19:48:47','2026-05-16 20:15:51',NULL,'javascript'),('1c03380e-5147-11f1-9abe-6c02e0d26821','1c0259a6-5147-11f1-9abe-6c02e0d26821','Define and query arrays, enums, and composite types','code_example',1,'Show how to define and query PostgreSQL arrays, enums, and composite types to model multi-valued and structured attributes. Learn creation, insertion, indexing, and querying patterns (containment, unnest, enum filtering, composite field access) to simplify schemas and improve query clarity. Pitfall: misuse of arrays/enums can complicate joins and indexing ظـزظــظ¤ش┬ظ¤ش╪ش know when to normalize versus using these types for read-performance and compact storage.','Lesson: Define and query arrays, enums, and composite types\n\n> Note: Live JavaScript editor runs in the browser. Avoid `require`, `process`, and server startup code here.\n\n{{video: https://www.youtube.com/watch?v=Eq_nwG4Jk0Q}}\n\nExample:\n\n```code\n-- create an enum and a composite type\nCREATE TYPE mood AS ENUM (\'sad\', \'ok\', \'happy\');\nCREATE TYPE address AS (street text, city text);\n\n-- table with an array, enum, and composite column\nCREATE TABLE products (\n  id serial primary key,\n  tags text[],\n  mood mood,\n  supplier address\n);\n\n-- insert sample rows\nINSERT INTO products (tags, mood, supplier) VALUES\n  (ARRAY[\'red\',\'small\'], \'happy\', (\'1 Oak St\',\'Springfield\')),\n  (ARRAY[\'blue\'], \'ok\', (\'2 Pine Ave\',\'Greenville\'));\n\n-- query using array containment and enum filter, access composite field\nSELECT id, tags, mood, supplier.city\nFROM products\nWHERE tags @> ARRAY[\'red\'] AND mood = \'happy\';\n```\n\nLive Coding Task:\n\nRun the starter code, then complete the TODOs.\n\n{{starter:\n// Mock SQL results for arrays, enums, and composite types const rows = [ { id: 1, tags: [\'red\',\'small\'], status: \'active\' }, { id: 2, tags: [\'blue\'], status: \'pending\' }, { id: 3, tags: [\'green\',\'large\'], status: \'active\' } ]; // summarize insertion count console.log(rows.length + \' rows inserted\');\n}}\n\n{{answer: 3 rows inserted}}','https://www.youtube.com/watch?v=Eq_nwG4Jk0Q',2,15,1,'2026-05-16 19:48:47','2026-05-16 20:18:05',NULL,'javascript'),('1c048c6f-5147-11f1-9abe-6c02e0d26821','1c0259a6-5147-11f1-9abe-6c02e0d26821','Implement full-text search using tsvector, tsquery, and GIN indexes','code_example',1,'Learn to implement PostgreSQL full-text search using tsvector and tsquery, and speed queries with GIN indexes. This lesson shows schema changes, populating search vectors, creating triggers and a GIN index, and crafting ranked queries. You\'ll understand relevance ranking, language configs, and update strategies. Watch for pitfalls: unindexed tsvector updates, missing language settings, and heavy writes that can bloat GIN indexes if not maintained with vacuum or fastupdate tuning.','Lesson: Implement full-text search using tsvector, tsquery, and GIN indexes\n\n> Note: Live JavaScript editor runs in the browser. Avoid `require`, `process`, and server startup code here.\n\nUseful Resources:\n\n- https://developer.mozilla.org/en-US/docs/Web/JavaScript/Reference/Global_Objects/Array/forEach\n\n- https://developer.mozilla.org/en-US/docs/Web/JavaScript/Reference/Statements/const\n\n{{video: https://www.youtube.com/watch?v=3v0YfL3hNfI}}\n\nExample:\n\n```code\nCREATE TABLE documents (\n  id SERIAL PRIMARY KEY,\n  title TEXT,\n  body TEXT\n);\n\nALTER TABLE documents ADD COLUMN search_vector tsvector;\n\nUPDATE documents\nSET search_vector = to_tsvector(\'english\', coalesce(title,\'\') || \' \' || coalesce(body,\'\'));\n\nCREATE INDEX documents_search_idx ON documents USING GIN (search_vector);\n\n-- Example ranked search\nSELECT id, title, ts_rank(search_vector, to_tsquery(\'english\', \'postgres & search\')) AS rank\nFROM documents\nWHERE search_vector @@ to_tsquery(\'english\', \'postgres & search\')\nORDER BY rank DESC;\n```\n\nLive Coding Task:\n\nRun the starter code, then complete the TODOs.\n\n{{starter:\n// Simulate steps to build full-text search in Postgres const steps = [ \"add search_vector column\", \"populate search_vector\", \"create gin index\" ]; // pretend to execute each step for (let i = 0; i < steps.length; i++) { // simulated work for step: steps[i] } console.log(\'created search index on documents\')\n}}\n\n{{answer: created search index on documents}}','https://www.youtube.com/watch?v=3v0YfL3hNfI',3,15,1,'2026-05-16 19:48:47','2026-05-16 20:18:12',NULL,'javascript'),('1c050a80-5147-11f1-9abe-6c02e0d26821','1c0259a6-5147-11f1-9abe-6c02e0d26821','Create stored procedures and functions with PL/pgSQL','code_example',1,'Learn how to create stored procedures and functions in PL/pgSQL to encapsulate reusable business logic inside PostgreSQL. This lesson shows syntax for CREATE FUNCTION and CREATE PROCEDURE, parameter handling, transaction control, and WHEN/EXCEPTION blocks. Why: keep logic close to data for performance and consistency. Pitfall: overusing procedural logic instead of set-based SQL can harm performance and maintainabilityظـزظــظ¤ش┬ظ¤ش╪شprefer set operations when possible.','Lesson: Create stored procedures and functions with PL/pgSQL\n\n> Note: Live JavaScript editor runs in the browser. Avoid `require`, `process`, and server startup code here.\n\nUseful Resources:\n\n- https://developer.mozilla.org/en-US/docs/Web/JavaScript/Guide/Functions\n\n{{video: https://www.youtube.com/watch?v=H8_O6v2b0h4}}\n\nExample:\n\n```code\n-- create a simple function returning integer cents\nCREATE OR REPLACE FUNCTION calculate_order_total(item_total integer, tax_percent integer)\nRETURNS integer AS $$\nBEGIN\n  RETURN item_total + ROUND((item_total * tax_percent) / 100.0)::integer;\nEND;\n$$ LANGUAGE plpgsql;\n\n-- create a procedure to adjust inventory and record an order\nCREATE OR REPLACE PROCEDURE process_order(p_order_id integer, p_user_id integer)\nLANGUAGE plpgsql AS $$\nBEGIN\n  -- business logic: lock and check inventory, update tables\n  -- exception handling ensures rollback on errors\n  PERFORM some_inventory_check(p_order_id);\nEXCEPTION WHEN others THEN\n  RAISE NOTICE \'order processing failed for %\', p_order_id;\n  RAISE;\nEND;\n$$;\n```\n\nLive Coding Task:\n\nRun the starter code, then complete the TODOs.\n\n{{starter:\n// sample order items in cents const items = [300, 400, 200]; // helper to sum array values function sum(arr) { return arr.reduce((a, b) => a + b, 0); } // compute subtotal const subtotal = sum(items); // compute tax (10%) rounded const tax = Math.round(subtotal * 0.10); // shipping in cents const shipping = 195; // final total const total = subtotal + tax + shipping; console.log(\"order total \" + total);\n}}\n\n{{answer: order total 1185}}','https://www.youtube.com/watch?v=H8_O6v2b0h4',4,15,1,'2026-05-16 19:48:47','2026-05-16 20:18:15',NULL,'javascript'),('1c0584f3-5147-11f1-9abe-6c02e0d26821','1c0561e7-5147-11f1-9abe-6c02e0d26821','Create roles, grant privileges, and apply least-privilege principles','code_example',1,'Learn how to create roles, grant granular privileges, and enforce least-privilege access control. This lesson demonstrates role creation, user-role assignment, targeted GRANT/REVOKE commands, and auditing inherited permissions so accounts get only required rights. Youظـزظــظ¤ش┬ظـز╪زll see SQL examples and a simulated starter script to verify effective privileges before deployment. Common pitfall: overprivileging through broad grants or role proliferation.','Lesson: Create roles, grant privileges, and apply least-privilege principles\n\n> Note: Live JavaScript editor runs in the browser. Avoid `require`, `process`, and server startup code here.\n\nUseful Resources:\n\n- https://developer.mozilla.org/en-US/docs/Web/Security\n\n- https://nodejs.org/dist/latest-v18.x/docs/api/crypto.html\n\n{{video: https://www.youtube.com/watch?v=6rY2G3z3qz4}}\n\nExample:\n\n```code\n-- create roles for least-privilege model\nCREATE ROLE readonly;\nCREATE ROLE teller;\nCREATE ROLE admin;\n\n-- create users (passwords are placeholders)\nCREATE USER alice WITH PASSWORD \'changeme\';\nCREATE USER bob WITH PASSWORD \'changeme\';\nCREATE USER carol WITH PASSWORD \'changeme\';\n\n-- grant table-level privileges to roles\nGRANT SELECT ON TABLE accounts TO readonly;\nGRANT SELECT, UPDATE ON TABLE accounts TO teller;\n\n-- assign roles to users\nGRANT readonly TO alice;\nGRANT teller TO bob;\nGRANT readonly TO carol;\nGRANT teller TO carol;\n\n-- revoke as needed to tighten privileges\nREVOKE UPDATE ON TABLE accounts FROM teller WHERE inappropriate_condition;\n```\n\nLive Coding Task:\n\nRun the starter code, then complete the TODOs.\n\n{{starter:\n// Simulate roles and privileges for the lesson // Create role definitions with allowed actions const roles = { readonly: [\'select\'], teller: [\'select\', \'update\'], admin: [\'select\', \'insert\', \'update\', \'delete\'] }; // Map users to assigned roles const users = { alice: [\'readonly\'], bob: [\'teller\'], carol: [\'readonly\', \'teller\'] }; // Compute effective privileges for a given user function effectivePrivileges(user) { const assigned = users[user] || []; const privSet = new Set(); assigned.forEach(r => { (roles[r] || []).forEach(p => privSet.add(p)); }); return Array.from(privSet).sort().join(\' \'); } // Show carol\'s effective privileges as the lesson verification console.log(effectivePrivileges(\'carol\'));\n}}\n\n{{answer: select update}}','https://www.youtube.com/watch?v=6rY2G3z3qz4',1,12,1,'2026-05-16 19:48:47','2026-05-16 20:18:28',NULL,'javascript'),('1c05d771-5147-11f1-9abe-6c02e0d26821','1c0561e7-5147-11f1-9abe-6c02e0d26821','Perform logical backups and restores using pg_dump and pg_restore','code_example',1,'Demonstrates how to perform logical backups and restores with pg_dump and pg_restore, including common options and workflows for protecting PostgreSQL data. Youظـزظــظ¤ش┬ظـز╪زll learn when to use custom-format dumps, selective object restores, and restore flags that preserve ownership and extensions. Why: ensures recoverability and portability. Pitfall: relying on defaults can miss object ownership, roles, or extension dependenciesظـزظــظ¤ش┬ظ¤ش╪شalways test restores in a staging environment.','Lesson: Perform logical backups and restores using pg_dump and pg_restore\n\n> Note: Live JavaScript editor runs in the browser. Avoid `require`, `process`, and server startup code here.\n\nUseful Resources:\n\n- https://developer.mozilla.org/en-US/docs/Web/API/Console\n\n- https://nodejs.org/api/fs.html\n\n{{video: https://www.youtube.com/watch?v=Jp0sV8p1rXQ}}\n\nExample:\n\n```code\n# create a custom-format dump\npg_dump -Fc -f backups/production.dump production_db\n\n# dump schema only\npg_dump -s -f backups/schema.sql production_db\n\n# restore into a new database, cleaning objects first\ncreatedb staging_db\npg_restore --clean --no-owner --dbname=staging_db backups/production.dump\n```\n\nLive Coding Task:\n\nRun the starter code, then complete the TODOs.\n\n{{starter:\n// simulate a logical backup using pg_dump console.log(\'starting logical backup using pg_dump\') console.log(\'backup saved to backups production dump\') // simulate restore using pg_restore console.log(\'restoring backup to staging db using pg restore\') console.log(\'restore completed successfully\')\n}}\n\n{{answer: starting logical backup using pg_dump backup saved to backups production dump restoring backup to staging db using pg restore restore completed successfully}}','https://www.youtube.com/watch?v=Jp0sV8p1rXQ',2,15,1,'2026-05-16 19:48:47','2026-05-16 20:18:22',NULL,'javascript'),('1c062e6d-5147-11f1-9abe-6c02e0d26821','1c0561e7-5147-11f1-9abe-6c02e0d26821','Set up basic streaming replication and explain high-availability concepts','code_example',1,'Configure basic streaming replication between a primary and standby PostgreSQL server, and explain high-availability and failover strategies. Learn what to change in postgresql.conf and pg_hba.conf, how to create a replication user, perform a base backup, and connect the standby. Understand failover options and common pitfalls like WAL retention, network latency, and replica divergence. Also cover observation and testing techniques to validate replication health.','Lesson: Set up basic streaming replication and explain high-availability concepts\n\n> Note: Live JavaScript editor runs in the browser. Avoid `require`, `process`, and server startup code here.\n\n{{video: https://www.youtube.com/watch?v=8qv9SJ8n6Ys}}\n\nExample:\n\n```code\n-- On primary: set WAL level and allow senders\nALTER SYSTEM SET wal_level = \'replica\';\nALTER SYSTEM SET max_wal_senders = 3;\nALTER SYSTEM SET wal_keep_size = \'512MB\';\nSELECT pg_reload_conf();\n\n-- Create a replication role\nCREATE ROLE replicator REPLICATION LOGIN PASSWORD \'securepass\';\n\n-- pg_hba.conf line (add on primary)\n-- host replication replicator 192.168.1.0/24 md5\n\n-- Take base backup from primary\n-- pg_basebackup -h primary -D /var/lib/postgresql/data -U replicator -P --wal-method=stream\n\n-- On standby: configure connection (postgresql.conf or recovery.conf parameters)\n-- primary_conninfo = \'host=primary port=5432 user=replicator password=securepass\'\n```\n\nLive Coding Task:\n\nRun the starter code, then complete the TODOs.\n\n{{starter:\n// Simulate steps for Set up basic streaming replication and explain high-availability concepts console.log(\'primary configured\'); console.log(\'replication user created\'); console.log(\'base backup completed\'); console.log(\'standby connected\');\n}}\n\n{{answer: primary configured replication user created base backup completed standby connected}}','https://www.youtube.com/watch?v=8qv9SJ8n6Ys',3,15,1,'2026-05-16 19:48:47','2026-05-16 20:18:34',NULL,'javascript'),('1c06be27-5147-11f1-9abe-6c02e0d26821','1c0561e7-5147-11f1-9abe-6c02e0d26821','Implement audit logging and basic compliance controls','code_example',1,'Configure audit logging to capture who changed what and when using triggers or built-in DB mechanisms. Learn trigger-based audit table design, hashing/retention practices, and how to surface audit events for compliance reporting. This prevents blind spots during investigations. Pitfall: unfiltered logging can expose PII, consume storage, and degrade performance unless you filter, redact, or archive audit records.','Lesson: Implement audit logging and basic compliance controls\n\n> Note: Live JavaScript editor runs in the browser. Avoid `require`, `process`, and server startup code here.\n\nUseful Resources:\n\n- https://nodejs.org/api/crypto.html\n\n{{video: https://www.youtube.com/watch?v=Q9kYQyWd7hQ}}\n\nExample:\n\n```code\n-- PostgreSQL-style audit trigger example\nCREATE TABLE audit_users (\n  id serial primary key,\n  action text not null,\n  table_name text not null,\n  actor text,\n  changed_at timestamptz default now(),\n  row_data jsonb\n);\n\nCREATE FUNCTION audit_users_trigger() RETURNS trigger AS $$\nBEGIN\n  INSERT INTO audit_users(action, table_name, actor, row_data)\n  VALUES (TG_OP, TG_TABLE_NAME, current_user, to_jsonb(NEW));\n  RETURN NEW;\nEND;\n$$ LANGUAGE plpgsql;\n\nCREATE TRIGGER trg_audit_users\nAFTER INSERT OR UPDATE OR DELETE ON users\nFOR EACH ROW EXECUTE FUNCTION audit_users_trigger();\n```\n\nLive Coding Task:\n\nRun the starter code, then complete the TODOs.\n\n{{starter:\n// Simulated DB and audit log in-memory for demonstration const users = []; const auditLog = []; // helper to simulate current user and timestamp function currentActor() { return \'alice\'; } function currentTimestamp() { return new Date().toISOString(); } // simulate insert with audit write function insertUser(user) { users.push(user); // write an audit entry (minimal fields) auditLog.push({ action: \'insert\', table: \'users\', actor: currentActor(), ts: currentTimestamp(), row: Object.assign({}, user) }); } // run simulation insertUser({id: 1, name: \'Bob\', email: \'bob@example.com\'}); // final check if (auditLog.length > 0) { console.log(\'audit entry created\'); } else { console.log(\'no audit entry\'); }\n}}\n\n{{answer: audit entry created}}','https://www.youtube.com/watch?v=Q9kYQyWd7hQ',4,12,1,'2026-05-16 19:48:47','2026-05-16 20:18:42',NULL,'javascript'),('1c0807a5-5147-11f1-9abe-6c02e0d26821','1c0561e7-5147-11f1-9abe-6c02e0d26821','Capstone: Design and implement a production-ready schema and queries for an e-commerce app','code_example',1,'Design a complete production-ready e-commerce schema, create tables and indexes, and implement optimized queries and aggregates for common workloads. Learn why normalization, partitioning, and proper indexing matter for read/write patterns, and how to avoid pitfalls like over-indexing or missing FK constraints that cause performance or data integrity issues. Walk through practical DDL, index strategy, and aggregation query optimization with examples.','Lesson: Capstone: Design and implement a production-ready schema and queries for an e-commerce app\n\n> Note: Live JavaScript editor runs in the browser. Avoid `require`, `process`, and server startup code here.\n\nUseful Resources:\n\n- https://developer.mozilla.org/en-US/docs/Web/IndexedDB\n\n- https://expressjs.com/en/advanced/best-practice-performance.html\n\n{{video: https://www.youtube.com/watch?v=ztHopE5Wnpc}}\n\nExample:\n\n```code\nCREATE TABLE users (\n  id SERIAL PRIMARY KEY,\n  email VARCHAR(255) UNIQUE NOT NULL,\n  name VARCHAR(255)\n);\n\nCREATE TABLE products (\n  id SERIAL PRIMARY KEY,\n  name TEXT NOT NULL,\n  category_id INT,\n  price_cents INT NOT NULL\n);\n\nCREATE INDEX idx_products_category ON products(category_id);\n\n-- optimized aggregate: top selling products\nSELECT p.id, p.name, SUM(oi.quantity) AS total_sold\nFROM products p\nJOIN order_items oi ON oi.product_id = p.id\nGROUP BY p.id, p.name\nORDER BY total_sold DESC\nLIMIT 10;\n```\n\nLive Coding Task:\n\nRun the starter code, then complete the TODOs.\n\n{{starter:\n// build table DDL statements for an e-commerce schema const tables = [ `CREATE TABLE users (id SERIAL PRIMARY KEY, email TEXT UNIQUE, name TEXT);`, `CREATE TABLE products (id SERIAL PRIMARY KEY, name TEXT, category_id INT, price_cents INT);`, `CREATE TABLE orders (id SERIAL PRIMARY KEY, user_id INT REFERENCES users(id), created_at TIMESTAMP);`, `CREATE TABLE order_items (id SERIAL PRIMARY KEY, order_id INT REFERENCES orders(id), product_id INT REFERENCES products(id), quantity INT);` ]; // define indexes and partition suggestion const indexes = [ `CREATE INDEX idx_products_category ON products(category_id);`, `CREATE INDEX idx_orders_user_created ON orders(user_id, created_at);` ]; // sample optimized aggregate query for top selling products const sampleQuery = `SELECT p.id, p.name, SUM(oi.quantity) as sold FROM products p JOIN order_items oi ON oi.product_id = p.id GROUP BY p.id, p.name ORDER BY sold DESC LIMIT 10`; // simulate running DDL and queries and output final confirmation console.log(\"schema implemented successfully\")\n}}\n\n{{answer: schema implemented successfully}}','https://www.youtube.com/watch?v=ztHopE5Wnpc',5,15,1,'2026-05-16 19:48:48','2026-05-16 20:18:50',NULL,'javascript'),('2f1ed78e-5133-11f1-9abe-6c02e0d26821','2f1e8078-5133-11f1-9abe-6c02e0d26821','Initialize a TypeScript web project with npm and tsconfig','code_example',1,'Walk through initializing a TypeScript web project with npm, create a browser-focused tsconfig.json, and run the TypeScript compiler to produce runnable JavaScript. You\'ll learn why targeting modern browsers and configuring module/strict options matters, how to avoid common pitfalls like emitting Node-specific code, and confirm the build by running the compiled output. Pitfall: default tsconfig may target Nodeظـزظــظ¤ش┬ظ¤ش╪شupdate lib/target/module for browsers.','Lesson: Initialize a TypeScript web project with npm and tsconfig\n\n> Note: Live JavaScript editor runs in the browser. Avoid `require`, `process`, and server startup code here.\n\nUseful Resources:\n\n- https://developer.mozilla.org/en-US/docs/Web/JavaScript/Guide/Modules\n\n- https://nodejs.org/api/esm.html\n\n- https://expressjs.com/en/starter/installing.html\n\n{{video: https://www.youtube.com/watch?v=BwuLxPH8IDs}}\n\nExample:\n\n```code\n// index.ts\nconst projectName: string = \'ts project initialized\';\n\nfunction start(name: string): string {\n  return name;\n}\n\nconsole.log(start(projectName));\n```\n\nLive Coding Task:\n\nRun the starter code, then complete the TODOs.\n\n{{starter:\n// compiled.js - output from tsc // This file simulates the JavaScript emitted by the TypeScript compiler. console.log(\'ts project initialized\');\n}}\n\n{{answer: ts project initialized}}','https://www.youtube.com/watch?v=BwuLxPH8IDs',1,15,1,'2026-05-16 17:26:10','2026-05-22 19:32:25',NULL,'javascript'),('2f1fa907-5133-11f1-9abe-6c02e0d26821','2f1e8078-5133-11f1-9abe-6c02e0d26821','Annotate variables and functions with primitive, union, and literal types','code_example',1,'Show how to declare variables and functions with primitive, union and literal types in TypeScript for browser code. Explain why explicit annotations catch invalid values, narrow control flow, and improve editor/autocomplete. Cover common pitfall: overusing any or forgetting literal unions which defeats narrowing and runtime checks. Short examples will demonstrate annotations for primitives, union narrowing, and literal type guards that map to predictable browser behavior.','Lesson: Annotate variables and functions with primitive, union, and literal types\n\n> Note: Live JavaScript editor runs in the browser. Avoid `require`, `process`, and server startup code here.\n\nUseful Resources:\n\n- https://developer.mozilla.org/en-US/docs/Web/JavaScript/Data_structures\n\n- https://developer.mozilla.org/en-US/docs/Web/JavaScript/Reference/Operators/typeof\n\n- https://nodejs.org/en/docs/\n\n{{video: https://www.youtube.com/watch?v=WBPrJSw7yQA}}\n\nExample:\n\n```code\ntype Size = \"small\" | \"medium\" | \"large\";\n\nlet currentSize: Size = \"medium\";\n\nfunction describeSize(s: Size): string {\n  if (s === \"small\") {\n    return \"size small\";\n  } else if (s === \"large\") {\n    return \"size large\";\n  } else {\n    return \"size medium\";\n  }\n}\n\nconsole.log(describeSize(currentSize));\n```\n\nLive Coding Task:\n\nRun the starter code, then complete the TODOs.\n\n{{starter:\n// simulate TypeScript union and literal types in plain JS var currentSize = \"medium\"; // allowed values: \"small\" | \"medium\" | \"large\" function describeSize(s) { if (s === \"small\") { return \"size small\"; } else if (s === \"large\") { return \"size large\"; } else { return \"size medium\"; } } console.log(describeSize(currentSize));\n}}\n\n{{answer: size medium}}','https://www.youtube.com/watch?v=WBPrJSw7yQA',2,15,1,'2026-05-16 17:26:10','2026-05-22 19:32:25',NULL,'javascript'),('2f21651f-5133-11f1-9abe-6c02e0d26821','2f1e8078-5133-11f1-9abe-6c02e0d26821','Define and use interfaces and type aliases for DOM data models','code_example',1,'Define TypeScript interfaces and type aliases to model DOM-driven data such as form payloads and component props. This lesson explains what to type, why explicit models improve safety and maintainability, and how to avoid common pitfalls like over-broad unions or accidentally coupling runtime DOM objects to data types. Includes concise TypeScript examples and a browser-safe starter snippet to validate runtime shape.','Lesson: Define and use interfaces and type aliases for DOM data models\n\n> Note: Live JavaScript editor runs in the browser. Avoid `require`, `process`, and server startup code here.\n\nUseful Resources:\n\n- https://developer.mozilla.org/en-US/docs/Web/API/FormData\n\n- https://developer.mozilla.org/en-US/docs/Web/API/HTMLFormElement\n\n{{video: https://www.youtube.com/watch?v=PkZNo7MFNFg}}\n\nExample:\n\n```code\ninterface FormPayload {\n  name: string;\n  email: string;\n  subscribed?: boolean;\n}\n\ntype ComponentProps = {\n  id: string;\n  data: FormPayload;\n  onSubmit: (payload: FormPayload) => void;\n};\n\nfunction handleSubmit(payload: FormPayload) {\n  // safe, well-typed access to payload properties\n  console.log(\'submitting\', payload.name);\n}\n\nconst props: ComponentProps = {\n  id: \'signup\',\n  data: { name: \'alice\', email: \'alice@example.com\' },\n  onSubmit: handleSubmit\n};\n```\n\nLive Coding Task:\n\nRun the starter code, then complete the TODOs.\n\n{{starter:\n// mock form values from the DOM (runtime shapes) const form = { name: \'alice\', email: \'alice@example.com\' }; // construct a payload that would match a TypeScript interface const payload = { name: form.name, email: form.email, subscribed: true }; // runtime check or submission simulation console.log(\'form submitted alice\');\n}}\n\n{{answer: form submitted alice}}','https://www.youtube.com/watch?v=PkZNo7MFNFg',3,12,1,'2026-05-16 17:26:10','2026-05-22 19:32:25',NULL,'javascript'),('2f21f8af-5133-11f1-9abe-6c02e0d26821','2f1e8078-5133-11f1-9abe-6c02e0d26821','Leverage enums, tuples, and tuples-in-UI state','code_example',1,'Use enums and tuples to model finite UI states and compact records in web apps. Enums make state variants explicit and readable; tuples provide fixed-order small payloads ideal for UI state transitions and lightweight updates. This lesson shows practical patterns for representing loading/ready/error flows and simple per-component records. Pitfall: tuples are positional and brittle for growthظـزظــظ¤ش┬ظ¤ش╪شprefer named objects for larger shapes and freeze enum objects at runtime to prevent mutation.','Lesson: Leverage enums, tuples, and tuples-in-UI state\n\n> Note: Live JavaScript editor runs in the browser. Avoid `require`, `process`, and server startup code here.\n\nUseful Resources:\n\n- https://developer.mozilla.org/en-US/docs/Web/JavaScript/Reference/Global_Objects/Array\n\n- https://developer.mozilla.org/en-US/docs/Web/JavaScript/Reference/Global_Objects/Object/freeze\n\n- https://nodejs.org/api/console.html\n\nExample:\n\n```code\nenum ViewState {\n  Loading,\n  Ready,\n  Error\n}\n\ntype UIState = [ViewState, { user?: string } | string | null];\n\nlet state: UIState = [ViewState.Loading, null];\n\nstate = [ViewState.Ready, { user: \'Alice\' }];\n\nconsole.log(state);\n```\n\nLive Coding Task:\n\nRun the starter code, then complete the TODOs.\n\n{{starter:\nconst ViewState = Object.freeze({ Loading: 0, Ready: 1, Error: 2 }); function describeState(stateTuple) { const [state, payload] = stateTuple; if (state === ViewState.Ready && payload && payload.user) { return \'ready user \' + String(payload.user).toLowerCase(); } if (state === ViewState.Loading) { return \'loading\'; } return \'error\'; } let uiState = [ViewState.Loading, null]; uiState = [ViewState.Ready, { user: \'Alice\' }]; console.log(describeState(uiState));\n}}\n\n{{answer: ready user alice}}',NULL,4,15,1,'2026-05-16 17:26:10','2026-05-22 19:32:25',NULL,'javascript'),('2f233b0c-5133-11f1-9abe-6c02e0d26821','2f1e8078-5133-11f1-9abe-6c02e0d26821','Handle null, undefined, and strict compiler options','code_example',1,'Enable and configure TypeScript strict compiler flags (especially strictNullChecks) and refactor code to handle nullable values safely. This lesson shows what flags to set in tsconfig, why strict null checks prevent runtime errors, and practical refactors using type guards, optional chaining, and nullish coalescing. Pitfall: relying on non-null assertions or ignoring compiler errors can hide bugs; prefer explicit checks and narrowing.','Lesson: Handle null, undefined, and strict compiler options\n\n> Note: Live JavaScript editor runs in the browser. Avoid `require`, `process`, and server startup code here.\n\nUseful Resources:\n\n- https://developer.mozilla.org/en-US/docs/Web/JavaScript/Reference/Operators/Optional_chaining\n\n- https://developer.mozilla.org/en-US/docs/Web/JavaScript/Reference/Operators/Nullish_coalescing\n\n{{video: https://www.youtube.com/watch?v=H4I6w6c4h8A}}\n\nExample:\n\n```code\nfunction printLength(s: string | null | undefined): string {\n  // explicit null/undefined check narrows the type under strictNullChecks\n  if (s == null) {\n    return \'value missing\';\n  }\n\n// s is now a string, safe to access .length\n  return `value length is ${s.length}`;\n}\n\n// optional chaining and nullish coalescing example\nconst maybe = { text: null as string | null };\nconst len = maybe.text?.length ?? 0;\n```\n\nLive Coding Task:\n\nRun the starter code, then complete the TODOs.\n\n{{starter:\n// Simulated input which may be nullable let input = \"hello\"; // Safe runtime check to mimic strictNullChecks enforced refactor function getLength(s) { if (s == null) { return \"value missing\"; } return \"value length is \" + s.length; } console.log(getLength(input));\n}}\n\n{{answer: value length is 5}}','https://www.youtube.com/watch?v=H4I6w6c4h8A',5,15,1,'2026-05-16 17:26:10','2026-05-22 19:32:25',NULL,'javascript'),('2f242522-5133-11f1-9abe-6c02e0d26821','2f23c7bf-5133-11f1-9abe-6c02e0d26821','Configure tsconfig for browser targets and module resolution','code_example',1,'Show how to set tsconfig.json options (target, module, lib, baseUrl, paths) for modern browsers and bundlers. Explain why matching target/module to runtime and bundler avoids runtime syntax or polyfill surprises, and how paths help cleaner imports. Pitfall: mismatched module/target or missing libs can compile but fail at runtime or during bundling.','Lesson: Configure tsconfig for browser targets and module resolution\n\n> Note: Live JavaScript editor runs in the browser. Avoid `require`, `process`, and server startup code here.\n\nUseful Resources:\n\n- https://developer.mozilla.org/en-US/docs/Web/JavaScript/Reference/Global_Objects/Promise\n\n- https://nodejs.org/api/modules.html#modules_module_resolution_algorithms\n\n{{video: https://www.youtube.com/watch?v=Ukg_U3CnJWI}}\n\nExample:\n\n```code\n// tsconfig.json fragment showing common browser/bundler settings\n{\n  \"compilerOptions\": {\n    \"target\": \"es2019\",\n    \"module\": \"esnext\",\n    \"lib\": [\"dom\", \"es2019\"],\n    \"baseUrl\": \"./\",\n    \"paths\": {\n      \"@utils/*\": [\"src/utils/*\"]\n    }\n  }\n}\n\n// usage in a TypeScript file\nimport { format } from \"@utils/format\";\n\nconsole.log(format(\"ok\"));\n```\n\nLive Coding Task:\n\nRun the starter code, then complete the TODOs.\n\n{{starter:\n// starter script demonstrates the expected output (function () { const message = \"tsconfig ok\"; console.log(message); })();\n}}\n\n{{answer: tsconfig ok}}','https://www.youtube.com/watch?v=Ukg_U3CnJWI',1,15,1,'2026-05-16 17:26:10','2026-05-22 19:32:33',NULL,'javascript'),('2f24c0ff-5133-11f1-9abe-6c02e0d26821','2f23c7bf-5133-11f1-9abe-6c02e0d26821','Compile and bundle TypeScript with tsc, Babel, and Vite','code_example',1,'Set up tsc to emit type-checked JS, add Babel where you need advanced transforms or polyfills, and configure Vite for fast dev servers and efficient bundling. Learn when to let tsc handle types-only vs using Babel for transpile, why Viteظـزظــظ¤ش┬ظـز╪زs esbuild speeds dev builds, and the common pitfall: mismatched target/module settings across tsc, Babel, and Vite that cause runtime import errors.','Lesson: Compile and bundle TypeScript with tsc, Babel, and Vite\n\n> Note: Live JavaScript editor runs in the browser. Avoid `require`, `process`, and server startup code here.\n\nUseful Resources:\n\n- https://nodejs.org/api/cli.html\n\n{{video: https://www.youtube.com/watch?v=3qBXWUpoPHo}}\n\nExample:\n\n```code\n// src/main.ts\nexport interface User {\n  id: number;\n  name: string;\n}\n\nexport function greet(user: User) {\n  return `hello ${user.name}`;\n}\n```\n\nLive Coding Task:\n\nRun the starter code, then complete the TODOs.\n\n{{starter:\n// simulate environment and bundler flags const env = \'production\'; function report() { if (env === \'production\') { console.log(\'bundle ready\'); } else { console.log(\'dev server running\'); } } report();\n}}\n\n{{answer: bundle ready}}','https://www.youtube.com/watch?v=3qBXWUpoPHo',2,15,1,'2026-05-16 17:26:10','2026-05-22 19:32:33',NULL,'javascript'),('2f2560e8-5133-11f1-9abe-6c02e0d26821','2f23c7bf-5133-11f1-9abe-6c02e0d26821','Set up source maps, path aliases, and incremental builds','code_example',1,'Show how to enable source maps for accurate browser/Node debugging, configure path aliases to simplify imports, and turn on TypeScript incremental compilation to speed rebuilds. Covers minimal tsconfig settings, why each option helps runtime debugging and developer velocity, and a common pitfall: stale .tsbuildinfo or incorrect baseUrl/paths causing unresolved imports or misleading sourcemap locations.','Lesson: Set up source maps, path aliases, and incremental builds\n\n> Note: Live JavaScript editor runs in the browser. Avoid `require`, `process`, and server startup code here.\n\nUseful Resources:\n\n- https://developer.mozilla.org/en-US/docs/Tools/Debugger/How_to/Use_a_source_map\n\n- https://nodejs.org/api/cli.html#--enable-source-maps\n\n{{video: https://www.youtube.com/watch?v=NjN00cM18Z4}}\n\nExample:\n\n```code\n{\n  \"compilerOptions\": {\n    \"target\": \"es2018\",\n    \"module\": \"commonjs\",\n    \"sourceMap\": true,\n    \"incremental\": true,\n    \"baseUrl\": \"./src\",\n    \"paths\": {\n      \"@utils/*\": [\"utils/*\"]\n    }\n  }\n}\n\n// src/index.ts\nimport { greet } from \"@utils/greet\"\n\nconsole.log(greet())\n```\n\nLive Coding Task:\n\nRun the starter code, then complete the TODOs.\n\n{{starter:\n// entry.js // This simulates the compiled output after TypeScript builds with source maps // It demonstrates the runtime behavior that comes from a small TS module const message = \'hello from util\' console.log(message)\n}}\n\n{{answer: hello from util}}','https://www.youtube.com/watch?v=NjN00cM18Z4',3,15,1,'2026-05-16 17:26:10','2026-05-22 19:32:33',NULL,'javascript'),('2f266fc6-5133-11f1-9abe-6c02e0d26821','2f23c7bf-5133-11f1-9abe-6c02e0d26821','Integrate TypeScript with ESLint and Prettier for web projects','code_example',1,'Configure ESLint with the TypeScript parser and rule set alongside Prettier to enforce consistent, type-aware code style in web projects. This lesson explains why combined linting and formatting reduces runtime errors and review friction, how to wire parser, plugin, and Prettier integration, and common pitfalls such as conflicting rules and incorrect parser settings that produce false positives. Includes config snippets and editor integration notes.','Lesson: Integrate TypeScript with ESLint and Prettier for web projects\n\n> Note: Live JavaScript editor runs in the browser. Avoid `require`, `process`, and server startup code here.\n\nUseful Resources:\n\n- https://developer.mozilla.org/en-US/docs/Web/JavaScript\n\n{{video: https://www.youtube.com/watch?v=7k7q5fN0q2s}}\n\nExample:\n\n```code\n// typescript example to illustrate linting/formatting targets\ninterface User {\n  id: number\n  name: string\n}\n\nconst users: User[] = [{ id: 1, name: \'Alice\' }]\n\nexport const getFirstUser = (): string => {\n  const [first] = users\n  return first.name\n}\n```\n\nLive Coding Task:\n\nRun the starter code, then complete the TODOs.\n\n{{starter:\n// simple script to verify tooling setup function greet(name) { return `hello, ${name}` } const status = \'lint ready\' console.log(status)\n}}\n\n{{answer: lint ready}}','https://www.youtube.com/watch?v=7k7q5fN0q2s',4,15,1,'2026-05-16 17:26:10','2026-05-22 19:32:33',NULL,'javascript'),('2f26e025-5133-11f1-9abe-6c02e0d26821','2f23c7bf-5133-11f1-9abe-6c02e0d26821','Write declaration (.d.ts) files and consume third-party JavaScript libraries','code_example',1,'Learn to author ambient and module .d.ts declaration files to safely consume untyped browser libraries and when to prefer DefinitelyTyped (@types) packages. Covers creating global (ambient) declarations for script-tag libraries, module declarations for npm-style packages, and consuming @types. Pitfalls: mismatched runtime names, wrong module resolution, and global name shadowing that compile clean but fail at runtime.','Lesson: Write declaration (.d.ts) files and consume third-party JavaScript libraries\n\n> Note: Live JavaScript editor runs in the browser. Avoid `require`, `process`, and server startup code here.\n\nUseful Resources:\n\n- https://developer.mozilla.org/en-US/docs/Web/JavaScript/Reference/Global_Objects\n\n- https://nodejs.org/api/modules.html\n\n{{video: https://www.youtube.com/watch?v=l8WPWK9mS5M}}\n\nExample:\n\n```code\n// Ambient declaration for a library loaded via a <script> tag\ndeclare global {\n  interface Window {\n    legacyLib?: {\n      init(name: string): string;\n    };\n  }\n}\n\n// Module declaration for an untyped npm-style package named \"legacy-lib\"\ndeclare module \"legacy-lib\" {\n  export function init(name: string): string;\n  export default init;\n}\n```\n\nLive Coding Task:\n\nRun the starter code, then complete the TODOs.\n\n{{starter:\n// simulate loading a legacy browser library that attaches to window window.legacyLib = { init: function(name) { return \'initialized \' + name; } }; // runtime usage of the legacy library console.log(window.legacyLib.init(\'widget\'));\n}}\n\n{{answer: initialized widget}}','https://www.youtube.com/watch?v=l8WPWK9mS5M',5,15,1,'2026-05-16 17:26:10','2026-05-22 19:32:33',NULL,'javascript'),('2f277987-5133-11f1-9abe-6c02e0d26821','2f27500d-5133-11f1-9abe-6c02e0d26821','Add TypeScript to a React app and type functional components','code_example',1,'Convert a React project to TypeScript and declare typed functional components and JSX props. This lesson covers renaming files, adding basic tsconfig settings and @types/react, and replacing untyped props with interfaces or typed generics. Why: strong prop contracts, better autocompletion, and fewer runtime bugs. Pitfall: implicit any on props and missing React type packages cause confusing compiler errors and broken JSX types.','Lesson: Add TypeScript to a React app and type functional components\n\n> Note: Live JavaScript editor runs in the browser. Avoid `require`, `process`, and server startup code here.\n\nUseful Resources:\n\n- https://developer.mozilla.org/en-US/docs/Web/JavaScript/Reference/Statements/import\n\n- https://developer.mozilla.org/en-US/docs/Web/JavaScript/Reference/Functions/Arrow_functions\n\n{{video: https://www.youtube.com/watch?v=Z5iWr6Srsj8}}\n\nExample:\n\n```code\ninterface GreetingProps {\n  name: string;\n}\n\nconst Greeting: React.FC<GreetingProps> = ({ name }) => {\n  return <h1>Hello, {name}</h1>;\n};\n\nexport default Greeting;\n```\n\nLive Coding Task:\n\nRun the starter code, then complete the TODOs.\n\n{{starter:\n// Before converting to TypeScript: plain JavaScript React component // Uses plain global React API to illustrate the untyped component function Greeting(props) { return React.createElement(\'h1\', null, \'Hello, \' + props.name); } // Developer debug output from the original JS project console.log(\'hello react js\');\n}}\n\n{{answer: hello react js}}','https://www.youtube.com/watch?v=Z5iWr6Srsj8',1,15,1,'2026-05-16 17:26:10','2026-05-22 19:32:37',NULL,'javascript'),('2f2864a4-5133-11f1-9abe-6c02e0d26821','2f27500d-5133-11f1-9abe-6c02e0d26821','Use React hooks with typed state, refs, and context','code_example',1,'Demonstrate typing for useState, useRef, custom hooks, and React context to ensure predictable component behavior and safe data flow in a React + TypeScript app. Learn how explicit generics prevent runtime surprises, why unions and nullability matter for refs/context, and how to avoid common pitfalls like incorrect inference or unsafe casts that break component contracts and tests.','Lesson: Use React hooks with typed state, refs, and context\n\n> Note: Live JavaScript editor runs in the browser. Avoid `require`, `process`, and server startup code here.\n\nUseful Resources:\n\n- https://www.typescriptlang.org/docs/handbook/react.html\n\n- https://reactjs.org/docs/hooks-intro.html\n\n- https://developer.mozilla.org/en-US/docs/Web/JavaScript/Reference\n\nExample:\n\n```code\nimport React, { createContext, useContext, useRef, useState } from \'react\';\n\n// typed state\nconst [count, setCount] = useState<number>(0);\n\n// typed ref for an input element\nconst inputRef = useRef<HTMLInputElement | null>(null);\n\n// simple typed custom hook\nfunction useCounter(initial: number) {\n  const [value, setValue] = useState<number>(initial);\n  return { value, increment: () => setValue(v => v + 1) };\n}\n\n// typed context\nconst UserContext = createContext<{ name: string } | null>(null);\n\n// usage inside a component (illustrative)\nfunction MyComponent() {\n  const user = useContext(UserContext);\n  const counter = useCounter(0);\n  return null;\n}\n```\n\nLive Coding Task:\n\nRun the starter code, then complete the TODOs.\n\n{{starter:\n// simulate a typed state hook (simple stand-in, not React) function useStateSim(initial) { let value = initial; return [ () => value, (v) => { value = v; } ]; } // simulate a ref function createRef(value) { return { current: value }; } // app-like setup using the simulated hooks/context const [getCount, setCount] = useStateSim(0); const inputRef = createRef(null); const UserContext = { name: \'alice\' }; // perform updates setCount(3); inputRef.current = \'input bound\'; // single console log summarizing runtime values console.log(\'count 3 user alice ref set\');\n}}\n\n{{answer: count 3 user alice ref set}}',NULL,2,15,1,'2026-05-16 17:26:10','2026-05-22 19:32:37',NULL,'javascript'),('2f293423-5133-11f1-9abe-6c02e0d26821','2f27500d-5133-11f1-9abe-6c02e0d26821','Integrate TypeScript with Vue 3 and the Composition API','code_example',1,'Show how to create and type Vue 3 components with the Composition API: define typed props, reactive state, and computed values so components are safer and IDE-friendly. Learn why typing props and emits prevents runtime mismatches and improves refactoring. Watch for a common pitfall: omitting explicit prop types or relying on any can silence useful errors and later produce subtle runtime bugs.','Lesson: Integrate TypeScript with Vue 3 and the Composition API\n\n> Note: Live JavaScript editor runs in the browser. Avoid `require`, `process`, and server startup code here.\n\nUseful Resources:\n\n- https://developer.mozilla.org/en-US/docs/Web/JavaScript/Reference/Functions\n\n- https://developer.mozilla.org/en-US/docs/Web/JavaScript/Reference/Global_Objects/Proxy\n\n{{video: https://www.youtube.com/watch?v=ZqgiuPt5QZo}}\n\nExample:\n\n```code\n<script lang=\"ts\" setup>\nimport { ref, computed } from \'vue\'\n\ninterface Props {\n  title: string\n  initial?: number\n}\n\nconst props = defineProps<Props>()\nconst count = ref(props.initial ?? 0)\nconst doubled = computed(() => count.value * 2)\n\nfunction increment() {\n  count.value++\n}\n\n</script>\n```\n\nLive Coding Task:\n\nRun the starter code, then complete the TODOs.\n\n{{starter:\n// simulate a Vue 3 Composition API setup function in plain browser-safe JS function MyComponentSetup(props) { const count = (props.initial ?? 1); const double = count * 2; const title = String(props.title || \'untitled\'); console.log((title + \' \' + count + \' \' + double).toLowerCase()); } // invoke the simulated setup with props MyComponentSetup({ title: \'Counter\', initial: 3 });\n}}\n\n{{answer: counter 3 6}}','https://www.youtube.com/watch?v=ZqgiuPt5QZo',3,15,1,'2026-05-16 17:26:10','2026-05-22 19:32:37',NULL,'javascript'),('2f29c40c-5133-11f1-9abe-6c02e0d26821','2f27500d-5133-11f1-9abe-6c02e0d26821','Type component props, emits, and slots in component libraries','code_example',1,'Show how to type component props, custom events (emits), and slots in component libraries using TypeScript. Learn patterns for precise prop definitions, event payload typing, and slot content contracts to build reusable, IDE-friendly UI components. Why: improves developer DX, prevents runtime errors, and enables safe composition. Pitfall: overly broad types or misaligned runtime validators can hide mismatchesظـزظــظ¤ش┬ظ¤ش╪شprefer narrow discriminated unions and shared interfaces.','Lesson: Type component props, emits, and slots in component libraries\n\n> Note: Live JavaScript editor runs in the browser. Avoid `require`, `process`, and server startup code here.\n\nUseful Resources:\n\n- https://developer.mozilla.org/en-US/docs/Web/Web_Components/Using_custom_elements\n\n- https://developer.mozilla.org/en-US/docs/Web/HTML/Element/slot\n\n- https://developer.mozilla.org/en-US/docs/Web/API/CustomEvent\n\n{{video: https://www.youtube.com/watch?v=ZkO8_3k8Kq8}}\n\nExample:\n\n```code\nimport { defineComponent, h } from \'vue\'\n\nexport default defineComponent({\n  name: \'MyButton\',\n  props: {\n    label: String as () => string,\n    variant: { type: String as () => \'primary\' | \'secondary\', default: \'primary\' }\n  },\n  emits: {\n    click: (payload: { x: number }) => typeof payload.x === \'number\'\n  },\n  setup(props, { emit, slots }) {\n    const handleClick = () => emit(\'click\', { x: 1 })\n    return () => h(\'button\', { onClick: handleClick }, slots.default ? slots.default() : props.label)\n  }\n})\n```\n\nLive Coding Task:\n\nRun the starter code, then complete the TODOs.\n\n{{starter:\n// simulate component default props and user props const defaultProps = { title: \'Default Title\', size: \'md\' }; const userProps = { title: \'Hello\' }; const merged = Object.assign({}, defaultProps, userProps); console.log(merged.title.toLowerCase());\n}}\n\n{{answer: hello}}','https://www.youtube.com/watch?v=ZkO8_3k8Kq8',4,15,1,'2026-05-16 17:26:10','2026-05-22 19:32:37',NULL,'javascript'),('2f2bc720-5133-11f1-9abe-6c02e0d26821','2f27500d-5133-11f1-9abe-6c02e0d26821','Build and publish a typed UI component library','code_example',1,'Package, type, and publish a reusable UI component library in TypeScript: create distributable bundles, generate and export accurate .d.ts typings, and configure package.json for interoperable named and default exports. Why: consumers get IDE autocompletion, safe upgrades, and minimal runtime friction. Pitfall: mismatched export shapes or missing declaration files break consumers ظـزظــظ¤ش┬ظ¤ش╪ش pay attention to tsconfig declaration settings, bundler output, and export surface.','Lesson: Build and publish a typed UI component library\n\n> Note: Live JavaScript editor runs in the browser. Avoid `require`, `process`, and server startup code here.\n\nUseful Resources:\n\n- https://nodejs.org/api/packages.html\n\n{{video: https://www.youtube.com/watch?v=QHUtg6hQJ6Y}}\n\nExample:\n\n```code\nexport type ButtonProps = {\n  label?: string;\n  onClick?: () => void;\n};\n\nexport function Button(props: ButtonProps) {\n  return <button onClick={props.onClick}>{props.label ?? \'ok\'}</button>;\n}\n\nexport default Button;\n```\n\nLive Coding Task:\n\nRun the starter code, then complete the TODOs.\n\n{{starter:\n// simulate a minimal consumer using the published component library function Button(props) { return { type: \'button\', label: props.label || \'ok\' }; } // consumer invokes the component and logs a simple runtime message const rendered = Button({ label: \'ok\' }); console.log(\'button rendered with label \' + rendered.label);\n}}\n\n{{answer: button rendered with label ok}}','https://www.youtube.com/watch?v=QHUtg6hQJ6Y',5,15,1,'2026-05-16 17:26:10','2026-05-22 19:32:37',NULL,'javascript'),('2f2d0850-5133-11f1-9abe-6c02e0d26821','2f2cd183-5133-11f1-9abe-6c02e0d26821','Type DOM manipulation and event handlers safely','code_example',1,'Demonstrates how to query DOM elements, apply precise TypeScript-aware checks, and attach strongly-typed event handlers to eliminate common runtime errors. Learn why narrowing element types (instanceof or generics) prevents invalid property access and why relying on unchecked querySelector results causes crashes. Includes a safe starter script and a TypeScript example showing correct typings, null checks, and casting pitfalls. Follow patterns here to avoid null reference and wrong-target bugs.','Lesson: Type DOM manipulation and event handlers safely\n\n> Note: Live JavaScript editor runs in the browser. Avoid `require`, `process`, and server startup code here.\n\nUseful Resources:\n\n- https://developer.mozilla.org/en-US/docs/Web/API/Document/querySelector\n\n- https://developer.mozilla.org/en-US/docs/Web/API/EventTarget/addEventListener\n\n- https://developer.mozilla.org/en-US/docs/Web/API/HTMLElement\n\n{{video: https://www.youtube.com/watch?v=0ik6X4DJKCc}}\n\nExample:\n\n```code\n// TypeScript example showing precise element typing and handlers\nconst saveBtn = document.querySelector<HTMLButtonElement>(\'#save\');\nif (saveBtn) {\n  saveBtn.addEventListener(\'click\', (e: MouseEvent) => {\n    console.log(\'clicked\', (e.currentTarget as HTMLButtonElement).id);\n  });\n}\n\nconst nameInput = document.querySelector<HTMLInputElement>(\'#name\');\nif (nameInput) {\n  nameInput.addEventListener(\'input\', (e: Event) => {\n    const value = (e.currentTarget as HTMLInputElement).value;\n    console.log(\'input\', value);\n  });\n}\n```\n\nLive Coding Task:\n\nRun the starter code, then complete the TODOs.\n\n{{starter:\n// ensure elements exist so outputs are deterministic let btn = document.getElementById(\'save\'); if (!btn) { btn = document.createElement(\'button\'); btn.id = \'save\'; btn.textContent = \'Save\'; document.body.appendChild(btn); } let input = document.getElementById(\'name\'); if (!input) { input = document.createElement(\'input\'); input.id = \'name\'; input.value = \'hello\'; document.body.appendChild(input); } // query with runtime type guards to avoid exceptions const saveBtn = document.querySelector(\'#save\'); if (saveBtn instanceof HTMLButtonElement) { console.log(\'save button found\'); } else { console.log(\'no save button\'); } const nameInput = document.querySelector(\'#name\'); if (nameInput instanceof HTMLInputElement) { console.log(\'name input found\'); } else { console.log(\'no name input\'); }\n}}\n\n{{answer: save button found name input found}}','https://www.youtube.com/watch?v=0ik6X4DJKCc',1,15,1,'2026-05-16 17:26:10','2026-05-22 19:32:42',NULL,'javascript'),('2f2dde3e-5133-11f1-9abe-6c02e0d26821','2f2cd183-5133-11f1-9abe-6c02e0d26821','Fetch, type, and handle REST API responses with Fetch and Axios','code_example',1,'Learn how to define DTO interfaces, perform typed network requests with Fetch and Axios, and robustly handle response shapes and error states in client-side TypeScript. This lesson shows how to map server payloads to local DTOs, validate expected fields, and distinguish HTTP, network, and parsing errors. Watch for common pitfalls: untyped fetch responses, silent runtime shape mismatches, and forgetting to normalize server dates or optional fields.','Lesson: Fetch, type, and handle REST API responses with Fetch and Axios\n\n> Note: Live JavaScript editor runs in the browser. Avoid `require`, `process`, and server startup code here.\n\nUseful Resources:\n\n- https://developer.mozilla.org/en-US/docs/Web/API/Fetch_API\n\n- https://axios-http.com/docs/intro\n\n- https://www.typescriptlang.org/docs/handbook/2/everyday-types.html\n\n{{video: https://www.youtube.com/watch?v=t2ypzz6gJm0}}\n\nExample:\n\n```code\ninterface PostDTO {\n  id: number;\n  title: string;\n  body?: string;\n}\n\nasync function fetchPost(id: number): Promise<PostDTO> {\n  const res = await axios.get<PostDTO>(`/posts/${id}`);\n  return res.data;\n}\n\ntry {\n  const post = await fetchPost(1);\n  console.log(post.title);\n} catch (err) {\n  // handle axios error types and shape mismatches\n}\n```\n\nLive Coding Task:\n\nRun the starter code, then complete the TODOs.\n\n{{starter:\n/** * Starter: mock fetch and axios get, map to DTO, handle errors */ /** * @typedef {{ id: number, title: string, body?: string }} PostDTO */ function mockFetch(url) { return Promise.resolve({ ok: true, json: () => Promise.resolve({ id: 1, title: \"Hello World\", body: \"Sample\" }) }); } function mockAxiosGet(url) { return Promise.resolve({ data: { id: 1, title: \"Hello World\", body: \"Sample\" } }); } async function getPostWithFetch(url) { try { const res = await mockFetch(url); if (!res.ok) throw new Error(\'http error\'); const data = await res.json(); // assume PostDTO shape const title = typeof data.title === \'string\' ? data.title : \'untitled\'; return title; } catch (err) { // network or parse error fallback return \'unknown\'; } } async function getPostWithAxios(url) { try { const res = await mockAxiosGet(url); const data = res.data; // axios wraps data const title = typeof data.title === \'string\' ? data.title : \'untitled\'; return title; } catch (err) { // axios or network error fallback return \'unknown\'; } } (async function run() { const title1 = await getPostWithFetch(\'/posts/1\'); const title2 = await getPostWithAxios(\'/posts/1\'); // normalize and log a single canonical message console.log(\'post title \' + title1.toLowerCase()); })();\n}}\n\n{{answer: post title hello world}}','https://www.youtube.com/watch?v=t2ypzz6gJm0',2,15,1,'2026-05-16 17:26:10','2026-05-22 19:32:42',NULL,'javascript'),('2f2e800a-5133-11f1-9abe-6c02e0d26821','2f2cd183-5133-11f1-9abe-6c02e0d26821','Use WebSockets and Server-Sent Events with typed message contracts','code_example',1,'Implement typed WebSocket and Server-Sent Events (SSE) clients that enforce structured message contracts at compile time. Learn how to declare TypeScript interfaces for payloads, parse and runtime-validate incoming JSON, and keep client handlers type-safe. Why: prevents runtime errors and mismatches between server and client. Pitfall: relying solely on compile-time types without lightweight runtime checks leads to uncaught malformed messages in production.','Lesson: Use WebSockets and Server-Sent Events with typed message contracts\n\n> Note: Live JavaScript editor runs in the browser. Avoid `require`, `process`, and server startup code here.\n\nUseful Resources:\n\n- https://developer.mozilla.org/en-US/docs/Web/API/WebSocket\n\n- https://developer.mozilla.org/en-US/docs/Web/API/Server-sent_events\n\n- https://nodejs.org/api/events.html\n\n{{video: https://www.youtube.com/watch?v=vQjiN8Qgs3c}}\n\nExample:\n\n```code\ninterface ChatMessage {\n  type: \'chat\';\n  userId: number;\n  text: string;\n}\n\ntype ServerMessage = ChatMessage | { type: \'presence\'; userId: number; online: boolean };\n\nfunction handleMessage(msg: ServerMessage) {\n  if (msg.type === \'chat\') {\n    // Narrowed to ChatMessage by discriminant\n    console.log(`user ${msg.userId} ${msg.text}`);\n  }\n}\n\n// Example: wire to a WebSocket onmessage\n// ws.onmessage = (ev) => handleMessage(JSON.parse(ev.data) as ServerMessage);\n```\n\nLive Coding Task:\n\nRun the starter code, then complete the TODOs.\n\n{{starter:\n// Simulated typed WebSocket/SSE message handling (browser-safe) // Simple runtime validator for a chat message function isChatMessage(obj) { return obj && obj.type === \'chat\' && typeof obj.userId === \'number\' && typeof obj.text === \'string\'; } // Simulated incoming raw JSON payload from WebSocket/SSE var raw = \'{\"type\":\"chat\",\"userId\":42,\"text\":\"hello\"}\'; // Parse and validate, then handle with type-safe assumptions var parsed = JSON.parse(raw); if (isChatMessage(parsed)) { // compile-time types are not available in JS, so we ensure runtime shape console.log(\'user \' + parsed.userId + \' \' + parsed.text); }\n}}\n\n{{answer: user 42 hello}}','https://www.youtube.com/watch?v=vQjiN8Qgs3c',3,15,1,'2026-05-16 17:26:10','2026-05-22 19:32:42',NULL,'javascript'),('2f2f11ac-5133-11f1-9abe-6c02e0d26821','2f2cd183-5133-11f1-9abe-6c02e0d26821','Implement typed forms, validation, and serialization','code_example',1,'Model form fields with TypeScript types, integrate runtime schema validation, and serialize/deserialize safely for HTTP APIs. This lesson shows defining typed DTOs, running runtime checks before sending, converting string inputs to proper types (numbers/booleans), and producing safe JSON payloads. Why it matters: compile-time types don\'t validate user input. Pitfall: skipping runtime parsing leads to runtime errors and security problems. Includes a short TypeScript example and a runnable JavaScript starter to try validation in the browser.','Lesson: Implement typed forms, validation, and serialization\n\n> Note: Live JavaScript editor runs in the browser. Avoid `require`, `process`, and server startup code here.\n\n{{video: https://www.youtube.com/watch?v=8Z0m7-T0y1g}}\n\nExample:\n\n```code\ntype ContactForm = {\n  name: string;\n  email: string;\n  age?: number;\n  newsletter: boolean;\n};\n\n// Example schema (pseudocode, e.g. zod) and parse step\nconst formSchema = /* z.object({ name: z.string().min(1), email: z.string().email(), age: z.preprocess(Number, z.number().int().positive().optional()), newsletter: z.boolean() }) */ null;\n\nfunction parseAndSerialize(data: FormData): string {\n  const dto: ContactForm = {\n    name: data.get(\'name\') as string,\n    email: data.get(\'email\') as string,\n    age: data.get(\'age\') ? Number(data.get(\'age\')) : undefined,\n    newsletter: data.get(\'newsletter\') === \'on\'\n  };\n\n// run runtime validation with schema here before returning\n  return JSON.stringify(dto);\n}\n```\n\nLive Coding Task:\n\nRun the starter code, then complete the TODOs.\n\n{{starter:\nconst form = { name: \'Alice\', age: \'30\', newsletter: \'on\' }; function validate(form) { // name required and non-empty if (!form.name || typeof form.name !== \'string\') return false; // age must be a numeric string representing a positive integer if (!/^[0-9]+$/.test(form.age)) return false; return true; } function serialize(form) { return JSON.stringify({ name: form.name, age: Number(form.age), newsletter: form.newsletter === \'on\' }); } const valid = validate(form); if (valid) { const payload = serialize(form); // in a real app you\'d fetch to an API here console.log(\'validation passed\'); } else { console.log(\'validation failed\'); }\n}}\n\n{{answer: validation passed}}','https://www.youtube.com/watch?v=8Z0m7-T0y1g',4,15,1,'2026-05-16 17:26:10','2026-05-22 19:32:42',NULL,'javascript'),('2f303811-5133-11f1-9abe-6c02e0d26821','2f2cd183-5133-11f1-9abe-6c02e0d26821','Implement Service Workers, Cache API, and IndexedDB with TypeScript','code_example',1,'Learn to write TypeScript-powered service workers and client caching logic, including typed interactions with the Cache API and IndexedDB. This lesson shows how to register and type service worker lifecycles, implement cache strategies, and create a small typed wrapper around IndexedDB. You\'ll practice pitfalls like versioning caches, asynchronous transaction handling, and type-safety when serializing data to avoid silent runtime errors.','Lesson: Implement Service Workers, Cache API, and IndexedDB with TypeScript\n\n> Note: Live JavaScript editor runs in the browser. Avoid `require`, `process`, and server startup code here.\n\nUseful Resources:\n\n- https://developer.mozilla.org/en-US/docs/Web/API/Service_Worker_API\n\n- https://developer.mozilla.org/en-US/docs/Web/API/Cache\n\n- https://developer.mozilla.org/en-US/docs/Web/API/IndexedDB_API\n\n{{video: https://www.youtube.com/watch?v=ksXwaWHCW6M}}\n\nExample:\n\n```code\n// sw.ts - minimal typed service worker install/activate with Cache API\nconst CACHE_NAME: string = \'app-cache-v1\';\n\nself.addEventListener(\'install\', (event: ExtendableEvent) => {\n  event.waitUntil(caches.open(CACHE_NAME));\n});\n\nself.addEventListener(\'activate\', (event: ExtendableEvent) => {\n  event.waitUntil(self.clients.claim());\n});\n\n// typed wrapper for simple IndexedDB put/get\nfunction openDB(name: string, version = 1): Promise<IDBDatabase> {\n  return new Promise((resolve, reject) => {\n    const req = indexedDB.open(name, version);\n    req.onsuccess = () => resolve(req.result);\n    req.onerror = () => reject(req.error);\n  });\n}\n```\n\nLive Coding Task:\n\nRun the starter code, then complete the TODOs.\n\n{{starter:\n// mock client-side script to simulate a service worker activation function simulateServiceWorkerLifecycle() { // final activation log that we assert in the lesson quiz console.log(\"service worker activated\"); } simulateServiceWorkerLifecycle();\n}}\n\n{{answer: service worker activated}}','https://www.youtube.com/watch?v=ksXwaWHCW6M',5,15,1,'2026-05-16 17:26:10','2026-05-22 19:32:42',NULL,'javascript'),('2f30eea9-5133-11f1-9abe-6c02e0d26821','2f30ad4f-5133-11f1-9abe-6c02e0d26821','Design reusable generics, mapped, and conditional types for UI patterns','code_example',1,'Design reusable generics, mapped, and conditional types to express UI and data-layer abstractions. Learn how to model component props, state transformations, and API shapes with type-safe, reusable utilities. This lesson shows patterns that reduce duplication, enable scalable component libraries, and catch integration errors at compile time. Pitfall: over-generalizing types can make APIs hard to read and cause inference to degrade ظـزظــظ¤ش┬ظ¤ش╪ش prefer constrained generics and clear mapped keys.','Lesson: Design reusable generics, mapped, and conditional types for UI patterns\n\n> Note: Live JavaScript editor runs in the browser. Avoid `require`, `process`, and server startup code here.\n\nUseful Resources:\n\n- https://developer.mozilla.org/en-US/docs/Web/JavaScript/Reference/Global_Objects/Object\n\n{{video: https://www.youtube.com/watch?v=ahCwqrYpIuM}}\n\nExample:\n\n```code\ntype ComponentNames = \'button\' | \'input\' | \'card\';\n\n// generic prop wrapper for any component shape\ntype WithProps<T> = {\n  [K in keyof T]: { props: T[K] }\n};\n\n// mapped type turning all fields optional for edit forms\ntype PartialFields<T> = {\n  [K in keyof T]?: T[K]\n};\n\n// conditional type: if field is array return array item, else keep type\ntype UnwrapArray<T> = T extends (infer U)[] ? U : T;\n\n// Usage examples\ntype UIRegistry = WithProps<Record<ComponentNames, {}>>;\ntype EditableState = PartialFields<{ title: string; tags: string[] }>;\ntype TagItem = UnwrapArray<EditableState[\'tags\']>; // string\n```\n\nLive Coding Task:\n\nRun the starter code, then complete the TODOs.\n\n{{starter:\n// list of UI component keys to map at runtime const components = [\"button\", \"input\", \"card\"]; // simple runtime mapping utility that creates a props bag function mapToProps(list) { return list.map(name => ({ name, props: {} })); } const mapped = mapToProps(components); // runtime signal used for the lesson\'s quick live check console.log(\"generics ready\");\n}}\n\n{{answer: generics ready}}','https://www.youtube.com/watch?v=ahCwqrYpIuM',1,15,1,'2026-05-16 17:26:10','2026-05-22 19:32:47',NULL,'javascript'),('2f332530-5133-11f1-9abe-6c02e0d26821','2f30ad4f-5133-11f1-9abe-6c02e0d26821','Apply type guards, branded types, and runtime validation for safety','code_example',1,'Learn to combine TypeScript user-defined type guards, branded types, and runtime validators to ensure safety across compile-time and runtime. This lesson explains why type guards clarify narrow types, branded types prevent accidental mixing of identifiers, and runtime validation handles untrusted input. Youظـزظــظ¤ش┬ظـز╪زll see a practical pattern and a common pitfall: relying on compile-time types without runtime checks, which leaves apps vulnerable to malformed data.','Lesson: Apply type guards, branded types, and runtime validation for safety\n\n> Note: Live JavaScript editor runs in the browser. Avoid `require`, `process`, and server startup code here.\n\nUseful Resources:\n\n- https://developer.mozilla.org/en-US/docs/Web/JavaScript/Reference/Global_Objects/Symbol\n\n- https://nodejs.org/api/assert.html\n\nExample:\n\n```code\n// TypeScript: branded id and user-defined type guard\ntype UserId = string & { readonly __brand: unique symbol };\n\nfunction brandUserId(id: string): UserId {\n  return id as UserId;\n}\n\ntype User = { id: UserId; name: string };\n\nfunction isUser(obj: any): obj is User {\n  return obj && typeof obj.name === \'string\' && typeof obj.id === \'string\';\n}\n\n// usage: guard first, then brand for downstream safety\nconst maybe = { id: \'user-1\', name: \'alice\' };\nif (isUser(maybe)) {\n  const id = brandUserId(maybe.id);\n}\n```\n\nLive Coding Task:\n\nRun the starter code, then complete the TODOs.\n\n{{starter:\n// runtime validator: checks shape and id format function isUser(obj) { return obj && typeof obj.id === \'string\' && typeof obj.name === \'string\' && /^[a-z0-9-]+$/.test(obj.id); } // runtime \"brand\" using a symbol to mark a value as a user id const USER_BRAND = Symbol(\'userId\'); function brandId(id) { return { value: id, [USER_BRAND]: true }; } function isBrandedId(v) { return v && v[USER_BRAND] === true; } // test samples const good = { id: \'user-123\', name: \'alice\' }; const bad = { id: 123, name: \'bob\' }; // validate and log if (isUser(good) && isBrandedId(brandId(good.id))) { console.log(\'valid user\'); } else { console.log(\'invalid user\'); } if (isUser(bad)) { console.log(\'valid user\'); } else { console.log(\'invalid user\'); }\n}}\n\n{{answer: valid user invalid user}}',NULL,2,15,1,'2026-05-16 17:26:10','2026-05-22 19:32:47',NULL,'javascript'),('2f3397c4-5133-11f1-9abe-6c02e0d26821','2f30ad4f-5133-11f1-9abe-6c02e0d26821','Write unit and integration tests for TypeScript web apps with Jest and testing-library','code_example',1,'Write type-aware unit and integration tests for TypeScript web apps using Jest and testing-library. This lesson shows how to test functions, DOM interactions, and components with type safety, why tests catch regressions early and enforce contracts, and how to avoid common pitfalls like brittle selectors, async timing issues, and over-mocking. Includes a runnable starter that simulates test assertions and a Jest/testing-library example for migrating to a real test suite.','Lesson: Write unit and integration tests for TypeScript web apps with Jest and testing-library\n\n> Note: Live JavaScript editor runs in the browser. Avoid `require`, `process`, and server startup code here.\n\nUseful Resources:\n\n- https://developer.mozilla.org/en-US/docs/Web/API/Document/createElement\n\n- https://developer.mozilla.org/en-US/docs/Web/API/Event\n\n{{video: https://www.youtube.com/watch?v=7r4xVDI2vho}}\n\nExample:\n\n```code\n// Example TypeScript + Jest + testing-library test (conceptual)\nimport { render, fireEvent } from \'@testing-library/react\';\nimport React from \'react\';\nimport Counter from \'./Counter\';\n\ntest(\'counter increments when button is clicked\', () => {\n  const { getByRole, getByText } = render(<Counter />);\n  const button = getByRole(\'button\', { name: /increment/i });\n  fireEvent.click(button);\n  expect(getByText(\'1\')).toBeInTheDocument();\n});\n```\n\nLive Coding Task:\n\nRun the starter code, then complete the TODOs.\n\n{{starter:\n// simple unit function function add(a, b) { return a + b; } // tiny DOM \"component\" factory that can be integration-tested function createCounter() { const container = document.createElement(\'div\'); const btn = document.createElement(\'button\'); const span = document.createElement(\'span\'); let count = 0; span.textContent = \'0\'; btn.addEventListener(\'click\', function() { count += 1; span.textContent = String(count); }); container.appendChild(btn); container.appendChild(span); return { container, btn, span }; } // minimal assertion helper to simulate test runner behavior function assertEqual(actual, expected, message) { if (actual !== expected) { throw new Error(message || `expected ${expected} but got ${actual}`); } } // run a couple of tests and report a concise result try { // unit test: pure function assertEqual(add(2, 3), 5, \'add should sum numbers\'); // integration-style test: DOM interaction const { btn, span } = createCounter(); btn.click(); btn.click(); assertEqual(span.textContent, \'2\', \'counter should increment twice\'); console.log(\'tests passed\'); } catch (e) { console.log(\'tests failed\'); }\n}}\n\n{{answer: tests passed}}','https://www.youtube.com/watch?v=7r4xVDI2vho',3,15,1,'2026-05-16 17:26:10','2026-05-22 19:32:47',NULL,'javascript'),('2f340732-5133-11f1-9abe-6c02e0d26821','2f30ad4f-5133-11f1-9abe-6c02e0d26821','Optimize bundle size and performance with tree-shaking and code splitting','code_example',1,'Show how to configure TypeScript-aware bundlers and structure imports so unused code is removed (tree-shaking) and large features are loaded on demand (code splitting). Learn practical import patterns, bundler flags, and runtime dynamic import strategies to reduce initial payloads and improve perceived performance. Watch for pitfalls: non-pure side-effects, default-export misuse, and improper module formats that prevent tree-shaking.','Lesson: Optimize bundle size and performance with tree-shaking and code splitting\n\n> Note: Live JavaScript editor runs in the browser. Avoid `require`, `process`, and server startup code here.\n\nUseful Resources:\n\n- https://developer.mozilla.org/en-US/docs/Web/JavaScript/Reference/Statements/import#dynamic_imports\n\n{{video: https://www.youtube.com/watch?v=8kNnU7bYw6I}}\n\nExample:\n\n```code\n// math.ts - prefer named exports so bundlers can tree-shake\nexport function add(a: number, b: number) {\n  return a + b;\n}\n\nexport function heavyCompute() {\n  // large implementation kept in its own module\n  return Array.from({ length: 1e6 }).reduce((s, _, i) => s + i, 0);\n}\n\n// main.ts - keep hot paths small, dynamically import heavy work\nimport { add } from \'./math\';\nconsole.log(add(2, 3));\n\nasync function onDemandCompute() {\n  const { heavyCompute } = await import(\'./math\');\n  console.log(heavyCompute());\n}\n```\n\nLive Coding Task:\n\nRun the starter code, then complete the TODOs.\n\n{{starter:\n// simulate app initialization console.log(\'app initialized\'); // a small, always-included feature function lightFeature() { console.log(\'light feature executed\'); } // simulate a lazily-loaded heavy feature represented as a code string function loadHeavyFeature() { const code = ` function heavyFeature() { console.log(\'heavy feature executed\'); } heavyFeature(); `; // evaluate only when needed to simulate a code-split bundle new Function(code)(); } // only use the light feature during normal startup lightFeature(); // heavy feature is available but not invoked unless explicitly requested // Uncomment to simulate user-driven dynamic load // loadHeavyFeature();\n}}\n\n{{answer: app initialized light feature executed}}','https://www.youtube.com/watch?v=8kNnU7bYw6I',4,15,1,'2026-05-16 17:26:10','2026-05-22 19:32:47',NULL,'javascript'),('2f346f1d-5133-11f1-9abe-6c02e0d26821','2f30ad4f-5133-11f1-9abe-6c02e0d26821','Migrate an existing JavaScript web app to TypeScript incrementally and deploy','code_example',1,'Plan and execute a staged migration from JavaScript to TypeScript for an existing web app. Learn how to introduce typings gradually, adapt bundlers and tsconfig, update CI pipelines, and modify deployment steps while minimizing risk. Why: incremental migration preserves delivery cadence and reduces regressions. Pitfall: misconfigured tsconfig or CI that enforces full conversion too early ظـزظــظ¤ش┬ظ¤ش╪ش use loosened strict settings and incremental checks to stay deployable.','Lesson: Migrate an existing JavaScript web app to TypeScript incrementally and deploy\n\n> Note: Live JavaScript editor runs in the browser. Avoid `require`, `process`, and server startup code here.\n\nUseful Resources:\n\n- https://developer.mozilla.org/en-US/docs/Glossary/JSDoc\n\n- https://expressjs.com/en/guide/deployment.html\n\nExample:\n\n```code\n// example incremental change: add lightweight JSDoc types before renaming to .ts\n/**\n * Add a JSDoc annotation to help the TS compiler during gradual migration\n * @param {number} x\n * @param {number} y\n * @returns {number}\n */\nfunction add(x, y) {\n  return x + y\n}\n\nconsole.log(add(2, 3))\n```\n\nLive Coding Task:\n\nRun the starter code, then complete the TODOs.\n\n{{starter:\n// migration sentinel: represents an initial check used before converting files function getMigrationStatus() { return \'migration ready start incremental conversion\' } // entry point when running in the browser console console.log(getMigrationStatus())\n}}\n\n{{answer: migration ready start incremental conversion}}',NULL,5,15,1,'2026-05-16 17:26:10','2026-05-22 19:32:47',NULL,'javascript'),('3c08ccfe-5478-11f1-9abe-6c02e0d26821','3c059e4e-5478-11f1-9abe-6c02e0d26821','What C Is and How C Programs Execute','mixed',1,'Explain what the C language is, why C is used, and how a C program moves from source code to a running process. Cover the roles of **source**, **compilation**, **linking**, and the **main** function. Explain practical relevance and a common pitfall (confusing compilation and linking) with a short fix.','## What is the C language and execution model \n**C** is a general-purpose, compiled systems programming language that provides low-level access to memory while remaining portable across platforms. \nA C program begins as **source code** (human-readable .c files) which must be translated into machine code before the operating system can run it. \n## Why it matters Understanding the build stages helps you diagnose errors, control performance, and manage dependencies. \nKnowing the role of **main** clarifies where program execution begins and how return values communicate status to the operating system. Confusing stages (edit ╪╕┬┘ْ compile ╪╕┬┘ْ link ╪╕┬┘ْ run) is a frequent source of frustration for beginners. \n## How it works \n### 1. Source: \nYou write one or more `.c` files that include declarations, definitions, and the `main` function; header files (`.h`) provide interfaces. \n### 2. Preprocessing: \nThe preprocessor (driven by `#include`, `#define`, and conditional macros) produces a translation unit where macros and includes are expanded. \n### 3. Compilation: \nThe compiler converts each translation unit into assembly code; this stage reports syntax and type errors. \n### 4. Assembly: \nAn assembler converts assembly into object files (`.o`) containing machine code and symbolic references for unresolved functions or data. \n### 5. Linking: \nThe linker combines object files and libraries to resolve references and produce an executable binary. Linking errors occur when references (like an undefined function) aren╪╕┬╪تt provided. \n### 6. Execution: The OS loader places the binary into memory and transfers control to the program\'s entry point, which in hosted C is ultimately connected to your `main` function. \n\nA minimal C example shows `main` as the start point and returning status to the OS. \n```c #include <stdio.h> \nint main(void) { \nprintf(\"Hello from C!\\n\"); \nreturn 0; \n} ``` \n## Common mistakes \n- Confusing compilation and linking: compiling `.c` to `.o` is separate from linking `.o` into an executable; fix by running the linker (e.g., `gcc file1.o file2.o -o prog`). \n- Forgetting `return` from `main`: some environments expect an integer exit status; include `return 0;` or use `int main(void)`. \n- Missing `#include` for library functions: using `printf` without including `<stdio.h>` can produce warnings or errors; always include the proper header. \n## Summary \n- **C** is a compiled systems language used for performance and control. \n- Build stages: **preprocess ╪╕┬┘ْ compile ╪╕┬┘ْ assemble ╪╕┬┘ْ link ╪╕┬┘ْ run**.\n - **main** is where program execution begins and returns an exit status. \n- Common fixes: run the correct build stage, include headers, and return an appropriate status from `main`.\n\nUseful Resources:\n\n- https://gcc.gnu.org/onlinedocs/gcc-12.1.0/gcc/Invoking-GCC.html\n\n{{video: https://www.youtube.com/watch?v=KJgsSFOSQv0}}\n\nExample:\n\n```#include <stdio.h>\n\nint main(void) {\n    printf(\"Hello, C world!\\n\");\n    return 0;\n}\n```\n\nLive Coding Task:\n\nRun the starter code, then complete the TODOs.\n\n{{starter:\n#include <stdio.h> int add(int a, int b) {\n\nreturn a + b;\n\n}\n\nint main(void) {\n\nprintf(\"%d\\n\", add(2, 3));\n\nreturn 0;\n\n}\n}}\n\n{{answer: 5}}','https://www.youtube.com/watch?v=KJgsSFOSQv0',1,12,1,'2026-05-20 21:18:00','2026-05-20 23:16:59',NULL,'c'),('3c186597-5478-11f1-9abe-6c02e0d26821','3c059e4e-5478-11f1-9abe-6c02e0d26821','Set Up a C Development Environment','mixed',1,'Install and configure a C compiler and editor, verify the toolchain by compiling a minimal C program, and learn basic build commands. This lesson shows what components you need (compiler, editor, and command-line build), why verification matters for debugging and development, and a common pitfall: missing headers or wrong file extensions that stop compilation.','## What is a C development environment \nA C development environment is the set of tools you use to write, compile, and run C programs: a **C compiler** (like GCC or clang), a **text editor** or IDE, and basic build commands to turn source files into executables. \n## Why it matters Without a correctly configured toolchain you cannot compile or run programs, making learning and debugging impossible. \nVerifying the setup early prevents wasted time from tool misconfiguration and platform-specific issues. \n## How it works \n### 1. Install a compiler (GCC/clang) for your OS. \n### 2. Choose an editor (simple text editor or an IDE such as Visual Studio Code). \n### 3. Create a minimal program file with a `.c` extension. \n### 4. Compile using `gcc -o program program.c` (or equivalent) to produce an executable. \n### 5. Run the executable to verify output. This lesson guides you through creating a one-function program that prints a short message, compiling it with GCC, and running it to confirm the environment works. \n\n## Common mistakes \n- Missing header: forgetting `#include <stdio.h>` causes `printf` to be undefined; always include necessary headers. \n- Wrong file extension: saving as `.txt` prevents `gcc` from treating it as C source; use `.c`. \n- Typo in compile command: incorrect file name or missing `-o` makes the build fail; re-check filenames and flags. \n## Summary \n- Install a **C compiler** and an **editor**. \n- Save code in a `.c` file and include required headers. \n- Use `gcc -o program program.c` to compile and `./program` (or `program.exe`) to run. \n- Verify by printing a simple message from `main`.\n\nUseful Resources:\n\n- https://gcc.gnu.org/install/\n\n- https://en.cppreference.com/w/c/io/fprintf\n\n{{video: https://www.youtube.com/watch?v=ZSPZob_1TOk}}\n\nExample:\n\n```#include <stdio.h>\n\nint main(void)\n{\n    printf(\"Compiled and running\\n\");\n    return 0;\n}\n```\n\nLive Coding Task:\n\nRun the starter code, then complete the TODOs.\n\n{{starter:\n#include <stdio.h> \nint main(void) {\n\nint score = 75;\n\nif (score >= 60) {\n\nprintf(\"pass\\n\");\n\n}\n\nelse {\n\nprintf(\"fail\\n\");\n}\n\nreturn 0;\n\n}\n}}\n\n{{answer: pass}}','https://www.youtube.com/watch?v=ZSPZob_1TOk',2,15,1,'2026-05-20 21:18:00','2026-05-20 21:36:44',NULL,'c'),('3c1aa324-5478-11f1-9abe-6c02e0d26821','3c059e4e-5478-11f1-9abe-6c02e0d26821','Write and Run Your First C Program','mixed',1,'Learn how to write, compile, and run a minimal C program using `main(int argc, char *argv[])`, print text, and accept simple user-supplied input via command-line arguments. This lesson shows the basic workflow, why `argc/argv` matter, and a common pitfall: assuming arguments always exist (leading to undefined behavior). You╪╕┬╪تll get a small, safe example you can compile and run immediately.','## What is a simple C program with main(int argc, char *argv[]) \nA simple C program is a small, complete source file that compiles into an executable. The entry point is the **main** function. The signature `main(int argc, char *argv[])` provides **argc** (argument count) and **argv** (argument values) so the program can read command-line input such as a user name or options. \n## Why it matters Running a program and accepting small inputs is the core feedback loop when learning C: write code, compile, run, inspect output. \nUnderstanding `argc/argv` lets you make programs that behave differently based on user-provided text, which is essential for tools, scripts, and many learning exercises. \n## How it works \n### 1. Write a C source file with `#include <stdio.h>` and a `main` function. \n### 2. Inside `main`, check `argc` before accessing `argv` to avoid out-of-bounds access. \n### 3. Use `printf` to print text to standard output; include `\\n` for newlines. \n### 4. Compile with a C compiler (e.g., `gcc file.c -o program`). \n### 5. Run the program directly (`./program`) or with an argument (`./program Alice`). \nExample flow in this lesson╪╕┬╪تs starter program: \n- If the user provides a name as the first argument, the program prints `Hello, <name>!`. \n- If no argument is given, it prints the classic `Hello, World!` fallback. \n## Common mistakes \n- Accessing `argv[1]` without checking `argc > 1` (fix: always check `argc` first). \n- Forgetting the trailing `\\n` in `printf`, which may make shells buffer output strangely (fix: add `\\n` for visible newline). \n- Relying on `argv[0]` for a stable program name; its value varies by environment (fix: avoid critical logic depending on `argv[0]`). \n## Summary \n- **main(argc, argv)** lets your program accept command-line text. \n- Always check **argc** before using **argv** to avoid undefined behavior. \n- Use `printf` with `\\n` for predictable output. \n- Compile with `gcc` and run with or without arguments to see different results. \n``` /* Small example shown in the lesson */ \n#include <stdio.h> \nint main(int argc, char *argv[]) { \nif (argc > 1) { \nprintf(\"Hello, %s!\\n\", argv[1]);\n } else {\n printf(\"Hello, World!\\n\");\n }\n return 0; \n} ```\n\nUseful Resources:\n\n- https://en.cppreference.com/w/c/program/main\n\n- https://www.gnu.org/software/libc/manual/html_node/Arguments-to-the-main-Function.html\n\nExample:\n\n```#include <stdio.h>\n\nint main(int argc, char *argv[])\n{\n    /* Print first argument if provided */\n    if (argc > 1)\n    {\n        printf(\"Hello, %s!\\n\", argv[1]);\n    }\n    else\n    {\n        printf(\"Hello, World!\\n\");\n    }\n\nreturn 0;\n}\n```\n\nLive Coding Task:\n\nRun the starter code, then complete the TODOs.\n\n{{starter:\n#include <stdio.h> \nint main(void) {\n\nprintf(\"hello\\n\");\n\nreturn 0;\n\n}\n}}\n\n{{answer: hello}}',NULL,3,15,1,'2026-05-20 21:18:00','2026-05-20 23:18:54',NULL,'c'),('3c1ce64e-5478-11f1-9abe-6c02e0d26821','3c059e4e-5478-11f1-9abe-6c02e0d26821','Debug Compilation Errors and Warnings','mixed',1,'Learn to read compiler errors and warnings, iterate quick edit-compile-debug cycles, and resolve common issues such as missing semicolons, incorrect `printf` format specifiers, and unused variables. This lesson teaches how to interpret compiler output, prioritize fixes, and verify corrections with a small C example. Pitfall: fixing one error can reveal others╪╕┬┬جcompile often and address diagnostics in order.','## What is a compiler error or warning \nA **compiler error** is a diagnostic the compiler emits when it finds code it cannot translate to machine instructions (syntax problems, type mismatches). A **warning** is a lower-severity diagnostic that indicates suspicious code which still compiles but may behave incorrectly or port poorly. Both include a file name, line number, and a message that points to the problem.\n ## Why it matters Understanding diagnostics speeds development: \ninstead of guessing, you read the compiler\'s message, change the smallest broken piece, and recompile. That iterative cycle reduces time spent on obscure runtime bugs. Warnings often point to undefined behavior or portability issues that become bugs later. \n## How it works\n ### 1. Compile with a modern compiler and common flags (e.g., `gcc -Wall -Wextra`). \n### 2. Read the first diagnostic: the compiler typically reports the earliest error; later messages may depend on the first\n### 3. Fix the single issue, then recompile. Many fixes remove cascading errors. \n### 4. Treat warnings as actionable: fix obvious ones or temporarily silence a known safe case with minimal scope. \n\nExample edit-compile-debug cycle: \n- Compile: read file:line and message. \n- Edit that line to correct syntax or format specifier. \n- Recompile until no errors; then resolve warnings. \n## Common mistakes \n- Missing semicolon: compiler shows a syntax error near the previous or next token; fix by adding the semicolon on the indicated line. \n- Wrong `printf` specifier: using `%f` for an `int` may compile with a warning or undefined output; use a matching specifier like `%d`. \n- Unused variables: compiler warns about unused locals; remove the variable or use it meaningfully to silence the warning. Fix tip: compile after each change; one fix often clears several messages. \n## Summary \n- Read the compiler message first; it gives file, line, and a short description. \n- Fix the earliest error, then recompile; repeat until clean. \n- Treat warnings as important signals; correct format mismatches and unused code. \n- Use `-Wall -Wextra` during development to catch issues early.\n\nUseful Resources:\n\n- https://gcc.gnu.org/onlinedocs/gcc/Diagnostic-Messages.html\n\n- https://en.cppreference.com/w/c/language/diagnostics\n\nExample:\n\n```#include <stdio.h>\n\nint main(void) {\n    int x = 10\n    printf(\"Value: %d\\n\", x); // missing semicolon above\n\nint unused; // compiler will warn about unused variable\n\nprintf(\"Percent: %f\\n\", 50); // wrong format: %f expects double, not int\n\nreturn 0;\n}\n```\n\nLive Coding Task:\n\nRun the starter code, then complete the TODOs.\n\n{{starter:\n#include <stdio.h> \nint main(void) {\n\nint total = 2 + 4 + 6;\n\nprintf(\"%d\\n\", total);\n\nreturn 0;\n\n}\n}}\n\n{{answer: 12}}',NULL,4,15,1,'2026-05-20 21:18:00','2026-05-20 23:23:52',NULL,'c'),('3c1fab94-5478-11f1-9abe-6c02e0d26821','3c1f5e4a-5478-11f1-9abe-6c02e0d26821','Explain C Data Types and Variables','mixed',1,'Learn C built-in types, literals, declarations, initializations, and basic scope and storage duration rules. This lesson explains why choosing the right type matters for correctness and memory use, shows common literal forms and initialization patterns, and highlights the common pitfall of using uninitialized or incorrectly scoped variables that cause undefined behavior or surprising results.','## What is C data types and variables \nC **data types** define the kind of values a variable can hold (for example `int`, `double`, `char`, `size_t`), while a **variable** is a named storage location with a type. A **literal** is a fixed value written in source code (e.g., `42`, `3.14`, `\'A\'`). Declarations introduce a name and type; initialization gives it an initial value. \n## Why it matters Choosing the right type prevents incorrect calculations, excessive memory use, and platform-dependent bugs. \nCorrect initialization and understanding of **scope** (where a variable is visible) and **storage duration** (how long it exists: automatic, static, or static-duration global) avoid undefined behavior and make program flow predictable. \n## How it works \n1. Declaration and initialization: `int x = 5;` declares `x` as an `int` and initializes it to `5`. \n2. Literals: integers are written like `10`, floats like `3.14`, chars like `\'A\'`. \n3. Scope: variables declared inside a function are local (block scope); globals declared outside any function are visible across functions. \n4. Storage duration: - Automatic (local) variables are created on function entry and destroyed on return. - `static` local variables persist between calls and keep their value. - Global variables have static storage duration and persist for the program\'s life. \n\nExample behavior: a local automatic counter resets each call, a `static` local counter increments across calls, and a global counter also accumulates across calls. \n## Common mistakes \n- Using uninitialized variables: reading them causes undefined behavior; always initialize variables before use. \n- Confusing scope: declaring a variable inside a block hides a global of the same name; avoid shadowing. \n- Expecting `static` locals to be thread-safe or temporary: `static` persists for program life and must be used deliberately. \n## Summary \n- **Types** constrain values and operations (`int`, `double`, `char`, `size_t`). \n- **Initialization** prevents undefined behavior╪╕┬┬جalways initialize before use. \n- **Scope** controls visibility; **storage duration** controls lifetime. \n- Use `static` and `global` when persistence across calls is required, and prefer local variables when possible. \n```c /* Short example: declarations and initialization */ \nint x = 0; \ndouble y = 2.50; \nchar c = \'Z\'; \nconst int max = 100; \n/* Print values (introduced earlier: printf) */ \nprintf(\"x=%d y=%.2f c=%c max=%d\\n\", x, y, c, max); ```\n\nUseful Resources:\n\n- https://en.cppreference.com/w/c/language/types\n\nExample:\n\n```int a = 5;\ndouble pi = 3.14;\nchar letter = \'A\';\nconst int MAX = 10;\n\nprintf(\"a=%d pi=%.2f letter=%c MAX=%d\\n\", a, pi, letter, MAX);\n```\n\nLive Coding Task:\n\nRun the starter code, then complete the TODOs.\n\n{{starter:\n#include <stdio.h> \nint main(void) {\n\nint sum = 0;\n\nfor (int i = 1;\n\ni <= 3;\n\ni++) {\n\nsum += i;\n\n}\n\nprintf(\"%d\\n\", sum);\n\nreturn 0;\n\n}\n}}\n\n{{answer: 6}}',NULL,1,12,1,'2026-05-20 21:18:00','2026-05-20 23:27:59',NULL,'c'),('3c2152c6-5478-11f1-9abe-6c02e0d26821','3c1f5e4a-5478-11f1-9abe-6c02e0d26821','Use Operators and Expressions in C','mixed',1,'Learn how to apply C╪╕┬╪تs arithmetic, relational, logical, and bitwise operators to compute and update values; understand operator precedence and common pitfalls like integer division and unintended type promotion. This lesson shows practical examples, explains evaluation order, and highlights mistakes that cause wrong results or warnings, so you can write correct expressions and avoid surprising behaviors in real programs.','## What is operators and expressions \nOperators are the symbols that perform actions on values (operands). An **expression** combines variables, literals, and operators to produce a value. \nIn C, operators include **arithmetic** (`+`, `-`, `*`, `/`, `%`), **relational** (`==`, `!=`, `>`, `<`, `>=`, `<=`), **logical** (`&&`, `||`, `!`), and **bitwise** (`&`, `|`, `^`, `<<`, `>>`). Expressions evaluate according to **operator precedence** and associativity. \n\n## Why it matters Operators \nlet you compute results, test conditions, and manipulate bits╪╕┬┬جfundamental tasks in every C program. Mistakes such as assuming floating-point division for integers or mixing signed and unsigned types lead to incorrect outputs or warnings. Understanding operator precedence prevents subtle bugs when multiple operators appear in one expression. \n## How it works \n1. Evaluate operands, applying implicit conversions if needed (e.g., `int` to `double` when mixed). \n2. Apply operators according to precedence (multiplicative before additive, relational after arithmetic, logical last). \n3. For relational and logical operators, C yields `0` for false and `1` for true. \n4. Bitwise operators operate on integer bit patterns; shifts move bits left or right. Example flow: `result = (a + b) / c;` first computes `a + b`, then divides by `c`. Parentheses override default precedence. \n## Common mistakes \n- Integer division assumption: `9 / 4` yields `2`, not `2.25`; use `double` for fractional results (fix: cast or use `double`). \n- Unexpected precedence: `a + b << 1` may shift unexpectedly (fix: add parentheses like `(a + b) << 1`). \n- Mixing signed/unsigned types or small integer promotions can change bitwise results (fix: ensure types match and consider casting explicitly). \n\n## Summary \n- Operators compute values and must respect **precedence** and **associativity**. \n- `int` division truncates; use `double` for fractional math. \n- Relational/logical operators return `0` or `1`, not `true/false`. \n- Bitwise ops act on binary representations╪╕┬┬جuse them deliberately and test results. Below is a concise example and a runnable starter program to explore outputs.\n\nUseful Resources:\n\n- https://en.cppreference.com/w/c/language/operator_arithmetic\n\n{{video: https://www.youtube.com/watch?v=l8WPWK9mS5M}}\n\nExample:\n\n```#include <stdio.h>\n\nint main(void) {\n    int x = 5;\n    int y = 2;\n\nprintf(\"x / y = %d\\n\", x / y);\n    printf(\"x %% y = %d\\n\", x % y);\n\nreturn 0;\n}\n```\n\nLive Coding Task:\n\nRun the starter code, then complete the TODOs.\n\n{{starter:\n#include <stdio.h> \nint main(void) {\n\nint a = 4;\n\nint b = 3;\n\nprintf(\"%d\\n\", a + b);\n\nreturn 0;\n\n}\n}}\n\n{{answer: 7}}','https://www.youtube.com/watch?v=l8WPWK9mS5M',2,15,1,'2026-05-20 21:18:00','2026-05-20 23:47:18',NULL,'c'),('3c2289ef-5478-11f1-9abe-6c02e0d26821','3c1f5e4a-5478-11f1-9abe-6c02e0d26821','Implement Control Flow with if, switch, and Loops','text',1,'Learn how to write conditional and iterative C code using `if/else`, `switch`, `for`, `while`, and `do/while` to control program flow. This lesson shows practical examples, explains why each construct matters, and highlights common pitfalls like off-by-one errors and incorrect fall-through in `switch` statements. By the end you\'ll write clear, predictable control flow and avoid typical beginner mistakes.','## What is control flow in C \nControl flow determines which statements execute and how often in a C program. The main constructs are **conditional statements** (`if`, `else`, `switch`) that choose a path, and **loops** (`for`, `while`, `do/while`) that repeat actions. Together they let your program make decisions and process data repeatedly. \n## Why it matters \nControl flow is essential for real-world programs: it handles input validation, branches logic based on conditions, iterates over arrays or ranges, and implements state machines. Correct use of these constructs leads to readable, maintainable, and bug-resistant code. \n## How it works \n- `if/else`: Evaluate a boolean expression; run the `if` block when true, otherwise run `else` (optional). Use `else if` for multiple disjoint branches. \n- `switch`: Compare an integral value against `case` labels; `break` prevents fall-through. Use `default` as a fallback. \n- `for`: Best for counted loops with initialization, condition, and increment in one line. \n- `while`: Repeat while a condition remains true; test before each iteration. \n- `do/while`: Execute the body at least once and test afterward. Step-by-step: write a clear condition, ensure loop termination, and prefer explicit `break`/`continue` only when they make the logic simpler. \n## Common mistakes \n- Off-by-one errors: loops that iterate one time too many or too few; fix by checking loop bounds and using `<=` vs `<` intentionally. \n- Missing `break` in `switch`: leads to unintended fall-through; add `break` after each `case` unless fall-through is desired.\n - Infinite loops: ensure loop variables change toward the terminating condition; test with small ranges. \n## Summary \n- Use `if/else` for conditional branching and `switch` for multi-way selection. \n- Use `for` for counted loops, `while` for condition-driven loops, and `do/while` when the body must run once. \n- Always verify loop bounds and add `break` in `switch` cases to avoid fall-through. \n- Test small cases to catch off-by-one and infinite loop mistakes early. \n\nExample code and the live editor exercise illustrate these constructs together so you can trace program output step by step.\n\nUseful Resources:\n\n- https://en.cppreference.com/w/c/language/if\n\n\n\n\nLive Coding Task:\n\nRun the starter code, then complete the TODOs.\n\n{{starter:\n#include <stdio.h> \nint main(void) {\n\nint x = 2;\nif (x % 2 == 0)\n{\n    printf(\"%d is even\\n\", x);\n}\nelse\n{\n    printf(\"%d is odd\\n\", x);\n}\n\nfor (int i = 0; i < 2; i++)\n{\n    printf(\"loop %d\\n\", i);\n}\n}\n}}\n\n{{answer: 2 is even\nloop 0\nloop 1}}','https://www.youtube.com/watch?v=Z6HIOj2xg9E',3,15,1,'2026-05-20 21:18:00','2026-05-20 23:51:20',NULL,'c'),('3c245e0a-5478-11f1-9abe-6c02e0d26821','3c1f5e4a-5478-11f1-9abe-6c02e0d26821','Detect and Fix Common Runtime Logic Errors','text',1,'Learn to identify and fix common runtime logic errors such as off-by-one loops and incorrect condition evaluations in C. This lesson explains why these mistakes cause wrong outputs or missed iterations, demonstrates a corrected example, and highlights debugging checks to find and prevent such issues. Watch for boundary conditions, comparison operators, and loop index types to avoid subtle, runtime-only bugs.','## What is runtime logic errors \nA **runtime logic error** occurs when a program compiles but its behavior is incorrect due to wrong use of operators, loop boundaries, or conditions. These errors do not stop compilation but lead to incorrect outputs, infinite loops, or skipped processing at run time. \n## Why it matters \nIn real programs, a single misplaced comparison or off-by-one in a loop can silently corrupt results, skip data, or cause security issues. Catching these early prevents incorrect calculations and preserves user trust and program correctness. \n## How it works \n1. Identify the symptom: wrong totals, missing items, or unexpected counts. \n2. Inspect loop boundaries and comparisons: loops that iterate over arrays should normally use `i < len`, not `i <= len`. \n3. Check operator precedence and boolean expressions: ensure `&&` and `||` combine conditions as intended and parentheses clarify intent. \n4. Verify variable types: use `size_t` for sizes and indexes to avoid signed/unsigned surprises. \n\nExample flow: determine the expected iterations, compute `len` with `sizeof`, confirm the loop uses `< len`, and only increment counters inside the intended conditional branch. \n## Common mistakes \n- Off-by-one in loops: using `<=` instead of `<` will read past the last element and can produce wrong results; fix by using `i < len` and computing `len` correctly. \n- Wrong conditional order or forgetting parentheses: combined conditions like `a > 0 && b < 5` might need parentheses when mixed with other operators; rewrite or add parentheses to be explicit. \n- Using signed index with unsigned length: comparing signed `int` index to `size_t` length can cause unexpected behavior; use `size_t` for indexes.\n\n ## Summary \n- Always compute array length with `sizeof(array) / sizeof(array[0])`. \n- Use `i < len` for iteration to avoid off-by-one errors. \n- Prefer `size_t` for sizes and indexes and print it with `%zu`. \n- Inspect conditional expressions and add parentheses for clarity. \n\nExample of a corrected loop is provided in the lesson code to demonstrate these fixes.\n\nUseful Resources:\n\n- https://en.cppreference.com/w/c/language/for\n\n- https://www.gnu.org/software/gdb/\n\n\n\nLive Coding Task:\n\nRun the starter code, then complete the TODOs.\n\n{{starter:\n#include <stdio.h>\n#include <stddef.h>\n\n/* Corrected off-by-one example */\nint main(void) {\n    int a[] = {10, 20, 30};\n    size_t n = sizeof(a) / sizeof(a[0]);\n    size_t i = 0;\n\nfor (i = 0; i < n; i++) {\n        printf(\"%d\\n\", a[i]);\n    }\n\nreturn 0;\n}\n}}\n\n{{answer: 10\n20\n30}}',NULL,4,15,1,'2026-05-20 21:18:00','2026-05-20 23:56:38',NULL,'c'),('3c292913-5478-11f1-9abe-6c02e0d26821','3c28c53d-5478-11f1-9abe-6c02e0d26821','Define and Use Functions and Header Files','mixed',1,'Learn how to write reusable C functions, declare prototypes, and organize code into header and source files to build modular programs. This lesson covers why prototypes and header guards matter and shows a simple, compilable example. Common pitfalls include missing prototypes (compiler warnings) and duplicate definitions when headers lack include guards.','## What is a function and header file \nA **function** is a named block of code that performs a specific task and can be called from other parts of a program. A **header file** (a file with `.h` extension) contains function prototypes, type definitions, and macro guards so multiple source files can share declarations without duplicating implementations. \n## Why it matters \nModular code improves readability and reuse: you can test functions independently, reuse utilities across programs, and keep `main.c` focused on program flow. Using headers prevents repeating prototypes and helps the compiler check calls for correct argument types. \n## How it works \n1. Create a header file (`math_utils.h`) that contains function prototypes and include guards. \n2. Implement functions in a source file (`math_utils.c`). \n3. In `main.c`, `#include \"math_utils.h\"` so the compiler knows the prototypes before use. \n4. During compilation, compile each `.c` file separately and link them together to form the final executable. Example prototype syntax: \n```int add(int a, int b); \nint multiply(int a, int b); ``` \nThe compiler needs the prototypes before calls in `main` so it can check types; linking needs exactly one implementation of each function. \n## Common mistakes \n- Missing prototypes: placing function definitions after `main` without prototypes can still work if the compiler sees the definition before use, but many compilers warn or error; fix by putting prototypes in a header and including it. \n- No include guards in headers: including the same header multiple times across files can cause duplicate-declaration or multiple-definition errors; fix by adding `#ifndef/#define/#endif` guards. \n- Implementing functions in headers: putting full function definitions in headers can cause linker errors (multiple definitions) when headers are included by more than one `.c` file; instead put definitions in `.c` files and prototypes in `.h` files. \n\n## Summary \n- **Declare prototypes** in headers and include them where needed. \n- **Implement functions** in `.c` files, keeping one definition per function. \n- **Use include guards** to prevent duplicate declarations. \n- Modular design improves reuse, testing, and compilation clarity.\n\nUseful Resources:\n\n- https://en.cppreference.com/w/c/language/functions\n\n\n\nLive Coding Task:\n\nRun the starter code, then complete the TODOs.\n\n{{starter:\n#include <stdio.h>\n\nint add(int a, int b) {\n    return a + b;\n}\n\nint multiply(int a, int b) {\n    return a * b;\n}\n\nint main(void) {\n    printf(\"Sum: %d\\n\", add(3, 4));\n    return 0;\n}\n}}\n\n{{answer: Sum: 7}}','https://www.youtube.com/watch?v=zuegQmMdy8M',1,15,1,'2026-05-20 21:18:00','2026-05-21 12:54:17',NULL,'c'),('3c2b75d6-5478-11f1-9abe-6c02e0d26821','3c28c53d-5478-11f1-9abe-6c02e0d26821','Use Pointers to Access and Modify Memory','mixed',1,'Learn how to declare pointers, use the address-of and indirection operators to read and write memory, and modify variables through pointer references. This lesson shows why pointers let functions and code share and change data efficiently, and warns about common pitfalls like dereferencing uninitialized pointers and confusing pointer vs value operations.','## What is a pointer \nA **pointer** is a variable that stores the *memory address* of another variable. In C, you declare a pointer with a `*` (for example `int *p`) and obtain an address with the address-of operator `&` (for example `&x`). Dereferencing the pointer with `*p` accesses or modifies the value stored at that address. \n## Why it matters \nPointers let you write efficient code that modifies variables from other functions, work with arrays and buffers, and manage dynamic memory. They are fundamental to systems programming in C and are required for real-world tasks like writing data structures, I/O routines, and interfacing with hardware. \n## How it works \n1. Declare a variable (for example `int a = 10;`). \n2. Declare a pointer matching the variable type: `int *p;`. \n3. Store the variable\'s address in the pointer: `p = &a;`. \n4. Read the value through the pointer using `*p`. \n5. Modify the value through the pointer by assigning to `*p`. This changes the original variable because the pointer refers to the same memory location. \n\n## Common mistakes \n- Using an uninitialized pointer: if a pointer does not hold a valid address, dereferencing it causes undefined behavior; always initialize a pointer before dereferencing it (for example, assign an address or set it to `NULL`). \n- Confusing pointer vs value: assigning `p = a;` (value) instead of `p = &a;` (address) is a type error and indicates misunderstanding; check types and use `&` for addresses. \n- Forgetting that pointers must match types: `int *` should point to `int` storage to avoid incorrect interpretation of memory. \n\n## Summary \n- Pointers store **addresses**, not values. \n- Use `&` to get an address and `*` to access the value at that address. \n- Modifying `*p` changes the original variable that `p` points to. \n- Always initialize pointers and ensure types match to avoid undefined behavior.\n\nUseful Resources:\n\n- https://en.cppreference.com/w/c/language/pointer\n\n{{video: https://www.youtube.com/watch?v=DTxHyVn0ODg}}\n\nExample:\n\n```#include <stdio.h>\n\nint main(void)\n{\n    int x = 5;\n\nint *ptr = &x;\n\n*ptr = *ptr + 3; // modify x through the pointer\n\nprintf(\"x = %d\\n\", x);\n\nreturn 0;\n}\n```\n\nLive Coding Task:\n\nRun the starter code, then complete the TODOs.\n\n{{starter:\n#include <stdio.h> \nint main(void) {\n\nint a = 10;\n\nint *p = &a;\n\nprintf(\"Before: a = %d\\n\", a);\n\nprintf(\"Value via pointer: %d\\n\", *p);\n\n*p = 20;\n\nprintf(\"After: a = %d\\n\", a);\n\nreturn 0;\n\n}\n}}\n\n{{answer: Before: a = 10 Value via pointer: 10 After: a = 20}}','https://www.youtube.com/watch?v=DTxHyVn0ODg',2,15,1,'2026-05-20 21:18:00','2026-05-21 12:56:53',NULL,'c'),('3c2e77f0-5478-11f1-9abe-6c02e0d26821','3c28c53d-5478-11f1-9abe-6c02e0d26821','Manipulate Arrays and C Strings with Pointers','mixed',1,'Use indexing and pointer arithmetic to traverse, read, and modify arrays and null-terminated C strings. Learn simple pointer-based routines to compute length and copy strings, print characters, and modify characters safely. This lesson highlights when to use indexing vs pointer traversal and warns about common pitfalls such as buffer overflows and forgetting the terminating \'\\0\'.','## What is pointer-based array and string traversal \nPointer-based array and string traversal means using **pointer variables** and **pointer arithmetic** (incrementing or decrementing pointers) to step through arrays and null-terminated strings (`char` arrays) instead of using only numeric indexing. In C, strings are sequences of characters ending with a `\\0` sentinel; pointers let you move through them efficiently and expressively. \n## Why it matters \nWorking directly with pointers is idiomatic C: many standard routines (like `strlen`, `strcpy`) are implemented with pointer loops. Using pointers correctly yields concise code and can be slightly faster. More importantly, understanding pointer traversal helps you avoid memory bugs such as reading past the terminating `\\0` or writing beyond an array boundary. \n## How it works \n1. Use a pointer of type `char *` to reference the current character in a string. \n2. Test `*p != \'\\0\'` to determine if you reached the end. \n3. Advance the pointer with `p++` (pointer arithmetic) to move to the next character. \n4. To modify a string in-place, ensure the array is writable (not a string literal) and then assign via `arr[i] = c` or `*(p + offset) = c`. \nExample pattern (pointer length): \n\n\n## Common mistakes \n- Forgetting the terminating `\\0`: writing a copied string without appending `\\0` produces undefined behavior; always set the final byte to `\\0` after copy. \n- Copying into an undersized buffer: ensure destination has enough space before calling pointer-copy routines. \n- Modifying string literals: string literals may be in read-only memory; only modify arrays declared as writable (e.g., `char s[] = \"hi\";`). \n\n## Summary \n- Use **pointer arithmetic** (`p++`, `p - start`) to traverse arrays and strings. \n- Check `*p != \'\\0\'` to avoid overrunning strings. \n- Always ensure destination buffers are large enough and append the `\\0` terminator when copying. \n- Prefer clear, simple pointer loops for common string routines like `strlen` and `strcpy`.\n\nUseful Resources:\n\n- https://en.cppreference.com/w/c/string/byte\n\nExample:\n\n```size_t my_strlen(const char *s)\n{\n    const char *p = s;\n\nwhile (*p != \'\\0\')\n    {\n        p++;\n    }\n\nreturn (size_t)(p - s);\n}\n```\n\n\n\n{{starter:\n#include <stdio.h>\n\nsize_t string_length(const char *str)\n{\n    const char *ptr = str;\n\n    while (*ptr)\n    {\n        ptr++;\n    }\n\n    return (size_t)(ptr - str);\n}\n\nint main()\n{\n    char text[] = \"Hello World\";\n\n    printf(\"Length = %zu\\n\", string_length(text));\n\n    return 0;\n}\n}}\n\n{{answer:\nLength = 11\n}}',NULL,3,15,1,'2026-05-20 21:18:00','2026-05-21 13:02:52',NULL,'c'),('3c2f13f7-5478-11f1-9abe-6c02e0d26821','3c28c53d-5478-11f1-9abe-6c02e0d26821','Manage Dynamic Memory and Handle Memory Errors','mixed',1,'Learn to allocate, resize, and free heap memory in C using `malloc`, `realloc`, and `free`. This lesson shows why correct checks and pointer handling matter to avoid leaks, double-free, and dangling pointers, and demonstrates safe resize patterns. Common pitfalls such as ignoring NULL from allocation and failing to nullify freed pointers are highlighted with fixes and a runnable example.','## What is dynamic memory management \nDynamic memory management in C means requesting and releasing memory at runtime using the heap with functions like `malloc`, `realloc`, and `free`. Unlike automatic (stack) storage, dynamically allocated memory persists until you explicitly free it, and is accessed via **pointers**. \n## Why it matters \nPrograms that grow or shrink data structures at runtime rely on dynamic memory. Proper management prevents **memory leaks** (lost allocated blocks), **double-free** (freeing the same block twice), and **dangling pointers** (pointers to freed memory), all of which can cause crashes or security issues. \n## How it works \n1. Request memory with `malloc(size_t)` or `calloc(size_t, size_t)` and always check the returned pointer against `NULL` before use. \n2. Use the memory via pointers and array indexing (`ptr[i]`). \n3. To change size, use `realloc` carefully: assign the result to a temporary pointer and check `NULL` before overwriting the original pointer to avoid losing the original block on failure. \n4. When finished, release with `free(ptr)` and set `ptr = NULL` to avoid dangling pointers. Example safe `realloc` pattern: allocate, attempt to resize into a `tmp` pointer, check `tmp != NULL`, then assign back to the original pointer. \n## Common mistakes \n- Not checking `malloc`/`realloc` return values: on failure you may dereference `NULL` causing a crash; fix by testing for `NULL` and handling the error. \n- Overwriting the original pointer with `realloc` directly: if `realloc` returns `NULL` you lose the original pointer and leak memory; fix by using a temporary pointer. \n- Forgetting to `free` allocated memory or freeing twice: always `free` exactly once and set pointer to `NULL` after freeing to detect accidental reuse. \n## Summary \n- Use `malloc`/`calloc` to allocate and `free` to release memory. \n- Always check allocation results for `NULL`.\n- Use a temporary pointer with `realloc` to avoid leaks on failure. \n- After `free`, set pointers to `NULL` to avoid dangling pointers and double-free errors.\n\nUseful Resources:\n\n- https://en.cppreference.com/w/c/memory\n\n- https://www.gnu.org/software/libc/manual/html_node/Allocation-Functions.html\n\nExample:\n\n```#include <stdlib.h>\n#include <stdio.h>\n\nint *safe_resize(int *p, size_t new_count)\n{\n    int *tmp = realloc(p, new_count * sizeof *p);\n    if (tmp == NULL)\n    {\n        return NULL;\n    }\n\nreturn tmp;\n}\n```\n\nLive Coding Task:\n\nRun the starter code, then complete the TODOs.\n\n{{starter:\n#include <stdio.h>\n#include <stdlib.h>\n\nint *resize_array(int *arr, size_t size)\n{\n    int *new_arr = realloc(arr, size * sizeof *arr);\n\n    if (new_arr == NULL)\n    {\n        return NULL;\n    }\n\n    return new_arr;\n}\n\nint main()\n{\n    int *numbers = malloc(3 * sizeof *numbers);\n\n    if (numbers == NULL)\n    {\n        return 1;\n    }\n\n    numbers[0] = 10;\n    numbers[1] = 20;\n    numbers[2] = 30;\n\n    numbers = resize_array(numbers, 5);\n\n    if (numbers == NULL)\n    {\n        return 1;\n    }\n\n    numbers[3] = 40;\n    numbers[4] = 50;\n\n    for (int i = 0; i < 5; i++)\n    {\n        printf(\"%d \", numbers[i]);\n    }\n\n    free(numbers);\n\n    return 0;\n}\n}}\n\n{{answer: 10 20 30 40 50 }}',NULL,4,15,1,'2026-05-20 21:18:00','2026-05-21 13:06:34',NULL,'c'),('3c346353-5478-11f1-9abe-6c02e0d26821','3c317fc8-5478-11f1-9abe-6c02e0d26821','Perform File Input and Output in C','mixed',1,'Learn to open, read, write, and close files in C using the standard FILE* API (fopen, fclose, fwrite, fgets). This lesson demonstrates writing text to a file, reading it back, and checking return values to detect errors. Why it matters: file I/O provides persistent storage for programs. Pitfall: forgetting to check return values or to close files can cause data loss or resource leaks.','## What is file input/output in C \nFile input/output in C uses the standard library FILE* stream API to work with files on disk. Common functions include `fopen` (open a stream), `fclose` (close a stream), `fwrite`/`fread` (binary blocks), and `fgets`/`fprintf` (text). Files are addressed by `FILE*` pointers; operations return values that must be checked for errors. \n## Why it matters \nFiles let programs persist data beyond a run: configuration, logs, saved state, and data exchange with other tools. Knowing file I/O lets you build utilities, store program output, and load input for batch processing. Correct error handling and closing streams prevents data corruption and resource exhaustion. \n## How it works \n1. Open a stream with `fopen(filename, mode)` where `mode` is \"r\", \"w\", \"a\", etc. Check the returned `FILE*` for `NULL` to detect failure. \n2. Write data using `fwrite`, `fprintf`, or `fputs`. For `fwrite`, check its return (a `size_t` count) to ensure all bytes were written. \n3. Read data using `fread`, `fgets`, or `fscanf`. For text, `fgets` reads a line safely into a buffer. \n4. Close the stream with `fclose`; always check its return when finishing critical writes. \nExample steps in this lesson\'s program: \n- Open a file for writing and write a text block using `fwrite`. \n- Close the file and report the number of bytes written. \n- Reopen the file for reading and print each line with `fgets`. \n- Close the file again. \n## Common mistakes \n- Not checking `fopen` return: if it returns `NULL`, subsequent calls crash; always handle the error and exit or retry. \n- Ignoring write/read return values: `fwrite`/`fread` return counts; partial writes can occur and should be handled. \n- Forgetting to `fclose` after writing: buffered data may not flush to disk until `fclose`, causing data loss. Fixes: always check return values and close files in all code paths. \n\n## Summary \n- Use `fopen`/`fclose` to manage file streams and always check for `NULL` and errors. \n- Use `fwrite`/`fread` for binary blocks and `fgets`/`fprintf` for text operations. \n- Check return values (`size_t` or `NULL`) to detect partial operations. \n- Always close files to flush buffers and release resources.\n\nUseful Resources:\n\n- https://en.cppreference.com/w/c/io/fopen\n\n- https://en.cppreference.com/w/c/io/fwrite\n\nExample:\n\n```#include <stdio.h>\n#include <string.h>\n\nint main(void)\n{\n    const char* filename = \"sample.txt\";\n\nFILE* fp = fopen(filename, \"w\");\n    if (fp == NULL) return 1;\n\nconst char* msg = \"Line1\\n\";\n    fwrite(msg, 1, strlen(msg), fp);\n    fclose(fp);\n\nreturn 0;\n}\n```\n',NULL,1,15,1,'2026-05-20 21:18:00','2026-05-21 16:53:47',NULL,'c'),('3c360637-5478-11f1-9abe-6c02e0d26821','3c317fc8-5478-11f1-9abe-6c02e0d26821','Create a Command-Line Utility in C','mixed',1,'Build a small CLI tool that parses `argc/argv`, reads from files or `stdin`, and emits formatted output. This lesson shows why combining input sources matters for real utilities and walks through file handling, error reporting, and predictable output formatting. Watch for buffer limits, newline handling, and correct `FILE*` usage╪╕┬┬جthese are common pitfalls that lead to truncated or misformatted output.','## What is a command-line utility \nA **command-line utility** is a small program that accepts arguments from `argc/argv`, reads data from files or `stdin`, processes it, and writes formatted output to `stdout` (and errors to `stderr`). This lesson implements a simple utility that prefixes each input line with the source name and line number. \n## Why it matters \nReal-world tools must accept files and piped input so they can be composed in shell pipelines and scripts. Being able to combine `stdin` and file inputs makes programs flexible and automatable for tasks like logging, text processing, and batch jobs. \n## How it works \n1. Parse `argc` and `argv` to find file names or `-` for `stdin`. \n2. For each input source open a `FILE*` with `fopen` (or use `stdin`) and read line-by-line with `fgets` into a fixed buffer. \n3. Trim a trailing newline, maintain a `size_t` line counter, and `printf` a formatted string `source:line:content`. \n4. On `fopen` failure report an error with `fprintf(stderr, ...)` and continue processing remaining files. \nExample behavior: \nwhen run without arguments the program demonstrates by printing two small built-in sample sources (`demo1.txt`, `demo2.txt`). With arguments it reads actual files and `-` stands for `stdin`. \n## Common mistakes \n- Buffer overflow or truncated lines: using too-small buffers or not handling long lines; fix by choosing a reasonable buffer and documenting limits, or reading in chunks. \n- Forgetting to strip the trailing newline: results in double newlines or formatting issues; fix by checking the last character and replacing `\"\\n\"` with `\"\\0\"`. \n- Ignoring file-open errors: always check `fopen` and report errors to `stderr` so callers can diagnose failures.\n\n ## Summary \n- Use `argc/argv` to accept file names and `-` for `stdin`. \n- Read with `fgets`, count lines with `size_t`, and format with `printf`. \n- Always check `fopen` and handle long-line limitations. \n- Provide a predictable, documented output format for downstream tools.\n\nUseful Resources:\n\n- https://www.gnu.org/software/libc/manual/html_node/Program-Arguments.html\n\nExample:\n\n```#include <stdio.h>\n\n/* Open a file and print each line with its number */\nint main(void)\n{\n    FILE *fp = fopen(\"example.txt\", \"r\");\n    char buf[256];\n    size_t n = 1;\n\nif (!fp) return 1;\n\nwhile (fgets(buf, sizeof buf, fp)) {\n        printf(\"example.txt:%zu:%s\", n, buf);\n        n++;\n    }\n\nfclose(fp);\n    return 0;\n}\n```\n',NULL,2,15,1,'2026-05-20 21:18:00','2026-05-21 16:55:37',NULL,'c'),('3c37a92e-5478-11f1-9abe-6c02e0d26821','3c317fc8-5478-11f1-9abe-6c02e0d26821','Implement a Simple Linked List Data Structure','mixed',1,'Build a singly linked list using `struct`, pointers, and dynamic allocation to insert, delete, and traverse nodes. Learn why lists are useful for flexible collections, how pointer links represent node order, and common pitfalls like memory leaks and broken links. The lesson includes a complete, warning-free C example, exercises, and a short quiz to validate the printed output.','## What is a singly linked list \nA **singly linked list** is a linear collection of nodes where each node holds a value and a pointer to the next node. In C we represent a node using a `struct` that contains the data (for example an `int`) and a `struct Node *next` pointer that links to the following node. \n## Why it matters \nLinked lists provide dynamic, non-contiguous storage: you can insert or remove elements without shifting large blocks of memory. They are useful for building queues, stacks, and other structures where frequent insertions and deletions occur. \n## How it works Step-by-step: \n1. Define a `struct Node` with `value` and `next` fields. \n2. Create new nodes with `malloc` and initialize `next` to `NULL`. \n3. To insert at the front, set the new node\'s `next` to the current head and update head. \n4. To insert at the back, traverse until a node with `next == NULL` then link the new node. \n5. To delete a node by value, handle the special case when the head matches, else traverse keeping a previous pointer and relink `prev->next = cur->next` before freeing `cur`. \n6. Always free nodes when no longer needed to avoid memory leaks. \nExample walkthrough code in this lesson demonstrates `insert_front`, `insert_back`, `delete_value`, and `print_list` functions and shows their use in `main`. \n## Common mistakes \n- Forgetting to check `malloc` for `NULL` ╪╕┬┬ج always handle allocation failures (use `perror` and `exit` or proper cleanup). Fix: check the return and abort or free resources. \n- Losing the head pointer when deleting the first node ╪╕┬┬ج always update the head when the removed node is the first. Fix: handle head deletion as a separate case. \n- Not freeing nodes ╪╕┬┬ج causes memory leaks. Fix: provide a `free_list` function and call it before exiting. \n## Summary \n- Use a `struct` with a `next` pointer to represent nodes. \n- Insertions and deletions require pointer updates; handle the head specially. \n- Check `malloc` results and `free` nodes to avoid leaks. \n- Traversal uses a loop that follows `node = node->next` until `NULL`. \n```c /* Short demonstration snippet */ \n#include <stdio.h> \n#include <stdlib.h> \n\ntypedef struct Node { \nint value; \nstruct Node *next; \n} Node; \n\nNode *create_node(int val) { \nNode *node = malloc(sizeof(Node)); \nif (node == NULL) { \nperror(\"malloc\"); \nexit(EXIT_FAILURE); \n} \nnode->value = val; \nnode->next = NULL; \nreturn node; \n} ```\n\nUseful Resources:\n\n- https://en.cppreference.com/w/c\n\n- https://developer.mozilla.org/en-US/docs/Learn\n\n{{video: https://www.youtube.com/watch?v=njTh_OwMljA}}\n\nExample:\n\n```#include <stdio.h>\n#include <stdlib.h>\n\n/* Create two nodes and print a short list */\nint main(void) {\n    Node *head = NULL;\n\ninsert_back(&head, 1);\n    insert_back(&head, 2);\n\nprint_list(head, \"Demo: \");\n\nfree_list(head);\n\nreturn 0;\n}\n```\n\n','https://www.youtube.com/watch?v=njTh_OwMljA',3,15,1,'2026-05-20 21:18:00','2026-05-21 16:59:13',NULL,'c'),('3c38dc50-5478-11f1-9abe-6c02e0d26821','3c317fc8-5478-11f1-9abe-6c02e0d26821','Test, Debug, and Optimize C Programs','mixed',1,'Learn to write simple tests, use debugging tools, and profile C code to find hotspots; fix bugs and apply safe micro-optimizations. This lesson shows practical techniques, common pitfalls (like premature or unsafe optimization), and demonstrates a deterministic test harness to verify correctness before optimizing. Avoid relying on timing alone and always validate behavior with reproducible tests.','## What is test, debug, and optimize \nThis lesson teaches how to combine **unit-like tests**, debugging tools, and simple profiling to find bugs and hotspots in C programs, then apply small, safe optimizations. We use repeatable tests to verify correctness before changing code, use a debugger to inspect state, and use counters or profilers to identify slow paths. \n## Why it matters \nReal C programs can be fragile: a small bug or undefined behavior can cause crashes or subtle data corruption. Profiling and simple tests ensure fixes are correct and optimizations target real bottlenecks rather than imaginary ones. This reduces regressions and wasted effort. \n## How it works \n1. Create a deterministic test that checks function outputs against expected values using predictable inputs (no timing measurements as single truth). \n2. Use a debugger (like `gdb`) to inspect variables and trace control flow when tests fail. \n3. Add inexpensive counters or use a profiler (e.g., `valgrind` or `perf`) to measure how often functions or loops run and locate hotspots. \n4. Apply safe micro-optimizations: reduce work inside hot loops, prefer pointer arithmetic carefully, and avoid premature complexity. \nExample test approach (conceptual): \n- Build test data with known result. \n- Run two implementations (e.g., index-based and pointer-based). \n- Compare outputs; only optimize when results match and counters show a real hotspot. \n## Common mistakes \n- Over-optimizing before correctness: always write tests first and ensure behavior is correct. Fix: create deterministic tests and run them after changes. \n- Trusting timing noise: system timers fluctuate; use counters or repeated runs, and prefer profiling tools for reliable hotspots. \n- Unsafe micro-optimizations: changing data access patterns can introduce undefined behavior; fix by keeping pointer bounds and correct types. \n## Summary \n- Write repeatable tests to verify correctness before optimizing. \n- Use a debugger to inspect state and locate logic bugs. \n- Use counters or profilers to find real hotspots, not guesses. \n- Apply small, safe changes inside hot loops and re-run tests to ensure no regressions.\n\nUseful Resources:\n\n- https://www.gnu.org/software/gdb/documentation/\n\n- https://gcc.gnu.org/onlinedocs/gcc/Optimize-Options.html\n\nExample:\n\n```#include <stdio.h>\n\nlong sum_with_index(int *a, size_t n)\n{\n    long s = 0;\n\nfor (size_t i = 0; i < n; ++i)\n    {\n        s += a[i];\n    }\n\nreturn s;\n}\n\n/* A small test can call this and compare results from another implementation. */\n```\n\n',NULL,4,15,1,'2026-05-20 21:18:00','2026-05-21 17:01:13',NULL,'c'),('3ea1e149-5522-11f1-9abe-6c02e0d26821','3e9eefdb-5522-11f1-9abe-6c02e0d26821','Demonstrate Python Data Types and Constructs for Algorithms','mixed',1,'Show how to use Python **lists**, **sets**, **dictionaries**, comprehensions, and functions to filter, deduplicate, and count. Demonstrates why `set` membership is O(1) average and avoids O(n^2) `list` scans. Includes concise patterns, a runnable example, and an exercise. Pitfall: using `list.count()` or repeated `in` checks on lists causes slow O(n^2) behavior.','# # What is Python data types and constructs for algorithmic tasks This lesson demonstrates using **lists** , **sets** , and **dictionaries** together with `for` loops and comprehensions to implement common algorithmic building blocks: **filtering** , **deduplication** , and **frequency counting** . You will see how to preserve order when needed and how to get O(n) behavior using `set` membership and single-pass counting into a `dict` . # # Why it matters Efficient membership checks and counts are central to many algorithms (hashing, frequency analysis, graph adjacency cleanup). Using the right built-in types reduces complexity from O(n^2) to O(n) in typical cases. This matters for large inputs where algorithmic complexity dominates constant factors. # # How it works 1. Use `set` for O(1) average membership tests instead of scanning a `list` repeatedly. 2. Build a `dict` in a single pass to accumulate frequencies rather than calling `list.count()` inside loops. 3. If you need a deterministic order for unique items, produce a `sorted` or preserve first-seen order using a `set` to track seen elements. Example pattern to preserve first occurrence while deduplicating: ``` # preserve order while removing duplicates seen = set() unique_in_order = [] for x in items: if x not in seen: seen.add(x) unique_in_order.append(x) ``` # # Common mistakes 1. Using `if x in my_list` inside a loop to check membership leads to O(n^2) behavior; fix by using a `set` for membership checks. 2. Calling `list.count(x)` inside a loop causes repeated scans; fix by building a single-pass frequency `dict` with `counts[x] = counts.get(x, 0) + 1` . 3. Assuming `set` preserves insertion order ╪╕┬┬ج use `sorted()` or maintain a `seen` set with an output list when order matters. # # Summary - **Use `set` ** for average O(1) membership checks. - **Build a `dict` in one pass** for frequency counts. - **Preserve order** by tracking `seen` elements or sorting unique values. - **Avoid repeated `list` scans** such as `list.count()` inside loops.\n\nUseful Resources:\n\n- https://docs.python.org/3/tutorial/datastructures.html\n\n- https://realpython.com/python-sets/\n\n- https://docs.python.org/3/library/stdtypes.html#dict\n\n{{video: https://www.youtube.com/watch?v=rfscVS0vtbw}}\n\nExample:\n\n```def dedupe_and_count(items):\n    counts = {}\n\nfor x in items:\n        counts[x] = counts.get(x, 0) + 1\n\nunique = sorted(set(items))\n    return unique, counts\n\nitems = [\'a\', \'b\', \'a\', \'c\', \'b\', \'a\']\nunique, counts = dedupe_and_count(items)\nprint(unique)\nprint(counts)\n```\n\nLive Coding Task:\n\nRun the starter code, then complete the TODOs.\n\n{{starter:\n# sample list with duplicates numbers = [3, 1, 2, 3, 2, 4, 5, 1, 3] # create a sorted list of unique values using a set unique_sorted = sorted(set(numbers)) # build frequency counts in a single pass using a dict counts = {}\n\nfor num in numbers:\n\n  counts[num] = counts.get(num, 0) + 1 # print results\nprint(unique_sorted)\nprint(counts)\n}}\n\n{{answer: [1, 2, 3, 4, 5] {3: 3, 1: 2, 2: 2, 4: 1, 5: 1}}}','https://www.youtube.com/watch?v=rfscVS0vtbw',1,15,1,'2026-05-21 17:34:59','2026-05-21 18:59:34',NULL,'python'),('3ea6995d-5522-11f1-9abe-6c02e0d26821','3e9eefdb-5522-11f1-9abe-6c02e0d26821','Apply Complexity Analysis to Simple Python Functions','mixed',1,'Learn to compute **time** and **space complexity** for small Python functions by counting operations, reasoning about loops, nested loops, and early exits. This lesson explains translating operation counts to Big-O, shows practical examples, and warns about a common pitfall: confusing constant factors with growth rates. By the end you will read short code and state its Big-O and spot off-by-one counting errors.','# # What is complexity analysis Complexity analysis is the process of estimating how an algorithm\'s resource use grows with input size. **Time complexity** measures the number of basic operations as a function of input size `n` . **Space complexity** measures additional memory required beyond input storage. We usually express growth using Big-O notation, which describes asymptotic upper bounds. # # Why it matters Understanding complexity lets you predict scalability and compare algorithms beyond micro-optimizations. Real-world systems hit performance limits when growth rates differ, so selecting an algorithm with lower Big-O often beats constant-factor speedups. \n# # How it works \nStep 1: Count basic operations (assignments, comparisons, arithmetic) that scale with `n` . \nStep 2: Identify loops and nested loops. A single loop that runs `n` times contributes `O(n)` ; two nested loops each up to `n` contribute `O(n^2)` . \nStep 3: Consider early exits and best/worst-case. An early `break` can change the best-case but not the worst-case unless the loop bound is reduced. \nStep 4: Translate counts into Big-O by keeping only the dominant term and dropping constant factors.\n\n Example: the following pseudocode runs two nested loops that each iterate `n` , so the total basic operations are proportional to `n * n` , yielding `O(n^2)` . ```python # count operations for nested loops def count_ops(n): operations = 0 # outer loop runs n times for i in range(n): operations += 1 # inner loop runs n times for each i for j in range(n): operations += 1 print(\'Operations:\', operations) # For n=3 this prints Operations: 12 ``` # # Common mistakes - Confusing constant factors with growth: `2n` and `100n` are both `O(n)` ; constant multipliers do not change Big-O. Fix: drop constants. - Off-by-one counting errors: forgetting to include an initial assignment or final comparison can miscount operations. Fix: explicitly list each basic step once. - Misinterpreting early exits: assuming an early `break` reduces worst-case complexity. Fix: analyze best, average, and worst cases separately. # # Summary - **Count basic operations** and map them to `n` . - **Loops** give multiplicative factors; nested loops multiply growth. - **Drop constants** and lower-order terms to get Big-O. - **Distinguish** best/average/worst cases when early exits exist.\n\nUseful Resources:\n\n- https://bigocheatsheet.com/\n\n- https://en.wikipedia.org/wiki/Big_O_notation\n\n- https://www.geeksforgeeks.org/analysis-of-algorithms-set-1-asymptotic-analysis/\n\n{{video: https://www.youtube.com/watch?v=92S4zgXN17o}}\n\nExample:\n\n```# function to count operations for nested loops\n\ndef nested_count(n):\n\ncount = 0\n\n# outer loop\n\nfor i in range(n):\n        count += 1\n\n# inner loop\n\nfor j in range(n):\n            count += 1\n\nprint(\'Counted operations:\', count)\n\n# call with n = 3\n\nnested_count(3)\n```\n\nLive Coding Task:\n\nRun the starter code, then complete the TODOs.\n\n{{starter:\nscore = 75\nif score >= 60:\n\nprint(\"pass\") else:\n\nprint(\"fail\")\n}}\n\n{{answer: pass}}','https://www.youtube.com/watch?v=92S4zgXN17o',2,15,1,'2026-05-21 17:34:59','2026-05-21 19:13:07',NULL,'python'),('3ea73229-5522-11f1-9abe-6c02e0d26821','3e9eefdb-5522-11f1-9abe-6c02e0d26821','Handle Recursion and Base Cases in Algorithms','mixed',1,'Learn how to write correct recursive Python functions by defining proper **base cases**, avoiding infinite recursion and analyzing time/space costs. This lesson covers common patterns (factorial and naive Fibonacci), explains why base cases stop recursion, and highlights pitfalls such as missing bases and exponential growth that lead to crashes or poor performance.','# # What is recursion and base cases **Recursion ** is a technique where a function calls itself to solve smaller instances of the same problem. A ** base case ** is a simple, non-recursive condition that returns a result directly and stops further recursive calls. Without a correct base case, recursion keeps descending until the program crashes with a stack overflow. # # Why it matters Correct recursion yields compact, expressive solutions for divide-and-conquer problems and tree traversals. However, naive recursion can be ** exponentially expensive ** in time and can exhaust the call stack in space. Understanding base cases and complexity helps you pick recursive strategies safely. # # How it works \nA typical recursive pattern has two parts: the ** base case ** and the ** recursive case**. The base case returns immediately. The recursive case reduces the problem and calls the same function. Here is a minimal recursive factorial example that demonstrates the pattern and a clear base case. ```python # compute factorial of n recursively def factorial(n): if n == 0: return 1 return n * factorial(n - 1) # print a simple result print(factorial(4)) ``` Step-by-step: check the base case first; if not met, call the function on a smaller input; combine results and return. For **Fibonacci** , naive recursion splits into two recursive calls and can produce exponential work without memoization. \n# # Common mistakes \n1) Missing or incorrect base cases ╪╕┬┬ج fix by explicitly returning for the smallest inputs (e.g., `n == 0` and `n == 1` ). \n2) Off-by-one in the base case ╪╕┬┬ج ensure the base matches the intended sequence indexing. \n3) Using naive recursion for overlapping subproblems ╪╕┬┬ج avoid exponential runtime by adding **memoization** or converting to an iterative/dynamic approach. \n# # Summary - **Base cases** stop recursion and must be correct and reachable. - **Recursive case** reduces the problem toward the base. - Naive recursion like Fibonacci can grow **exponentially** ; prefer memoization for overlapping subproblems. - Always reason about both **time** and **space (call stack)** when using recursion.\n\nUseful Resources:\n\n- https://docs.python.org/3/tutorial/controlflow.html#recursive-functions\n\n- https://www.geeksforgeeks.org/recursion/\n\n- https://en.wikipedia.org/wiki/Recursion_(computer_science)\n\n\nExample:\n\n```# demonstrate exponential calls count for naive fib\n\ndef fib_count(n):\n    if n == 0:\n        return (0, 1)\n    if n == 1:\n        return (1, 1)\n\na, ca = fib_count(n - 1)\n    b, cb = fib_count(n - 2)\n\nreturn (a + b, ca + cb + 1)\n\nval, calls = fib_count(6)\nprint(\"fib(6) =\", val)\nprint(\"calls for fib(6) =\", calls)\n```\n\nLive Coding Task:\n\nRun the starter code, then complete the TODOs.\n\n{{starter:\n# recursive factorial:\n\n#compute n! with base case\n\ndef factorial(n):\n\nif n == 0:\n\nreturn 1 return n * factorial(n - 1) # naive recursive Fibonacci using fib(0)=0 and fib(1)=1 def fib(n):\n\nreturn 0\nif n == 1:\n\nreturn 1 return fib(n - 1) + fib(n - 2) # print results\nfor demonstration\nprint(\"factorial(5) = {}\".format(factorial(5)))\nprint(\"fib(6) = {}\".format(fib(6)))\n}}\n\n{{answer: factorial(5) = 120 fib(6) = 8}}','https://www.youtube.com/watch?v=wf-BqAjZb8M',3,15,1,'2026-05-21 17:34:59','2026-05-21 19:22:54',NULL,'python'),('3ea923b3-5522-11f1-9abe-6c02e0d26821','3ea8e225-5522-11f1-9abe-6c02e0d26821','Define Sequences: Arrays and Python Lists','mixed',1,'Compare fixed, typed arrays with Python╪╕┬╪تs dynamic `list` to know when to prefer each for algorithmic tasks. Learn selection rules for indexing, iteration, insertion/deletion, and numeric-heavy workloads, plus memory-layout and performance pitfalls that mislead time/space analysis in Python implementations. Practical guidance helps choose the right sequence type and avoid common complexity-analysis mistakes.','# # What is a sequence A **sequence** is an ordered collection of elements that supports access by position. In algorithmic contexts, two common implementations are fixed, typed **arrays** (contiguous memory, uniform element type) and Python╪╕┬╪تs flexible **lists** (dynamic arrays of pointers to objects). Use `array.array` or numeric arrays when you need compact, typed storage; use `list` for general-purpose, heterogeneous collections. # # Why it matters Choosing the right structure affects both **asymptotic performance** and practical runtime due to memory layout and interpreter overhead. For example, `list` gives amortized O(1) append and O(1) indexing but stores pointers to Python objects, which increases memory and cache misses. Typed arrays or NumPy arrays provide compact storage and vectorized numeric ops, leading to much better performance for heavy numeric workloads. # # How it works - **Indexing** : Both arrays and lists support O(1) index access because of contiguous memory or pointer-array layout; however, actual speed differs because a `list` requires pointer dereference and possible type dispatch. - **Iteration** : Iterating native typed arrays or NumPy arrays can be faster due to better cache locality and fewer Python-level operations. - **Insertion/Deletion** : Inserting or deleting at the end is O(1) amortized for dynamic arrays; at arbitrary positions it╪╕┬╪تs O(n) for both because elements must be shifted. Linked lists avoid shifting but lose O(1) random access. - **Numeric workloads** : Prefer typed arrays or NumPy for large numeric vectors to leverage contiguous memory, lower memory per element, and optimized C loops. # # Common mistakes - Treating Python `list` as memory-equivalent to a C array; this causes underestimating memory use and cache costs. Fix: measure with `sys.getsizeof` and consider element object sizes. - Assuming constant-time insertion anywhere; inserting at index 0 or middle is O(n). Fix: use `deque` for fast pops/pushes at both ends. - Using Python loops over large numeric lists instead of vectorized NumPy operations; this wastes orders of magnitude in performance. Fix: move heavy numeric work to NumPy or C extensions. # # Summary - **Arrays** : fixed size, typed, contiguous; great for numeric and memory-critical tasks. - **Python lists** : dynamic, heterogeneous, pointer-based; excellent general-purpose but higher memory and cache overhead. - **Operations** : `O(1)` indexing for both; insertion/deletion in middle is `O(n)` . - **Rule of thumb** : use typed arrays/NumPy for numeric-heavy and memory-critical workloads; use `list` for flexible, mixed-type, or small datasets.\n\nUseful Resources:\n\n- https://docs.python.org/3/tutorial/datastructures.html#more-on-lists\n\n- https://docs.python.org/3/library/array.html\n\n- https://numpy.org/doc/stable/user/basics.creation.html\n\n{{video: https://www.youtube.com/watch?v=ohCDWZgNIU0}}\n\nLive Coding Task:\n\nRun the starter code, then complete the TODOs.\n\n{{starter:\ntotal = 0\nfor i in range(1, 4):\n\ntotal += i\nprint(total)\n}}\n\n{{answer: 1\n3\n6}}','https://www.youtube.com/watch?v=ohCDWZgNIU0',1,15,1,'2026-05-21 17:34:59','2026-05-21 19:29:28',NULL,'python'),('3eac5fc0-5522-11f1-9abe-6c02e0d26821','3ea8e225-5522-11f1-9abe-6c02e0d26821','Demonstrate Stacks and Queues Using Python Collections','mixed',1,'Show how to implement basic stack and queue operations in Python using the built-in `list` for a **stack** and `collections.deque` for a **queue**. Learn push/pop, enqueue/dequeue, and peek operations with concise examples and outputs. Understand why choosing LIFO vs FIFO matters for algorithms and common pitfalls like inefficient list pops from the front and accidental use of the wrong end for peek operations. Includes performance tips.','# # What is a stack and a queue A **stack** is a Last-In-First-Out (LIFO) structure where the most recently added element is removed first. A **queue** is a First-In-First-Out (FIFO) structure where the earliest added element is removed first. In Python, a `list` is often used for simple stack operations and `collections.deque` is the recommended efficient choice for queues. # # Why it matters Many algorithms rely on the ordering guarantees of these structures. **Stacks** are used in recursion simulation, backtracking, and parsing. **Queues** are used in breadth-first search (BFS), task scheduling, and producer-consumer workflows. Choosing the wrong container can cause correctness issues or poor performance. # # How it works - For a **stack** using `list` : ```python # push values onto a Python list-based stack stack = [] stack.append(10) stack.append(20) stack.append(30) # pop removes the last pushed value value = stack.pop() ``` - For a **queue** using `collections.deque` : ```python from collections import deque queue = deque() queue.append(1) # enqueue at right queue.append(2) queue.append(3) value = queue.popleft() # dequeue from left efficiently ``` These examples show the canonical operations: **push/append** , **pop/popleft** , and **peek** ( `stack[-1]` or `queue[0]` ). # # Common mistakes - Using a `list` and calling `pop(0)` to dequeue; this is O(n) and will slow your algorithm for large inputs. Use `deque.popleft()` which is O(1). - Confusing ends when peeking: `stack[-1]` is the top, while `queue[0]` is the front. Confirm which end your algorithm expects. - Mutating shared structures across functions unintentionally; prefer clear ownership or copies when needed. # # Summary - **Stack = LIFO** , use `list.append()` and `list.pop()` for simple stacks. - **Queue = FIFO** , prefer `collections.deque` with `append()` and `popleft()` . - Avoid `pop(0)` on lists; it\'s inefficient for queues. - Always check which end you `peek` ( `stack[-1]` vs `queue[0]` ).\n\nUseful Resources:\n\n- https://docs.python.org/3/tutorial/datastructures.html\n\n- https://docs.python.org/3/library/collections.html#collections.deque\n\n- https://realpython.com/python-deque/\n\n{{video: https://www.youtube.com/watch?v=wjI1WNcIntg}}\n\nExample:\n\n```# stack with string elements\n\nstack = []\nstack.append(\'a\')\nstack.append(\'b\')\nprint(stack.pop())\nprint(stack)\n\n# queue with deque and characters\n\nfrom collections import deque\nq = deque()\nq.append(\'x\')\nq.append(\'y\')\nprint(q.popleft())\nprint(list(q))\n```\n\nLive Coding Task:\n\nRun the starter code, then complete the TODOs.\n\n{{starter:\n# stack (LIFO)\nstack = []\nstack.append(1)\nstack.append(2)\nstack.append(3)\n\nprint(\"stack pop:\", stack.pop())\nprint(\"stack:\", stack)\n\nqueue = []\nqueue.append(\'a\')\nqueue.append(\'b\')\nqueue.append(\'c\')\n\nprint(\"queue pop:\", queue.pop(0))\nprint(\"queue:\", queue)\n}}\n\n{{answer: stack pop: 3\nstack: [1, 2]\nqueue pop: a\nqueue: [\'b\', \'c\']}}','https://www.youtube.com/watch?v=wjI1WNcIntg',2,15,1,'2026-05-21 17:34:59','2026-05-21 19:32:32',NULL,'python'),('3eaddc83-5522-11f1-9abe-6c02e0d26821','3ea8e225-5522-11f1-9abe-6c02e0d26821','Apply Linked Lists: Implement and Traverse a Singly Linked List','mixed',1,'Build a simple Python singly linked list class to perform insertion, deletion, and traversal. Learn why linked lists are useful for efficient head/tail operations and memory-local manipulations. Watch for pointer edge cases: empty list, single-node list, and correctly updating the head when deleting or inserting. This lesson gives working examples, a starter exercise, and common pitfalls with fixes.','## What is a singly linked list A **singly linked list** is a linear data structure made of nodes where each node stores a value and a reference to the next node. It provides dynamic sizing and cheap `O(1)` insertions or deletions at the head (when you have the node reference), unlike arrays which require shifting elements. ## Why it matters Linked lists are useful when you need frequent insertions or deletions not at random-access positions. They are foundational for building more complex structures (e.g., adjacency lists, queues implemented with nodes) and help you understand pointer manipulation and memory layout. ## How it works Implement a `Node` class to hold `value` and `next`. Implement a `SinglyLinkedList` with methods: - `insert_head(value)` ╪╕┬┬ج make a new node the head. - `insert_tail(value)` ╪╕┬┬ج traverse to the end and append. - `delete_value(value)` ╪╕┬┬ج find and remove the first matching node, updating `head` as needed. - `to_list()` ╪╕┬┬ج traverse from `head` and collect values to return a Python list. Example usage is shown below; it demonstrates head/tail inserts and traversal. ```python class Node: def __init__(self, value): self.value = value self.next = None class SinglyLinkedList: def __init__(self): self.head = None def insert_head(self, value): node = Node(value) node.next = self.head self.head = node def insert_tail(self, value): if not self.head: self.head = Node(value) return cur = self.head while cur.next: cur = cur.next cur.next = Node(value) def to_list(self): out = [] cur = self.head while cur: out.append(cur.value) cur = cur.next return out # Use the list sll = SinglyLinkedList() sll.insert_tail(10) sll.insert_head(5) sll.insert_tail(15) print(sll.to_list()) ``` ## Common mistakes - Forgetting to update `head` when deleting the first node; fix by checking if `head.value` matches before traversal. - Not handling an initially empty list in `insert_tail`; fix by setting `head` when it\'s `None`. - Breaking the chain during removal by not correctly setting the previous node\'s `next`; always keep a `prev` reference while traversing. ## Summary - **Nodes** hold `value` and `next`. - `insert_head` is constant time `O(1)`; `insert_tail` is `O(n)` without a tail pointer. - Deletion requires careful head and single-node checks. - Use `to_list()` for easy verification and tests.\n\nUseful Resources:\n\n- https://realpython.com/linked-lists-python/\n\n{{video: https://www.youtube.com/watch?v=njTh_OwMljA}}\n\nExample:\n\n```class Node:\n    def __init__(self, value):\n        self.value = value\n        self.next = None\n\nclass SinglyLinkedList:\n    def __init__(self):\n        self.head = None\n\ndef insert_head(self, value):\n        node = Node(value)\n        node.next = self.head\n        self.head = node\n\ndef insert_tail(self, value):\n        if not self.head:\n            self.head = Node(value)\n            return\n        cur = self.head\n        while cur.next:\n            cur = cur.next\n        cur.next = Node(value)\n\ndef delete_value(self, value):\n        if not self.head:\n            return\n        if self.head.value == value:\n            self.head = self.head.next\n            return\n        prev, cur = None, self.head\n        while cur and cur.value != value:\n            prev = cur\n            cur = cur.next\n        if cur:\n            prev.next = cur.next\n\ndef to_list(self):\n        out = []\n        cur = self.head\n        while cur:\n            out.append(cur.value)\n            cur = cur.next\n        return out\n\nsll = SinglyLinkedList()\nsll.insert_tail(10)\nsll.insert_head(5)\nsll.insert_tail(15)\nsll.delete_value(10)\nprint(sll.to_list())\n```\n\nLive Coding Task:\n\nRun the starter code, then complete the TODOs.\n\n{{starter:\nclass Node:\n    def __init__(self, value):\n        self.value = value\n        self.next = None\n\n\nclass LinkedList:\n    def __init__(self):\n        self.head = None\n\n    def add(self, value):\n        node = Node(value)\n\n        if not self.head:\n            self.head = node\n            return\n\n        cur = self.head\n        while cur.next:\n            cur = cur.next\n        cur.next = node\n\n    def remove(self, value):\n        cur = self.head\n\n        if cur and cur.value == value:\n            self.head = cur.next\n            return\n\n        while cur and cur.next:\n            if cur.next.value == value:\n                cur.next = cur.next.next\n                return\n            cur = cur.next\n\n    def show(self):\n        cur = self.head\n        while cur:\n            print(cur.value, end=\" -> \")\n            cur = cur.next\n        print(\"None\")\n\n\n# test\nll = LinkedList()\nll.add(10)\nll.add(20)\nll.add(30)\n\nll.remove(20)\n\nll.show()\n}}\n\n{{answer:10 -> 30 -> None}}','https://www.youtube.com/watch?v=njTh_OwMljA',3,15,1,'2026-05-21 17:34:59','2026-05-21 19:44:06',NULL,'python'),('3eb01aeb-5522-11f1-9abe-6c02e0d26821','3ea8e225-5522-11f1-9abe-6c02e0d26821','Handle Edge Cases in Linked List Operations','mixed',1,'Learn to identify and fix common linked list edge cases: operations on empty lists, single-node lists, deleting head/tail boundaries, and basic cycle detection. This lesson shows safe implementations, why each check matters for correctness and avoiding crashes, and common pitfalls with fixes such as updating head/tail pointers and using Floyd╪╕┬╪تs algorithm for cycle detection.','## What is handling edge cases in linked list operations Handling edge cases means explicitly checking and correctly managing situations where a linked list is empty, has only one node, you\'re deleting the first or last node, or when a cycle exists. These special cases must be handled so that list operations remain correct and do not raise exceptions or corrupt the structure. ## Why it matters Real-world code must be robust: failing to handle an empty list or deleting the head can introduce bugs that are hard to reproduce. Cycle detection prevents infinite loops during traversal and is essential when working with references produced by buggy code or shared structures. ## How it works - For operations like `delete(value)`, first check whether `head` is `None` (empty list). - When deleting the head, update `head` to `head.next` and return immediately. - For tail deletions, walk the list keeping a `prev` pointer so you can update `prev.next` when removing the last node. - For cycle detection, use **Floyd╪╕┬╪تs Tortoise and Hare**: advance one pointer by one step and another by two steps; if they meet, a cycle exists. Here is a compact example demonstrating these checks and cycle detection: ```python class Node: def __init__(self, val): self.val = val self.next = None class LinkedList: def __init__(self): self.head = None def append(self, val): node = Node(val) if not self.head: self.head = node return cur = self.head while cur.next: cur = cur.next cur.next = node def to_list(self): res = [] cur = self.head while cur: res.append(cur.val) cur = cur.next return res def delete(self, val): if not self.head: return if self.head.val == val: self.head = self.head.next return prev = self.head cur = self.head.next while cur: if cur.val == val: prev.next = cur.next return prev = cur cur = cur.next def create_cycle(self): if not self.head: return tail = self.head while tail.next: tail = tail.next tail.next = self.head def detect_cycle(self): slow = fast = self.head while fast and fast.next: slow = slow.next fast = fast.next.next if slow is fast: return True return False # The example above demonstrates appending, safe deletion, and cycle detection. ``` ## Common mistakes - Not checking for an empty list before accessing `head` ╪╕┬┬ج fix: always test `if not self.head` before traversal. - Forgetting to update `head` on head deletion ╪╕┬┬ج fix: set `head = head.next` and return. - Using naive cycle checks (re-traversing) that can loop infinitely ╪╕┬┬ج fix: use Floyd╪╕┬╪تs algorithm which runs in O(n) time and O(1) space. ## Summary - Always check for **empty lists** before operations. - Handle **single-node** and **head/tail deletions** explicitly. - Use **Floyd╪╕┬╪تs Tortoise and Hare** for reliable cycle detection. - Proper checks prevent crashes, infinite loops, and corrupted structure.\n\n{{video: https://www.youtube.com/watch?v=G0_I-ZF0S38}}\n\nExample:\n\n```class Node:\n    def __init__(self, val):\n        self.val = val\n        self.next = None\n\nclass LinkedList:\n    def __init__(self):\n        self.head = None\n    def append(self, val):\n        node = Node(val)\n        if not self.head:\n            self.head = node\n            return\n        cur = self.head\n        while cur.next:\n            cur = cur.next\n        cur.next = node\n    def to_list(self):\n        res = []\n        cur = self.head\n        while cur:\n            res.append(cur.val)\n            cur = cur.next\n        return res\n\nll = LinkedList()\nll.append(1)\nll.append(2)\nll.append(3)\nprint(ll.to_list())\nll.delete = lambda v: None  # placeholder to show deletion concept in this short snippet\nll.create_cycle = lambda: None\nprint(\"Example shows safe append and traversal.\")\n```\n\nLive Coding Task:\n\nRun the starter code, then complete the TODOs.\n\n{{starter:\nclass Node:\n    def __init__(self, val):\n        self.val = val\n        self.next = None\n\nclass LinkedList:\n    def __init__(self):\n        self.head = None\n\n    def add(self, val):\n        if not self.head:\n            self.head = Node(val)\n            return\n\n        cur = self.head\n        while cur.next:\n            cur = cur.next\n        cur.next = Node(val)\n\n    def print_list(self):\n        cur = self.head\n        while cur:\n            print(cur.val, end=\" \")\n            cur = cur.next\n        print()\n\nll = LinkedList()\nll.add(1)\nll.add(2)\nll.add(3)\n\nll.print_list()\n}}\n\n{{answer: 1 2 3 }}','https://www.youtube.com/watch?v=G0_I-ZF0S38',4,15,1,'2026-05-21 17:34:59','2026-05-21 19:43:35',NULL,'python'),('3eb0b947-5522-11f1-9abe-6c02e0d26821','3ea8e225-5522-11f1-9abe-6c02e0d26821','Optimize Sequence Operations and Explain Amortized Analysis','mixed',1,'Show how to implement and reason about amortized costs for dynamic arrays (Python lists). Learn why `append` is usually O(1) amortized, how doubling resizing works, and a common pitfall: counting worst-case copies for every operation instead of amortized totals.','# # What is amortized analysis **Amortized analysis ** measures the average cost per operation over a sequence of operations, rather than the worst case of a single operation. For dynamic arrays, we count the total work (including occasional costly resizes) and divide by the number of operations to get the ** amortized ** cost. # # Why it matters Understanding amortized cost explains why Python\'s `list.append` is effectively ** O(1) amortized **, even though a resize step can be O(n). This matters when designing algorithms that perform many appends: you can treat each append as constant-time for complexity analysis. # # How it works 1. Start with a small capacity (e.g., 1). 2. On each `append` , if the array is full, allocate a new array with larger capacity (commonly double), copy existing elements, then append the new element. 3. Resizes are rare: doubling causes the total number of copies after N appends to be O(N). Dividing total copies by N gives O(1) amortized per append. Example intuition: when capacity doubles from 8 to 16, you copy 8 elements once; those 8 copies \\\"pay for\\\" many subsequent appends. # # Common mistakes - Assuming every `append` is O(n): this is the worst-case for a single append during resize, but not the amortized cost; compute the total copies across many appends instead. - Forgetting initial capacity edge cases: starting capacity 0 vs 1 changes where the first resize happens; model initial capacity clearly. - Mixing cost metrics: be explicit whether you count element copies, allocations, or CPU time. # # Summary - ** Amortized analysis ** averages cost over sequences, not single operations. - Dynamic arrays resize rarely; doubling keeps total copies O(N). - `append` is ** O(1) amortized**, but sometimes O(n) in the worst case. - When analyzing algorithms, use amortized costs for repeated sequence operations. ```python # Simple simulation of a dynamic array\'s doubling behavior for N inserts # This snippet is for illustration and uses the same resizing model used in the lesson class SimpleSim: def __init__(self): self.size = 0 self.capacity = 1 def will_resize_on_next(self): return self.size == self.capacity sim = SimpleSim() for i in range(8): if sim.will_resize_on_next(): sim.capacity *= 2 sim.size += 1 print(sim.size, sim.capacity) ```\n\nUseful Resources:\n\n- https://docs.python.org/3/tutorial/datastructures.html#more-on-lists\n\n- https://en.wikipedia.org/wiki/Amortized_analysis\n\n- https://cs.stackexchange.com/questions/4731/how-does-doubling-resize-lead-to-amortized-constant-time-append\n\n{{video: https://www.youtube.com/watch?v=5o-kdjv7FD0}}\n\nExample:\n\n```# example: run 20 appends to see how resizes scale\n\nclass DynamicArrayExample:\n    def __init__(self):\n        self.size = 0\n        self.capacity = 1\n        self.resizes = 0\n        self.total_copies = 0\n\ndef append(self, value):\n        if self.size == self.capacity:\n            self.total_copies += self.size\n            self.capacity *= 2\n            self.resizes += 1\n\nself.size += 1\n\narr = DynamicArrayExample()\nfor i in range(20):\n    arr.append(i)\n\nprint(arr.size, arr.capacity, arr.resizes, arr.total_copies)\n```\n\nLive Coding Task:\n\nRun the starter code, then complete the TODOs.\n\n{{starter:\nclass DynamicArrayExample:\n    def __init__(self):\n        self.size = 0\n        self.capacity = 1\n        self.resizes = 0\n        self.total_copies = 0\n\n    def append(self, value):\n        if self.size == self.capacity:\n            self.total_copies += self.size\n            self.capacity *= 2\n            self.resizes += 1\n\n        self.size += 1\n\n\narr = DynamicArrayExample()\n\nfor i in range(20):\n    arr.append(i)\n\nprint(arr.size, arr.capacity, arr.resizes, arr.total_copies)\n}}\n\n{{answer: 20 32 5 31}}','https://www.youtube.com/watch?v=5o-kdjv7FD0',5,12,1,'2026-05-21 17:34:59','2026-05-21 19:46:21',NULL,'python'),('3eb2b548-5522-11f1-9abe-6c02e0d26821','3eb1ad1b-5522-11f1-9abe-6c02e0d26821','Define Hash Tables and Python dict Behavior','mixed',1,'Introduce hashing, why collisions occur, basic resolution strategies, and how Python\'s `dict` implements a high-performance hash table. Covers chaining vs open addressing, resizing trade-offs, and a compact Python example that forces collisions. Watch for pitfalls: relying on string hash stability across runs and confusing bucket storage with key order.','## What is hashing **Hashing** is a process that maps input values (keys) to integer indices (hashes) used to place items into a fixed-size table. A **hash table** stores key-value pairs and uses a hash function to determine which bucket or slot a key belongs to. ## Why it matters Hash tables provide average-case **O(1)** time for insertions, lookups, and deletions, making them essential for fast indexing, caches, symbol tables, and many algorithmic optimizations. Understanding collisions and resolution affects performance and correctness. ## How it works 1. Compute a hash from the key (often an integer or the result of `hash(key)`). 2. Map the hash to an index via modulo or bitmasking onto the table capacity. 3. Place the `(key, value)` pair into that bucket or probe for an open slot. 4. On lookup, compute the same index and search the bucket or follow the probing sequence. Python\'s built-in `dict` implements a tuned **open addressing** scheme (with perturbation and probe sequences) plus automatic resizing. It stores entries in contiguous arrays for great cache locality and uses special markers for deleted slots. When load factor grows, `dict` resizes to maintain speed. ## Common mistakes - Assuming `hash(str)` is stable across interpreter runs: Python randomizes string hashes by default, so don\'t rely on cross-process hash values; use integers for deterministic examples. - Confusing bucket order with insertion order: a plain hash table\'s internal bucket arrangement is unrelated to insertion order; Python 3.7+ preserves insertion order at the `dict` API level, but that is a separate guarantee layered on top of the hash table internals. - Using a too-small capacity without resizing: this increases collisions and degrades performance; implement resizing or rely on `dict` which resizes automatically. ## Summary - **Hashing** maps keys to table indices for fast access. - **Collisions** occur when different keys map to the same index; resolve with **chaining** or **open addressing**. - **Python `dict`** uses an optimized open-addressing scheme with resizing for average O(1) performance. - For deterministic examples, use integer keys and be mindful of load factors. ```python # Example: simple chaining-based hash table to demonstrate collisions class HashTable: def __init__(self, capacity=3): self.capacity = capacity self.buckets = [[] for _ in range(capacity)] def put(self, key, value): idx = key % self.capacity self.buckets[idx].append((key, value)) def get(self, key): idx = key % self.capacity for k, v in self.buckets[idx]: if k == key: return v return None ht = HashTable(3) ht.put(1, \'one\') ht.put(4, \'four\') # collides with 1 when capacity is 3 print(ht.buckets) print(ht.get(4)) ```\n\nUseful Resources:\n\n- https://docs.python.org/3/library/stdtypes.html#mapping-types-dict\n\n- https://realpython.com/python-dicts/\n\n{{video: https://www.youtube.com/watch?v=daefaLgNkw0}}\n\nExample:\n\n```class HashTable:\n    def __init__(self, capacity=3):\n        self.capacity = capacity\n        self.buckets = [[] for _ in range(capacity)]\n\ndef put(self, key, value):\n        idx = key % self.capacity\n        self.buckets[idx].append((key, value))\n\nht = HashTable(3)\nht.put(1, \'one\')\nht.put(4, \'four\')  # 1 and 4 collide when capacity is 3\nprint(ht.buckets)\nprint(ht.buckets[1])\n```\n\nLive Coding Task:\n\nRun the starter code, then complete the TODOs.\n\n{{starter:\nclass HashTable:\n    def __init__(self, capacity=3):\n        self.capacity = capacity\n        self.buckets = [[] for _ in range(capacity)]\n\n    def put(self, key, value):\n        index = key % self.capacity\n        self.buckets[index].append((key, value))\n\n\nht = HashTable(3)\n\nht.put(1, \"one\")\nht.put(4, \"four\")\nht.put(7, \"seven\")\n\nprint(ht.buckets)\nprint(ht.buckets[1])\n}}\n\n{{answer: [[], [(1, \'one\'), (4, \'four\'), (7, \'seven\')], []]\n[(1, \'one\'), (4, \'four\'), (7, \'seven\')]}}','https://www.youtube.com/watch?v=daefaLgNkw0',1,15,1,'2026-05-21 17:34:59','2026-05-21 19:47:48',NULL,'python'),('3eb90ff3-5522-11f1-9abe-6c02e0d26821','3eb1ad1b-5522-11f1-9abe-6c02e0d26821','Demonstrate Heaps and Priority Queues with heapq','mixed',1,'Show how to use Python\'s `heapq` to implement min- and max-priority queues, perform `heappush`/`heappop`, and convert lists to heaps. Learn why heaps are efficient for repeated smallest/largest extraction and a common pitfall: `heapq` is a min-heap only, so implement max-heaps by negating values. Watch out for in-place `heapify` modifying the original list.','## What is a Heap and Priority Queue A **heap** is a specialized binary tree that satisfies the heap property: each parent node is <= (min-heap) or >= (max-heap) its children. A **priority queue** uses a heap to return the highest-priority item quickly. In Python, `heapq` provides a fast min-heap implementation via a list. ## Why it matters Heaps give O(log n) insertion and removal for priority operations, which is far better than sorting repeatedly. They are used in algorithms like Dijkstra\'s shortest paths, event simulation, and scheduling. ## How it works - Use `heapq.heapify(list)` to transform a list into a heap in O(n) time. - Use `heapq.heappush(heap, item)` to add an item in O(log n). - Use `heapq.heappop(heap)` to remove and return the smallest item in O(log n). `heapq` is a **min-heap** only; implement a max-heap by storing negated values and negating back on pop. Example: ```python import heapq vals = [3, 1, 4] min_h = vals[:] heapq.heapify(min_h) heapq.heappush(min_h, 0) print([heapq.heappop(min_h) for _ in range(len(min_h))]) max_h = [-v for v in vals] heapq.heapify(max_h) heapq.heappush(max_h, -5) print([-heapq.heappop(max_h) for _ in range(len(max_h))]) ``` ## Common mistakes - Assuming `heapq` supports a max-heap: fix by negating values on insert/pop. - Forgetting that `heapify` mutates the list: avoid reusing the original list or copy it first. - Expecting O(1) arbitrary deletions: `heapq` does not efficiently delete arbitrary elements; use lazy deletion or another structure. ## Summary - **heapq** provides a fast min-heap using Python lists. - Use `heapify`, `heappush`, and `heappop` for O(n) build and O(log n) updates. - Implement max-heap by negating values. - Heaps are ideal for repeated min/max extraction tasks like scheduling and shortest paths.\n\nUseful Resources:\n\n- https://docs.python.org/3/library/heapq.html\n\n- https://realpython.com/python-heapq-module/\n\n\nExample:\n\n```import heapq\n\n# Simple example: min-heap\nh = [3, 1, 4]\nheapq.heapify(h)\nheapq.heappush(h, 0)\nprint(heapq.heappop(h))  # prints 0\n\n# Max-heap via negation\nmh = [-x for x in [3, 1, 4]]\nheapq.heapify(mh)\nheapq.heappush(mh, -5)\nprint(-heapq.heappop(mh))  # prints 5\n```\n\nLive Coding Task:\n\nRun the starter code, then complete the TODOs.\n\n{{starter:\nimport heapq\n\n# Starter list of numbers\nnums = [5, 1, 3, 2, 8]\n\n# -------- Min Heap --------\nmin_heap = nums[:]\nheapq.heapify(min_heap)\nheapq.heappush(min_heap, 0)\n\nsmallest = heapq.heappop(min_heap)\nnext_smallest = heapq.heappop(min_heap)\n\nprint(\"Min-heap popped:\", smallest, next_smallest)\n\n# -------- Max Heap --------\nmax_heap = [-n for n in nums]\nheapq.heapify(max_heap)\nheapq.heappush(max_heap, -7)\n\nlargest = -heapq.heappop(max_heap)\nnext_largest = -heapq.heappop(max_heap)\n\nprint(\"Max-heap popped:\", largest, next_largest)\n}}\n\n{{answer:Min-heap popped: 0 1\nMax-heap popped: 8 7}}','https://www.youtube.com/watch?v=F2JCjVSZlG0',2,12,1,'2026-05-21 17:34:59','2026-05-21 19:52:24',NULL,'python'),('3eba3830-5522-11f1-9abe-6c02e0d26821','3eb1ad1b-5522-11f1-9abe-6c02e0d26821','Apply Binary Trees: Implement Traversals and Recursive Operations','mixed',1,'Implement a binary tree node and write recursive pre-order, in-order, and post-order traversals in Python. Learn how to return traversal lists, combine subtree results, and analyze runtime and space complexity. This lesson teaches practical recursive patterns for tree operations and warns against common pitfalls such as missing base cases or reusing a single mutable list across recursive calls, which produces incorrect traversal outputs.','## What is a binary tree traversal A **binary tree traversal** is a systematic way to visit every node in a binary tree. Common orders are **pre-order** (`root, left, right`), **in-order** (`left, root, right`), and **post-order** (`left, right, root`). Each traversal can be implemented with simple recursion that returns a list of visited node values. ## Why it matters Tree traversals are fundamental to many algorithms: expression evaluation, tree serialization, search helpers, and many LeetCode-style problems. Knowing how to implement traversals cleanly and return results makes tree-based problem solving straightforward and testable. ## How it works Each recursive traversal follows the same pattern: handle the **base case** (`None` returns an empty list), then combine results from subcalls in the required order. Returning new lists from each call avoids shared-mutable-list bugs and makes reasoning about complexity clear. Example implementation (small tree): ```python class Node: def __init__(self, val, left=None, right=None): self.val = val self.left = left self.right = right def preorder(node): if not node: return [] return [node.val] + preorder(node.left) + preorder(node.right) # build tree: 1 with children 2 and 3 root = Node(1, Node(2), Node(3)) print(preorder(root)) # -> [1, 2, 3] ``` ## Common mistakes - Missing the base case: forgetting `if not node: return []` results in exceptions or infinite recursion; always include it. - Reusing a single list across recursive calls: appending into a shared list argument can mix results from sibling calls; instead, return new lists and combine. - Confusing traversal order: draw the tree and step through a small example to verify the order before generalizing. ## Summary - Use **recursion** with a clear base case for binary tree traversals. - Prefer returning new lists from recursive calls and combining them rather than mutating a shared list. - Pre-order: `root, left, right`; In-order: `left, root, right`; Post-order: `left, right, root`. - Analyze runtime as **O(n)** for traversals and space **O(h)** for recursion stack (where `h` is tree height).\n\nUseful Resources:\n\n- https://realpython.com/binary-tree-python/\n\n{{video: https://www.youtube.com/watch?v=6oL-0TdVy28}}\n\nExample:\n\n```class Node:\n    def __init__(self, val, left=None, right=None):\n        self.val = val\n        self.left = left\n        self.right = right\n\ndef preorder(node):\n    if not node:\n        return []\n    return [node.val] + preorder(node.left) + preorder(node.right)\n\n# small example tree\nroot = Node(1, Node(2), Node(3))\nprint(preorder(root))  # -> [1, 2, 3]\n```\n\nLive Coding Task:\n\nRun the starter code, then complete the TODOs.\n\n{{starter:\nclass Node:\n    def __init__(self, val):\n        self.val = val\n        self.left = None\n        self.right = None\n\ndef preorder(node):\n    if node is None:\n        return []\n\n    return [node.val] + preorder(node.left) + preorder(node.right)\n\n# example tree\n#      1\n#     / \\\n#    2   3\n\nroot = Node(1)\nroot.left = Node(2)\nroot.right = Node(3)\n\nprint(preorder(root))\n}}\n\n{{answer: [1, 2, 3]}}','https://www.youtube.com/watch?v=6oL-0TdVy28',3,15,1,'2026-05-21 17:34:59','2026-05-21 19:53:34',NULL,'python'),('3ebb2eb0-5522-11f1-9abe-6c02e0d26821','3eb1ad1b-5522-11f1-9abe-6c02e0d26821','Handle Binary Search Trees: Insert, Delete, and Degenerate Cases','mixed',1,'Implement BST `insert`, `delete`, and `search` in Python, handling duplicates and skewed (degenerate) trees. Learn why correct deletion cases (leaf, one child, two children) matter for correctness and complexity, and avoid common pitfalls like mishandling inorder successor or allowing silent duplicates that corrupt structure.','## What is BST insert/delete/search A **Binary Search Tree (BST)** is a binary tree where for every node, all keys in the left subtree are less than the node key and all keys in the right subtree are greater. `insert` places a new value preserving BST order, `search` locates a key, and `delete` removes a key while maintaining structure. ## Why it matters BST operations are fundamental building blocks for ordered collections and many algorithms (set/map implementations, search optimizations). Correct deletion is crucial: mishandling the three deletion cases can corrupt the tree and degrade performance to linear time in degenerate (skewed) trees. ## How it works 1. `insert`: recurse down left/right following comparisons and attach a new node at a null child. 2. `search`: recurse left or right based on comparisons until found or reached null. 3. `delete`: handle three cases: - **Leaf**: simply remove the node. - **One child**: replace the node with its non-null child. - **Two children**: find the node\'s inorder successor (smallest node in right subtree), copy its value to the node, then delete the successor node from the right subtree. Use `inorder` traversal to verify tree integrity since it yields sorted keys for BSTs. ## Common mistakes - Forgetting to return the updated subtree root after recursion, which breaks parent links; always return the subtree root. - Mishandling the two-child deletion by deleting the successor incorrectly; find the minimum in the right subtree and delete that exact node. - Allowing duplicates without a clear policy; either reject duplicates or define a convention (e.g., insert duplicates to the right) and apply it consistently. ## Summary - **insert**, **search**, and **delete** maintain BST invariants. - Deletion has three distinct cases (leaf, one child, two children); handle each explicitly. - Use `inorder` traversal to validate tree structure because it returns sorted keys. - Skewed insertions produce degenerate trees with O(n) operations; balance strategies are separate topics. ```python # Example: small BST insert and search class Node: def __init__(self, key): self.key = key self.left = None self.right = None def insert(root, key): if root is None: return Node(key) if key < root.key: root.left = insert(root.left, key) else: root.right = insert(root.right, key) return root root = None for k in [50, 30, 70, 20, 40]: root = insert(root, k) # Inorder should be sorted def inorder(root): return inorder(root.left) + [root.key] + inorder(root.right) if root else [] print(inorder(root)) ```\n\nUseful Resources:\n\n- https://realpython.com/binary-search-tree-python/\n\nExample:\n\n```class Node:\n    def __init__(self, key):\n        self.key = key\n        self.left = None\n        self.right = None\n\ndef insert(root, key):\n    if root is None:\n        return Node(key)\n    if key < root.key:\n        root.left = insert(root.left, key)\n    else:\n        root.right = insert(root.right, key)\n    return root\n\nroot = None\nfor k in [5, 2, 8]:\n    root = insert(root, k)\n\nprint(inorder(root))\n```\n\nLive Coding Task:\n\nRun the starter code, then complete the TODOs.\n\n{{starter:\nclass Node:\n    def __init__(self, key):\n        self.key = key\n        self.left = None\n        self.right = None\n\n\ndef insert(root, key):\n    if root is None:\n        return Node(key)\n\n    if key < root.key:\n        root.left = insert(root.left, key)\n    else:\n        root.right = insert(root.right, key)\n\n    return root\n\n\ndef inorder(root):\n    if root is None:\n        return []\n\n    return inorder(root.left) + [root.key] + inorder(root.right)\n\n\nroot = None\nfor k in [5, 2, 8]:\n    root = insert(root, k)\n\nprint(inorder(root))\n}}\n\n{{answer: [2, 5, 8]}}',NULL,4,15,0,'2026-05-21 17:34:59','2026-05-21 19:54:25',NULL,'python'),('3ec506ed-5522-11f1-9abe-6c02e0d26821','3eb1ad1b-5522-11f1-9abe-6c02e0d26821','Optimize Tree Structures: When to Use Balanced Trees or Heaps','mixed',1,'Compare heaps, plain BSTs, and balanced tree strategies to choose the best data structure for different workloads. Learn performance trade-offs for inserts, deletes, searches, and top-k operations, why unbalanced BSTs can degenerate, and when a heap is the simpler, faster choice. Watch for the common pitfall: using a heap for frequent arbitrary searches or an unbalanced BST when adversarial inserts are possible.','## What is a heap vs BST vs balanced tree A **heap** is a specialized tree-based data structure that guarantees fast access to the min/max element (`O(1)` peek, `O(log n)` push/pop) but does not support efficient arbitrary search or ordered traversal. A plain **Binary Search Tree (BST)** supports ordered traversal and `O(h)` search/insert/delete where `h` is tree height. A **balanced tree** (AVL/Red-Black) enforces `h = O(log n)`, guaranteeing `O(log n)` for these ops. ## Why it matters Choosing the right structure directly affects algorithm performance. Use a heap when you only need repeated access to the current min/max or for priority-based processing. Use a BST when you need ordered iteration or range queries. Use a balanced tree when you need both ordered operations and guaranteed logarithmic worst-case bounds. ## How it works 1. Heap: `heapq` in Python maintains the heap invariant; push/pop are `O(log n)`. Contains checks are `O(n)` because the heap is not ordered for arbitrary searches. 2. BST: insert and search traverse down from the root; average case is `O(log n)` for random data, but worst-case degrades to `O(n)` for sorted/adversarial inserts. 3. Balanced trees: rotations or color fixes happen on insert/delete to keep height `O(log n)`, preserving worst-case bounds╪╕┬┬جvaluable in systems with worst-case constraints. Example (demonstration): ```python # Example: build a simple BST and a heap for the same data import heapq data = [7,2,9,1,5,8,3,6,4,10] # Heap: push all, peek smallest heap = [] for n in data: heapq.heappush(heap, n) # Simple unbalanced BST class BSTNode: def __init__(self, val): self.val = val self.left = None self.right = None def insert(self, v): if v < self.val: if self.left: self.left.insert(v) else: self.left = BSTNode(v) else: if self.right: self.right.insert(v) else: self.right = BSTNode(v) def search(self, v): if v == self.val: return True if v < self.val: return self.left.search(v) if self.left else False return self.right.search(v) if self.right else False root = BSTNode(data[0]) for n in data[1:]: root.insert(n) print(heap[0]) # smallest element from heap print(root.search(5)) # membership test on BST print(root.search(11)) # membership test for absent value ``` ## Common mistakes - Relying on an unbalanced BST for adversarial or sorted input: fix by using a balanced tree implementation or randomizing inserts. - Using a heap for frequent `contains` or deletion of arbitrary elements: fix by using a BST or augmenting with a hash table for membership. - Confusing average-case guarantees with worst-case ones: balanced trees provide worst-case `O(log n)`; unbalanced BSTs do not. ## Summary - **Heaps**: best for repeated min/max access and priority tasks. - **BSTs**: good for ordered traversal and range queries but can degenerate. - **Balanced trees**: provide reliable `O(log n)` worst-case for search/insert/delete. - Choose based on required operations and worst-case guarantees.\n\n\nExample:\n\n```import heapq\n\ndata = [7,2,9,1,5]\nheap = []\nfor n in data:\n    heapq.heappush(heap, n)\n\nclass BSTNode:\n    def __init__(self, v):\n        self.val = v\n        self.left = None\n        self.right = None\n    def insert(self, v):\n        if v < self.val:\n            if self.left: self.left.insert(v)\n            else: self.left = BSTNode(v)\n        else:\n            if self.right: self.right.insert(v)\n            else: self.right = BSTNode(v)\n    def search(self, v):\n        if v == self.val: return True\n        if v < self.val: return self.left.search(v) if self.left else False\n        return self.right.search(v) if self.right else False\n\nroot = BSTNode(data[0])\nfor n in data[1:]:\n    root.insert(n)\n\nprint(heap[0])\nprint(root.search(5))\n```\n\nLive Coding Task:\n\nRun the starter code, then complete the TODOs.\n\n{{starter:\nimport heapq\n\nnums = [10, 4, 15, 2, 8]\n\n# -------- Heap --------\nheap = []\nfor n in nums:\n    heapq.heappush(heap, n)\n\n# -------- BST --------\nclass BSTNode:\n    def __init__(self, val):\n        self.val = val\n        self.left = None\n        self.right = None\n\n    def insert(self, v):\n        if v < self.val:\n            if self.left:\n                self.left.insert(v)\n            else:\n                self.left = BSTNode(v)\n        else:\n            if self.right:\n                self.right.insert(v)\n            else:\n                self.right = BSTNode(v)\n\n    def search(self, v):\n        if self.val == v:\n            return True\n        if v < self.val:\n            return self.left.search(v) if self.left else False\n        return self.right.search(v) if self.right else False\n\nroot = BSTNode(nums[0])\n\nfor n in nums[1:]:\n    root.insert(n)\n\nprint(heap[0])\nprint(root.search(15))\n}}\n\n{{answer: 2\nTrue}}','https://www.youtube.com/watch?v=wjI1WNcIntg',5,15,1,'2026-05-21 17:34:59','2026-05-21 19:55:52',NULL,'python'),('3ec6efa0-5522-11f1-9abe-6c02e0d26821','3ec5d05d-5522-11f1-9abe-6c02e0d26821','Define Graphs: Representations and Terminology','mixed',1,'Introduce graph representations (adjacency list and adjacency matrix), define directed/undirected and weighted/unweighted, and cover core terminology like vertex, edge, degree, path, and cycle. Explains when each representation is preferable and a common pitfall: inconsistent edge direction or neighbor ordering that breaks deterministic output. Includes Python examples to build and print both representations.','## What is a graph A **graph** is a collection of **vertices** (nodes) connected by **edges** (links). Each edge connects two vertices; edges may be **directed** (one-way) or **undirected** (two-way), and they can carry a **weight** (numeric cost) or be **unweighted**. In code, graphs are commonly represented as an **adjacency list** or an **adjacency matrix** using basic Python types like `dict` and `list`. ## Why it matters Graphs model networks: social networks, road maps, dependency graphs, and many algorithmic problems. Choosing the right representation affects both space and time complexity: adjacency lists are memory-efficient for sparse graphs, while adjacency matrices enable O(1) edge-existence checks and are simpler for dense graphs. ## How it works Adjacency list: - Represented as a mapping from vertex to a list of neighbor vertices, e.g. `0: [1, 2]`. - For **undirected** edges, store both directions: when adding `(a, b)`, append `b` to `a` and `a` to `b`. Adjacency matrix: - A square `n x n` matrix where `matrix[i][j]` is 1 if an edge exists (or the weight for weighted graphs), otherwise 0. - For undirected graphs the matrix is symmetric. Example code below builds both representations for a small undirected graph and prints them deterministically by sorting neighbor lists. ```python # Example: build and print both representations nodes = 4 edges = [(0,1),(0,2),(1,2),(2,3)] # adjacency list adj = {i: [] for i in range(nodes)} for a,b in edges: adj[a].append(b) adj[b].append(a) for k in adj: adj[k].sort() # adjacency matrix matrix = [[0]*nodes for _ in range(nodes)] for a,b in edges: matrix[a][b] = 1 matrix[b][a] = 1 print(\'Adjacency List:\') for k in sorted(adj): print(f\'{k}: {adj[k]}\') print(\'\') print(\'Adjacency Matrix:\') for row in matrix: print(row) ``` ## Common mistakes - Not adding both directions for **undirected** edges; fix by inserting both `adj[a].append(b)` and `adj[b].append(a)`. - Unstable neighbor ordering causing non-deterministic prints; fix by sorting neighbor lists before output. - Using an adjacency matrix for extremely sparse large graphs; this wastes O(n^2) memory╪╕┬┬جprefer an adjacency list. ## Summary - **Adjacency list**: memory-efficient for sparse graphs; store neighbors per vertex. - **Adjacency matrix**: O(1) edge checks and easy for dense graphs; uses O(n^2) space. - Know **directed vs undirected** and **weighted vs unweighted**; implement edge insertion accordingly. - Keep neighbor lists ordered for deterministic behavior when printing or testing.\n\n{{video: https://www.youtube.com/watch?v=gXgEDyodOJU}}\n\nExample:\n\n```nodes = 4\nedges = [(0,1),(0,2),(1,2),(2,3)]\n\nadj = {i: [] for i in range(nodes)}\nfor a,b in edges:\n    adj[a].append(b)\n    adj[b].append(a)\nfor k in adj:\n    adj[k].sort()\n\nmatrix = [[0]*nodes for _ in range(nodes)]\nfor a,b in edges:\n    matrix[a][b] = 1\n    matrix[b][a] = 1\n\nprint(\'Adjacency List:\')\nfor k in sorted(adj):\n    print(f\'{k}: {adj[k]}\')\n\nprint(\'\')\nprint(\'Adjacency Matrix:\')\nfor row in matrix:\n    print(row)\n```\n\nLive Coding Task:\n\nRun the starter code, then complete the TODOs.\n\n{{starter:\nnodes = 4\nedges = [(0, 2), (1, 2), (1, 3)]\n\n# -------- Adjacency List --------\nadj = {i: [] for i in range(nodes)}\n\nfor a, b in edges:\n    adj[a].append(b)\n    adj[b].append(a)\n\nfor i in adj:\n    adj[i].sort()\n\n# -------- Adjacency Matrix --------\nmatrix = [[0] * nodes for _ in range(nodes)]\n\nfor a, b in edges:\n    matrix[a][b] = 1\n    matrix[b][a] = 1\n\n# -------- Print --------\nprint(\"Adjacency List:\")\nfor k in sorted(adj):\n    print(k, \":\", adj[k])\n\nprint(\"\\nAdjacency Matrix:\")\nfor row in matrix:\n    print(row)\n}}\n\n{{answer: Adjacency List:\n0 : [2]\n1 : [2, 3]\n2 : [0, 1]\n3 : [1]\n\nAdjacency Matrix:\n[0, 0, 1, 0]\n[0, 0, 1, 1]\n[1, 1, 0, 0]\n[0, 1, 0, 0]}}','https://www.youtube.com/watch?v=gXgEDyodOJU',1,15,1,'2026-05-21 17:34:59','2026-05-21 20:04:08',NULL,'python'),('3ec8a0cd-5522-11f1-9abe-6c02e0d26821','3ec5d05d-5522-11f1-9abe-6c02e0d26821','Demonstrate BFS and DFS Traversals in Python','mixed',1,'Show how to implement **BFS** (queue-based) and **DFS** (recursive) on an adjacency-list graph in Python, explain time/space complexity, and highlight common pitfalls like revisiting nodes or wrong neighbor order. This lesson focuses on practical implementations using `collections.deque` and `set` for visited tracking, and warns about recursion depth and marking visited too late.','## What is BFS and DFS Traversal **Breadth-First Search (BFS)** explores a graph level by level using a **queue**, visiting all neighbors of a node before moving deeper. **Depth-First Search (DFS)** dives as deep as possible first, often implemented recursively or with a **stack**. Both operate on an adjacency-list representation. ## Why it matters Graph traversals are foundational for shortest-paths, connectivity checks, cycle detection, and many algorithmic problems. Efficient traversal and correct visited tracking are essential to prevent infinite loops and to guarantee correct ordering for algorithms built on top of traversals. ## How it works 1. For **BFS**: use a `deque` and a `visited` set; mark nodes as visited when they are enqueued to avoid duplicates. 2. For **DFS (recursive)**: call a helper that marks the current node visited, records it, then recurses on unvisited neighbors in order. 3. Both algorithms run in **O(V + E)** time for adjacency lists, and use **O(V)** extra space for `visited` and recursion/queue storage. ```python # BFS: enqueue start, mark visited immediately # DFS (recursive): mark visited on entry, recurse on neighbors ``` ## Common mistakes - Forgetting to mark a node as visited when enqueued in BFS causes nodes to be added multiple times and incorrect ordering; fix by adding to `visited` at enqueue time. - In DFS, marking visited only after recursion can lead to infinite recursion on cycles; mark visited before recursing. - Assuming neighbor order won\'t affect traversal: different neighbor ordering yields different valid traversals; be explicit about neighbor lists when order matters. ## Summary - **BFS** uses a `queue` and explores level-by-level; **DFS** uses recursion or a stack and explores depth-first. - Both are **O(V + E)** time on adjacency lists and **O(V)** extra space. - Always use a `visited` set and mark nodes when enqueued/entered. - Neighbor order affects traversal results, so define adjacency lists deterministically.\n\nUseful Resources:\n\n- https://docs.python.org/3/library/collections.html#collections.deque\n\n{{video: https://www.youtube.com/watch?v=7fujbpJ0LB4}}\n\nExample:\n\n```from collections import deque\n\n# BFS example\ngraph = {0: [1,2], 1: [0,3,4], 2: [0,5], 3: [1], 4: [1,5], 5: [2,4]}\n\ndef bfs(graph, start):\n    q = deque([start])\n    visited = {start}\n    order = []\n    while q:\n        u = q.popleft()\n        order.append(u)\n        for v in graph.get(u, []):\n            if v not in visited:\n                visited.add(v)\n                q.append(v)\n    return order\n\nprint(bfs(graph, 0))  # -> [0, 1, 2, 3, 4, 5]\n```\n\nLive Coding Task:\n\nRun the starter code, then complete the TODOs.\n\n{{starter:\nfrom collections import deque\n\n# graph example\ngraph = {\n    0: [1, 3],\n    1: [0, 2, 4],\n    2: [1],\n    3: [0, 4],\n    4: [1, 3]\n}\n\ndef bfs(graph, start):\n    q = deque([start])\n    visited = {start}\n    order = []\n\n    while q:\n        u = q.popleft()\n        order.append(u)\n\n        for v in graph.get(u, []):\n            if v not in visited:\n                visited.add(v)\n                q.append(v)\n\n    return order\n\n\nprint(bfs(graph, 0))\n}}\n\n{{answer: [0, 1, 3, 2, 4]}}','https://www.youtube.com/watch?v=7fujbpJ0LB4',2,15,1,'2026-05-21 17:34:59','2026-05-21 20:04:04',NULL,'python'),('3ec9d621-5522-11f1-9abe-6c02e0d26821','3ec5d05d-5522-11f1-9abe-6c02e0d26821','Apply Shortest Path Algorithms: Dijkstra with Heaps','mixed',1,'Implement Dijkstra╪╕┬╪تs algorithm using a priority queue (`heapq`) to compute shortest paths in weighted graphs. Learn why the heap reduces complexity from O(V^2) to O((V+E) log V) and when to skip outdated heap entries. Beware of forgetting to ignore stale queue entries or using an adjacency-matrix approach that wastes time on sparse graphs.','## What is Dijkstra with a Heap Dijkstra\'s algorithm finds the **shortest path** from a source node to all reachable nodes in a graph with **non-negative edge weights**. Using a binary heap (Python\'s `heapq`) stores frontier vertices by tentative distance so we always expand the current closest node next. ## Why it matters Efficient shortest-path computations are fundamental to routing, maps, network analysis, and many optimization tasks. Replacing a linear selection of the next node with a **priority queue** improves performance on larger graphs, especially when edges are sparse. ## How it works 1. Initialize all distances to `inf`, set source distance to `0`, and push `(0, source)` to the heap. 2. While the heap is not empty, `pop` the smallest-distance entry `(dist, node)`. 3. If `dist` is greater than the recorded best distance for `node`, skip this stale entry. 4. Otherwise, relax each neighbor `(nei, weight)` by checking if `dist + weight` is better than the recorded distance, update the distance, and `heappush` the new tentative distance. This produces final shortest distances in `O((V+E) log V)` time using `heapq` operations. ## Common mistakes - Pushing updated distances without skipping stale entries: forgetting to check `if dist > best[node]: continue` causes redundant work and wrong assumptions about correctness. - Using an adjacency matrix for sparse graphs: this can degrade performance to O(V^2) unnecessarily; prefer adjacency lists for sparse graphs. - Allowing negative weights: Dijkstra requires **non-negative** edge weights; use Bellman-Ford for graphs with negative edges. ## Summary - Use `heapq` to always expand the currently closest node. - Always skip **stale** heap entries when `dist > best[node]`. - Represent graphs as adjacency lists for efficiency on sparse graphs. - Dijkstra with a heap runs in roughly `O((V+E) log V)` and requires non-negative weights. ```python # Short example: computes distances from \'A\' and prints sorted results import heapq def dijkstra(graph, src): dist = {n: float(\'inf\') for n in graph} dist[src] = 0 heap = [(0, src)] while heap: d, u = heapq.heappop(heap) if d > dist[u]: continue for v, w in graph[u]: nd = d + w if nd < dist[v]: dist[v] = nd heapq.heappush(heap, (nd, v)) return dist graph = { \'A\': [(\'B\', 1), (\'C\', 4)], \'B\': [(\'A\', 1), (\'C\', 2), (\'D\', 5)], \'C\': [(\'A\', 4), (\'B\', 2), (\'D\', 1)], \'D\': [(\'B\', 5), (\'C\', 1), (\'E\', 3)], \'E\': [(\'D\', 3)] } print(\'\\n\'.join(f\"{n}: {d}\" for n, d in sorted(dijkstra(graph, \'A\').items()))) ```\n\n{{video: https://www.youtube.com/watch?v=pVfj6mxhdMw}}\n\nExample:\n\n```import heapq\n\ngraph = {\'A\': [(\'B\', 2)], \'B\': [(\'A\', 2), (\'C\', 3)], \'C\': [(\'B\', 3)]}\n\ndef dijkstra(graph, src):\n    dist = {n: float(\'inf\') for n in graph}\n    dist[src] = 0\n    heap = [(0, src)]\n\nwhile heap:\n        d, u = heapq.heappop(heap)\n        if d > dist[u]:\n            continue\n        for v, w in graph[u]:\n            nd = d + w\n            if nd < dist[v]:\n                dist[v] = nd\n                heapq.heappush(heap, (nd, v))\n    return dist\n\nprint(dijkstra(graph, \'A\'))\n```\n\nLive Coding Task:\n\nRun the starter code, then complete the TODOs.\n\n{{starter:\ngraph = {\n    \'A\': {\'B\': 2},\n    \'B\': {\'A\': 2, \'C\': 3},\n    \'C\': {\'B\': 3}\n}\n\ndef dijkstra(graph, start):\n    distances = {node: float(\'inf\') for node in graph}\n    distances[start] = 0\n    visited = set()\n\n    while len(visited) < len(graph):\n        current = None\n        current_dist = float(\'inf\')\n\n        for node in graph:\n            if node not in visited and distances[node] < current_dist:\n                current = node\n                current_dist = distances[node]\n\n        visited.add(current)\n\n        for neighbor in graph[current]:\n            new_dist = distances[current] + graph[current][neighbor]\n            if new_dist < distances[neighbor]:\n                distances[neighbor] = new_dist\n\n    return distances\n\nprint(dijkstra(graph, \'A\'))\n}}\n\n{{answer: {\'A\': 0, \'B\': 2, \'C\': 5}}}','https://www.youtube.com/watch?v=pVfj6mxhdMw',3,15,1,'2026-05-21 17:34:59','2026-05-21 20:06:07',NULL,'python'),('3eca5225-5522-11f1-9abe-6c02e0d26821','3ec5d05d-5522-11f1-9abe-6c02e0d26821','Handle Cycle Detection and Topological Sorting','mixed',1,'Learn how to detect cycles in directed graphs and produce a topological ordering for DAGs in Python. This lesson covers DFS-based cycle detection using node states and a DFS post-order topological sort, including handling disconnected components. Watch for edge cases: self-loops and cycles invalidate topological ordering and must be detected before sorting to avoid incorrect results.','# # What is cycle detection and topological sort Cycle detection finds whether a directed graph contains a directed cycle; a cycle makes a topological ordering impossible. Topological sort produces a linear ordering of nodes in a Directed Acyclic Graph (DAG) such that every directed edge u╪╕┬┘ْv has u before v. # # Why it matters Many scheduling and dependency problems (build systems, task ordering, course prerequisites) require a **topological order** to run tasks in a valid sequence. Detecting cycles early prevents attempting to sort an impossible graph and surfaces dependency issues. # # How it works Use a DFS with a **three-state visitation** model: `0` = unvisited, `1` = visiting (in recursion stack), `2` = visited. When DFS reaches a neighbor in state `1` a cycle is found. For topological sort, do a DFS post-order append of nodes and then reverse the list to get a valid order for a DAG. Handle disconnected graphs by launching DFS from every unvisited node. ```python # Pseudocode for DFS cycle check state = {} def dfs(node): state[node] = \'visiting\' for neighbor in adj[node]: if state.get(neighbor) == \'visiting\': return True if state.get(neighbor) != \'visited\': if dfs(neighbor): return True state[node] = \'visited\' return False ``` # # Common mistakes - Forgetting disconnected components: always start DFS from every unvisited node to cover isolated subgraphs. Fix: iterate all nodes and call DFS when unvisited. - Not detecting self-loops: an edge from a node to itself is a cycle. Fix: treat neighbors equally in the DFS and detect `visiting` state. - Attempting to topo-sort a graph with a cycle: this yields incorrect results rather than an error. Fix: check for cycles first and abort sorting if one exists. # # Summary - **Detect cycles** with DFS using three visitation states. - **Topological sort** uses DFS post-order reversed, but only for DAGs. - **Handle disconnected graphs** by iterating all nodes and starting DFS when needed. - **Check for self-loops and cycles** before trusting a topological order.\n\nUseful Resources:\n\n- https://www.geeksforgeeks.org/topological-sorting/\n\n- https://cp-algorithms.com/graph/topological-sort.html\n\n- https://realpython.com/python-graphs-intro/\n\n\nExample:\n\n```# example: DFS-based topo sort on a DAG\n\ngraph = {\n    \'shirt\': [\'tie\', \'belt\'],\n    \'tie\': [\'jacket\'],\n    \'belt\': [\'jacket\'],\n    \'jacket\': []\n}\n\nvisited = set()\norder = []\n\ndef dfs(u):\n    visited.add(u)\n    for v in graph[u]:\n        if v not in visited:\n            dfs(v)\n    order.append(u)\n\nfor node in graph:\n    if node not in visited:\n        dfs(node)\n\norder.reverse()\nprint(order)\n```\n\nLive Coding Task:\n\nRun the starter code, then complete the TODOs.\n\n{{starter:\ngraph = {\n    \'shirt\': [\'tie\', \'belt\'],\n    \'tie\': [\'jacket\'],\n    \'belt\': [\'jacket\'],\n    \'jacket\': []\n}\n\nvisited = set()\nresult = []\n\ndef dfs(node):\n    if node in visited:\n        return\n\n    visited.add(node)\n\n    for neighbor in graph[node]:\n        dfs(neighbor)\n\n    result.append(node)\n\nfor node in graph:\n    dfs(node)\n\nprint(result[::-1])\n}}\n\n{{answer: [\'shirt\', \'belt\', \'tie\', \'jacket\']}}','https://www.youtube.com/watch?v=ddTC4Z0GLk',4,15,1,'2026-05-21 17:34:59','2026-05-21 20:08:45',NULL,'python'),('3ecad780-5522-11f1-9abe-6c02e0d26821','3ec5d05d-5522-11f1-9abe-6c02e0d26821','Optimize Graph Algorithms for Sparse vs Dense Graphs','mixed',1,'Learn to analyze graph density and pick the best representation and algorithm to minimize time and memory. We\'ll compare adjacency lists vs matrices for neighbor iteration and edge-existence queries, explain when each shines, and highlight a common pitfall: choosing a structure without matching it to the operations required.','## What is graph representation optimization Graph representation optimization is choosing the most suitable internal structure (for example, **adjacency list** or **adjacency matrix**) and algorithm based on the graph\'s **density** and the operations you need to perform, such as neighbor iteration or many edge-existence queries. ## Why it matters Picking the wrong representation wastes time and memory: an adjacency matrix uses O(n^2) memory and is often wasteful for sparse graphs, while an adjacency list provides faster neighbor iteration for sparse graphs but slower edge-existence checks. Choosing appropriately directly improves runtime for real-world problems like routing, social graphs, and pathfinding. ## How it works 1. Measure density: compute edges E and nodes n; density ~ 2E / (n(n-1)) for undirected graphs. 2. Compare costs for the operations you need: - Neighbor iteration: adjacency list cost ~ O(sum of degrees) = O(2E); adjacency matrix cost ~ O(n^2) to scan row entries. - Edge-existence queries: adjacency list average check ~ O(degree) (worst O(n)), adjacency matrix check = O(1). 3. Make the trade-off decision: - If E << n^2 (sparse) and your workload iterates neighbors frequently, prefer **adjacency list**. - If the graph is dense or you perform many edge-existence queries/need constant-time edge lookups, prefer **adjacency matrix** or hybrid approaches. Example code below demonstrates measuring these costs in Python. ## Common mistakes - Assuming adjacency matrix is always faster: this ignores memory and neighbor-iteration cost; for sparse large n it is often slower and memory-heavy. Fix: compute n and E and estimate operations required before choosing. - Using adjacency list for heavy random edge-existence workloads without indexing: fix by using a `set` for neighbor lists or a matrix for O(1) checks. ## Summary - Choose representation based on **operations** (neighbor iteration vs edge existence) and **density**. - Adjacency list is usually best for sparse graphs and neighbor traversal. - Adjacency matrix provides O(1) edge checks but costs O(n^2) memory. - When in doubt, measure expected costs (degrees vs n^2) for your actual workload. ```python # Example: compute costs for a dense-ish graph and compare n = 8 edges = [(i, j) for i in range(n) for j in range(i+1, n)] # near-complete # build adjacency list adj = {i: [] for i in range(n)} for u, v in edges: adj[u].append(v) adj[v].append(u) # neighbor iteration cost (list) and matrix scan cost list_checks = sum(len(adj[i]) for i in range(n)) matrix_checks = n * n print(\"Adjacency list neighbor checks:\", list_checks) print(\"Adjacency matrix neighbor checks:\", matrix_checks) ```\n\n\nExample:\n\n```n = 6\nedges = [(0,1), (0,2), (1,2), (2,3), (3,4), (4,5), (1,5)]\n\nadj = {i: [] for i in range(n)}\nfor u, v in edges:\n    adj[u].append(v)\n    adj[v].append(u)\n\nlist_checks = sum(len(adj[i]) for i in range(n))\nmatrix_checks = n * n\n\nprint(\"Adjacency list neighbor checks:\", list_checks)\nprint(\"Adjacency matrix neighbor checks:\", matrix_checks)\n```\n\nLive Coding Task:\n\nRun the starter code, then complete the TODOs.\n\n{{starter:\nn = 5\nedges = [(0,1), (0,3), (1,2), (1,4), (3,4)]\n\nadj = {i: [] for i in range(n)}\nfor u, v in edges:\n    adj[u].append(v)\n    adj[v].append(u)\n\nlist_checks = sum(len(adj[i]) for i in range(n))\nmatrix_checks = n * n\n\nprint(\"Adjacency list neighbor checks:\", list_checks)\nprint(\"Adjacency matrix neighbor checks:\", matrix_checks)\n}}\n\n{{answer:Adjacency list neighbor checks: 10\nAdjacency matrix neighbor checks: 25}}','https://www.youtube.com/watch?v=oDqjPvD54Ss',5,15,1,'2026-05-21 17:34:59','2026-05-21 20:10:09',NULL,'python'),('3ecc8a6a-5522-11f1-9abe-6c02e0d26821','3ecc364e-5522-11f1-9abe-6c02e0d26821','Define Algorithm Design Patterns for Problem Solving','mixed',1,'Learn the core algorithmic design patterns ╪╕┬┬ج sliding window, two-pointers, divide-and-conquer, greedy, and dynamic programming ╪╕┬┬ج so you can pick a pattern to match problem constraints. Understand when each pattern is appropriate, why it reduces complexity, and a common pitfall: choosing the wrong pattern increases time or space costs. See a practical sliding-window example and a starter exercise to implement it.','## What is algorithm design patterns Algorithm design patterns are reusable strategies that solve broad classes of problems. Examples include **sliding window**, **two-pointers**, **divide-and-conquer**, **greedy**, and **dynamic programming**. Each pattern prescribes a structure and common steps to transform a problem into an efficient algorithm. ## Why it matters Patterns let you recognize the right approach quickly and avoid reinventing solutions. Choosing the correct pattern often converts an impractical brute-force O(n^2) solution into an efficient O(n) or O(n log n) solution. ## How it works - **Sliding window**: maintain a window (range) over a sequence and update its value incrementally when the window moves. Best when you need aggregates over contiguous elements (max/min/sum). - **Two-pointers**: use two indices moving at different rates or directions to solve sorted-array or pair-sum problems without extra memory. - **Divide-and-conquer**: split the problem into subproblems, solve recursively, and combine results (e.g., merge sort, quicksort). - **Greedy**: make the locally optimal choice at each step when it leads to a global optimum (e.g., activity selection). - **Dynamic programming**: store overlapping subproblem results to avoid recomputation; use when optimal substructure and overlapping subproblems are present. ## Common mistakes - Picking **greedy** when the problem lacks a greedy-choice property; fix: verify optimal substructure first. - Using brute-force instead of **sliding window** for contiguous subarray aggregates; fix: compute initial window then update incrementally to O(n). - Excessive recursion depth with **divide-and-conquer**; fix: convert to iterative or ensure balanced splits. ## Summary - Recognize patterns by problem shape: contiguous ╪╕┬┘ْ **sliding window**; two-index constraints ╪╕┬┘ْ **two-pointers**. - Patterns reduce complexity: many transform O(n^2) to O(n) or O(n log n). - Validate correctness: check invariants (window boundaries, pointer movement, DP states). - Practice by implementing small pattern-based functions; this lesson╪╕┬╪تs example demonstrates the **sliding window** to find the maximum sum of a fixed-size subarray. ```python # Example: sliding window - implemented function def max_subarray_sum_k(arr, k): if k <= 0 or k > len(arr): return 0 current = sum(arr[:k]) maximum = current for i in range(k, len(arr)): current += arr[i] - arr[i - k] if current > maximum: maximum = current return maximum print(\"Example max sum for k=3:\", max_subarray_sum_k([2,1,5,1,3,2], 3)) ```\n\nUseful Resources:\n\n- https://realpython.com/algorithmic-thinking/\n\nExample:\n\n```def max_subarray_sum_k(arr, k):\n    if k <= 0 or k > len(arr):\n        return 0\n\ncurrent = sum(arr[:k])\n    maximum = current\n\nfor i in range(k, len(arr)):\n        current += arr[i] - arr[i - k]\n        if current > maximum:\n            maximum = current\n\nreturn maximum\n\nprint(max_subarray_sum_k([2, 1, 5, 1, 3, 2], 3))\n```\n\nLive Coding Task:\n\nRun the starter code, then complete the TODOs.\n\n{{starter:\ndef max_subarray_product_k(arr, k):\n    if k <= 0 or k > len(arr):\n        return 0\n\n    current = 1\n    for i in range(k):\n        current *= arr[i]\n\n    maximum = current\n\n    for i in range(k, len(arr)):\n        current = current * arr[i] // arr[i - k]\n        if current > maximum:\n            maximum = current\n\n    return maximum\n\nprint(max_subarray_product_k([2, 3, 1, 4, 5, 2], 2))\n}}\n\n{{answer:20}}',NULL,1,15,1,'2026-05-21 17:34:59','2026-05-21 20:12:06',NULL,'python'),('3ecd5fb2-5522-11f1-9abe-6c02e0d26821','3ecc364e-5522-11f1-9abe-6c02e0d26821','Divide and Conquer: Merge Sort and Quick Sort','mixed',1,'Implement and compare **merge sort** and **quick sort** in Python to understand their divide-and-conquer strategies, time/space complexity, and stability trade-offs. Learn when to prefer a stable O(n log n) method (merge sort) versus an often in-place average-case O(n log n) method (quicksort), and common pitfalls like worst-case quicksort and extra memory usage in merge sort.','## What is divide-and-conquer sorting Divide-and-conquer sorting splits a problem into smaller subproblems, solves each recursively, and combines the results. **Merge sort** splits arrays, recursively sorts halves, then **merges** sorted halves. **Quick sort** partitions around a pivot, recursively sorts partitions, and concatenates results. ## Why it matters These two algorithms are foundational: they demonstrate recursion, complexity trade-offs, and practical engineering decisions. Use merge sort when **stability** and guaranteed O(n log n) time matter. Use quicksort for typical in-place speed and lower constant factors in practice. ## How it works 1. Merge sort: - Split list in half until size 0 or 1. - Merge two sorted halves using a linear scan. - Complexity: **O(n log n)** time, **O(n)** extra space, and **stable**. 2. Quick sort: - Choose a pivot, partition elements into <, ==, > pivot. - Recursively sort partitions and concatenate. - Average time **O(n log n)**, worst-case **O(n^2)** without protection, and typically **in-place** variants use O(log n) stack space but are **not stable** by default. Below is a compact `merge` helper that the lesson demonstrates and reuses in `merge_sort` and a simple quicksort using a middle pivot. ```python def merge(left, right): result = [] i = j = 0 while i < len(left) and j < len(right): if left[i] <= right[j]: result.append(left[i]) i += 1 else: result.append(right[j]) j += 1 result.extend(left[i:]) result.extend(right[j:]) return result ``` ## Common mistakes - Choosing a bad pivot (e.g., always first element) can cause quicksort worst-case O(n^2); fix by using random or median pivot. - Assuming merge sort is in-place; the standard merge requires extra O(n) space╪╕┬┬جuse in-place merge techniques carefully and only when necessary. - Expecting quicksort to be stable; standard partitioning reorders equal elements. If stability is required, prefer merge sort. ## Summary - **Merge sort**: stable, O(n log n) time, O(n) extra space. - **Quick sort**: average O(n log n) time, worst O(n^2) without pivot strategy, often in-place and faster in practice. - Use pivot selection and consider stability and memory when choosing between them. - Practice both implementations to internalize recursion, partitioning, and merging patterns.\n\nUseful Resources:\n\n- https://docs.python.org/3/howto/sorting.html#sortinghowto\n\n{{video: https://www.youtube.com/watch?v=COk73cpQbFQ}}\n\nExample:\n\n```def merge(left, right):\n    result = []\n    i = j = 0\n    while i < len(left) and j < len(right):\n        if left[i] <= right[j]:\n            result.append(left[i])\n            i += 1\n        else:\n            result.append(right[j])\n            j += 1\n    result.extend(left[i:])\n    result.extend(right[j:])\n    return result\n```\n\nLive Coding Task:\n\nRun the starter code, then complete the TODOs.\n\n{{starter:\ndef merge_unique(left, right):\n    result = []\n    i = j = 0\n\n    while i < len(left) and j < len(right):\n        if left[i] == right[j]:\n            if not result or result[-1] != left[i]:\n                result.append(left[i])\n            i += 1\n            j += 1\n\n        elif left[i] < right[j]:\n            if not result or result[-1] != left[i]:\n                result.append(left[i])\n            i += 1\n\n        else:\n            if not result or result[-1] != right[j]:\n                result.append(right[j])\n            j += 1\n\n    while i < len(left):\n        if not result or result[-1] != left[i]:\n            result.append(left[i])\n        i += 1\n\n    while j < len(right):\n        if not result or result[-1] != right[j]:\n            result.append(right[j])\n        j += 1\n\n    return result\n\nprint(merge_unique([1, 2, 2, 4], [2, 3, 4, 5]))\n}}\n\n{{answer: [1, 2, 3, 4, 5]}}','https://www.youtube.com/watch?v=COk73cpQbFQ',2,15,1,'2026-05-21 17:34:59','2026-05-21 20:15:24',NULL,'python'),('3ece8601-5522-11f1-9abe-6c02e0d26821','3ecc364e-5522-11f1-9abe-6c02e0d26821','Apply Dynamic Programming to Classic Problems','mixed',1,'Learn to solve classic dynamic programming problems using **memoization** and **tabulation** in Python. This lesson shows how to convert exponential recursive solutions into efficient DP implementations, why both techniques matter for time complexity, and a common pitfall where memo storage or table initialization is incorrect. You\'ll run and compare both approaches on Fibonacci numbers to validate correctness.','## What is dynamic programming **Dynamic programming (DP)** is a technique that transforms expensive recursive solutions into efficient algorithms by storing intermediate results. The two main DP strategies are **memoization** (top-down caching) and **tabulation** (bottom-up iterative building). Both use the same recurrence but differ in execution order. ## Why it matters DP reduces exponential time recurrences to polynomial or linear time in many classic problems (Fibonacci, knapsack, coin change). For intermediate developers, mastering DP enables solving interview-style problems and optimizing real-world workloads that exhibit overlapping subproblems and optimal substructure. ## How it works 1. Identify a recurrence (e.g., `fib(n) = fib(n-1) + fib(n-2)`). 2. Memoization: implement the recurrence recursively and cache results in a dictionary to avoid repeated work. 3. Tabulation: allocate a table (`dp`) and iteratively fill it from base cases upward until the desired index. 4. Verify both approaches return the same result for the same input and compare time complexity: memoization and tabulation both achieve O(n) time and O(n) space in the Fibonacci example. Example (short): ```python def fib_memo(n, memo={}): if n in memo: return memo[n] if n <= 1: return n memo[n] = fib_memo(n-1, memo) + fib_memo(n-2, memo) return memo[n] def fib_tab(n): if n <= 1: return n dp = [0] * (n + 1) dp[1] = 1 for i in range(2, n + 1): dp[i] = dp[i-1] + dp[i-2] return dp[n] print(fib_memo(10), fib_tab(10)) ``` ## Common mistakes - Forgetting to initialize the memo/table properly leading to KeyError or incorrect base values; fix by explicitly setting base cases and using `memo=None` or resetting mutable defaults. - Using memoization with a shared mutable default (e.g., `memo={}` in function signature) across calls; fix by creating a new dictionary inside the function when `None` is passed. - Mixing up indices in tabulation (`dp[0]` vs `dp[1]`) which shifts results; fix by carefully defining base cases before the loop. ## Summary - DP uses **memoization** (top-down caching) and **tabulation** (bottom-up table). - Identify recurrence and base cases first, then store intermediate results. - Both approaches convert exponential recursion into linear time for Fibonacci. - Verify correctness by comparing both methods on sample inputs.\n\n{{video: https://www.youtube.com/watch?v=oBt53YbR9Kk}}\n\nExample:\n\n```def fib_memo(n, memo={}):\n    if n in memo:\n        return memo[n]\n    if n <= 1:\n        return n\n    memo[n] = fib_memo(n-1, memo) + fib_memo(n-2, memo)\n    return memo[n]\n\ndef fib_tab(n):\n    if n <= 1:\n        return n\n    dp = [0] * (n + 1)\n    dp[1] = 1\n    for i in range(2, n + 1):\n        dp[i] = dp[i-1] + dp[i-2]\n    return dp[n]\n\nprint(fib_memo(10), fib_tab(10))\n```\n\nLive Coding Task:\n\nRun the starter code, then complete the TODOs.\n\n{{starter:\n# Memoization (Top-down)\ndef ways_memo(n, memo={}):\n    if n in memo:\n        return memo[n]\n    if n <= 1:\n        return 1\n\n    memo[n] = ways_memo(n-1, memo) + ways_memo(n-2, memo)\n    return memo[n]\n\n\n# Tabulation (Bottom-up)\ndef ways_tab(n):\n    if n <= 1:\n        return 1\n\n    dp = [0] * (n + 1)\n    dp[0] = dp[1] = 1\n\n    for i in range(2, n + 1):\n        dp[i] = dp[i-1] + dp[i-2]\n\n    return dp[n]\n\n\nprint(ways_memo(5), ways_tab(5))\n}}\n\n{{answer: 8 8}}','https://www.youtube.com/watch?v=oBt53YbR9Kk',3,15,1,'2026-05-21 17:34:59','2026-05-21 20:16:37',NULL,'python'),('3ecf1015-5522-11f1-9abe-6c02e0d26821','3ecc364e-5522-11f1-9abe-6c02e0d26821','Handle Performance Constraints and Worst-case Inputs','mixed',1,'Learn how to adapt algorithms for strict time and memory limits and how to design tests that expose worst-case behavior. This lesson shows why worst-case inputs matter, how to craft tests that reveal pathological performance, and one common pitfall: relying on average-case guarantees without safeguards against adversarial inputs.','# # What is worst-case input and performance constraints **Worst-case input ** refers to data that forces an algorithm to take the maximum resources (time or memory) it can require. ** Performance constraints ** are limits you must meet (e.g., time per request, memory footprint). This lesson focuses on recognizing, testing for, and mitigating worst-case scenarios so algorithms remain reliable under strict limits. # # Why it matters Real systems face adversarial or degenerate inputs: user-supplied data, long-running streams, or automated testers. An algorithm that performs well on average but degrades badly in the worst case can cause timeouts, outages, or excessive memory use. Designing for worst-case keeps systems robust and predictable. # # How it works 1. Identify the algorithmic complexity and memory bounds of your approach (e.g., O(n^2) time or O(n) memory). 2. Construct tests that force the worst-case behavior for that algorithm. For a naive pair-sum search, a list with no valid pairs forces all comparisons. 3. Replace or mitigate expensive steps: use hashing to trade time for memory (O(n) time, O(n) memory) or change pivot selection in quicksort to avoid O(n^2) on sorted inputs. 4. Measure with realistic limits and include early exits or resource guards when necessary. # # Common mistakes - Assuming average-case is sufficient: some libraries or patterns have adversarial worst cases; ** add safeguards ** like randomized choices or different data structures. - Not designing tests for pathological inputs: a missing test for \\\"no match\\\" or sorted input can hide O(n^2) behavior; ** create targeted worst-case inputs **. - Ignoring memory trade-offs: switching to a hash-based approach speeds up time but uses more memory; ** balance with constraints ** and consider streaming or chunking. # # Summary - ** Detect ** potential worst-case inputs early. - ** Design tests ** that force maximal work for the algorithm. - ** Mitigate ** with alternative data structures or randomized choices. - ** Measure** and balance time vs memory trade-offs. ```python # produce a list that has no two numbers summing to the target # this forces a full search when using a naive pair check def generate_no_pair(n, start=1): nums = list(range(start, start + n)) return nums print(generate_no_pair(5, start=1)) ```\n\nUseful Resources:\n\n- https://wiki.python.org/moin/TimeComplexity\n\n- https://docs.python.org/3/library/stdtypes.html#set\n\n- https://en.wikipedia.org/wiki/Big_O_notation\n\n{{video: https://www.youtube.com/watch?v=V6mKVRU1evU}}\n\nExample:\n\n```def has_pair_sum(nums, target):\n    seen = set()\n    for x in nums:\n        if target - x in seen:\n            return True\n        seen.add(x)\n    return False\n\nprint(has_pair_sum([2, 4, 5, 7, 11], 9))\n```\n\nLive Coding Task:\n\nRun the starter code, then complete the TODOs.\n\n{{starter:\n# naive pair-sum search using nested loops\nnums = [2, 4, 5, 7, 11]\ntarget = 9\n\ndef find_pair_bruteforce(nums, target):\n    # iterate over all distinct pairs\n    for i in range(len(nums)):\n        for j in range(i + 1, len(nums)):\n            if nums[i] + nums[j] == target:\n                return nums[i], nums[j]\n\n    return None\n\n\npair = find_pair_bruteforce(nums, target)\n\nif pair is not None:\n    print(f\"Found pair: {pair[0]} and {pair[1]}\")\nelse:\n    print(\"No pair found\")\n}}\n\n{{answer: Found pair: 2 and 7}}','https://www.youtube.com/watch?v=V6mKVRU1evU',4,15,1,'2026-05-21 17:34:59','2026-05-21 20:20:45',NULL,'python'),('3ecfa011-5522-11f1-9abe-6c02e0d26821','3ecc364e-5522-11f1-9abe-6c02e0d26821','Optimize and Prepare Solutions for Interviews and Production','mixed',1,'Learn how to polish algorithm solutions: verify correctness, add deterministic micro-profiling, and format answers for interviews or production. This lesson shows why small deterministic metrics beat noisy time measurements for reproducible tuning, how to add lightweight checks and operation counters, and common pitfalls like using non-deterministic timing in tests or leaking internal debug output into final submissions.','## What is polishing and preparing algorithmic solutions Polishing and preparing solutions means finalizing an algorithm so it\'s correct, efficient, and presentable for interviews or production. It includes adding deterministic, reproducible checks, lightweight profiling (operation counters or small inputs), clear input/output formatting, and small defensive validations. The goal is reliability and clarity, not deep benchmarking. ## Why it matters Interviewers expect concise, correct, and explainable solutions; production requires predictable performance and minimal debug noise. Using **deterministic profiling** and formatting ensures you can reproduce behavior, defend complexity claims, and avoid flaky timing results. A common pitfall is relying on wall-clock timing for micro-optimizations, which yields noisy, environment-dependent feedback. ## How it works 1. Add small, deterministic metrics such as an **operation counter** or iteration counts rather than raw time. This gives repeatable signals about algorithmic cost. 2. Add lightweight input validation and clear return types, e.g. return indices or a clear error indicator; avoid printing internal state in production outputs. 3. Use simple unit-style checks and example runs to verify correctness before formatting for an interview platform; keep debug output separate from the final return. 4. When profiling, prefer `timeit` or counters for repeatable microbenchmarks and reserve `cProfile` for broader runtime analysis. ## Common mistakes - Printing debugging details directly instead of returning clean results; fix by separating `return` vs `print` and turning debug prints behind a flag. - Using wall-clock time as the primary measure for micro-optimizations; fix by using deterministic counters or averaged `timeit` runs. - Forgetting edge-case handling (empty inputs, no solution); fix by adding short validation and documented failure behavior. ## Summary - Use **deterministic counters** to measure algorithmic steps for reproducible tuning. - Keep production output clean: `return` values, not debug prints. - Validate edge cases and document failure behavior. - Use small example runs combined with counters to defend complexity claims in interviews. ```python # Example: two-sum with an operation counter for deterministic profiling def two_sum(nums, target): ops = 0 seen = {} for i, n in enumerate(nums): ops += 1 comp = target - n if comp in seen: return [seen[comp], i], ops seen[n] = i return [], ops nums = [2, 7, 11, 15] result, ops = two_sum(nums, 9) print(result) print(f\"operations: {ops}\") ```\n\nUseful Resources:\n\n- https://docs.python.org/3/library/timeit.html\n\n- https://docs.python.org/3/library/profile.html\n\n\nExample:\n\n```def two_sum(nums, target):\n    ops = 0\n    seen = {}\n    for i, n in enumerate(nums):\n        ops += 1\n        comp = target - n\n        if comp in seen:\n            return [seen[comp], i], ops\n        seen[n] = i\n    return [], ops\n\nprint(two_sum([2, 7, 11, 15], 9))\n```\n\nLive Coding Task:\n\nRun the starter code, then complete the TODOs.\n\n{{starter:\ndef two_sum(nums, target):\n    ops = 0\n    seen = {}\n\n    for i, n in enumerate(nums):\n        ops += 1\n        comp = target - n\n\n        if comp in seen:\n            return [seen[comp], i], ops\n\n        seen[n] = i\n\n    return [], ops\n\n\n# Starter scenario\nnums = [2, 7, 11, 15]\nresult, ops = two_sum(nums, 9)\n\nprint(result)\nprint(f\"operations: {ops}\")\n}}\n\n{{answer: [0, 1] operations: 2}}','https://www.youtube.com/watch?v=8mAITcNt710',5,15,1,'2026-05-21 17:34:59','2026-05-21 20:21:44',NULL,'python'),('724d00e3-507c-11f1-9abe-6c02e0d26821','724c6c24-507c-11f1-9abe-6c02e0d26821','Install JDK and configure PATH on your OS','text',0,'Install the Java Development Kit (JDK) and set the JAVA_HOME and PATH environment variables for Windows, macOS, and Linux. Why: compiling and running java programs from the command line requires the javac and java executables to be discoverable. What to watch for: multiple Java versions, permission issues, and incorrect JAVA_HOME vs PATH entries that prevent tools and IDEs from locating the right runtime. Includes verification steps and common fixes.','Lesson: Install JDK and configure PATH on your OS\n\nUseful Resources:\n\n- https://openjdk.java.net/install/\n\n- https://docs.oracle.com/en/java/javase/17/install/index.html\n\n{{video: https://www.youtube.com/watch?v=8cm1x4bC610}}','https://www.youtube.com/watch?v=8cm1x4bC610',1,10,0,'2026-05-15 19:38:04','2026-05-15 19:38:04',NULL,'javascript'),('724e6ae5-507c-11f1-9abe-6c02e0d26821','724c6c24-507c-11f1-9abe-6c02e0d26821','Create and Run a Java Project in an IDE','mixed',1,'Create, configure, and run a basic Java project inside IntelliJ or Eclipse, covering project structure, JDK/SDK setup, source folders, main class, and the build/run lifecycle. This lesson explains why IDE configuration and correct SDK selection matter for compiling and running code, and highlights a common pitfall: missing or misconfigured project SDK/main method, which causes runtime or compilation failures and confusing IDE errors.','Lesson: Create and Run a Java Project in an IDE\n\n> Note: Live JavaScript editor runs in the browser. Avoid `require`, `process`, and server startup code here.\n\nUseful Resources:\n\n- https://developer.mozilla.org/en-US/docs/Web/API/console/log\n\n- https://developer.mozilla.org/en-US/docs/Web/JavaScript/Guide\n\n- https://nodejs.org/en/docs/guides/getting-started-guide/\n\n{{video: https://www.youtube.com/watch?v=PkZNo7MFNFg}}\n\nLive Coding Task:\n\nRun the starter code, then complete the TODOs.\n\n{{starter:\n// Simulate key checks when creating and running a Java project in an IDE\n function setupProject() { // simulate SDK configured correctly in the IDE\n const sdkConfigured = true; // simulate presence of a main method / entry point\n const hasMain = true;\n if (sdkConfigured && hasMain) { // final runtime message shown when project runs successfully \nconsole.log(\'java project run successful\'); \n} else { \nconsole.log(\'java project run failed\');\n } } \nsetupProject();\n}}\n\n{{answer: java project run successful}}','https://www.youtube.com/watch?v=PkZNo7MFNFg',2,15,0,'2026-05-15 19:38:04','2026-05-15 19:41:10',NULL,'javascript'),('724f9b69-507c-11f1-9abe-6c02e0d26821','724c6c24-507c-11f1-9abe-6c02e0d26821','Compile and run Java programs using javac and java','code_example',1,'Show how to compile .java sources into .class files with javac and launch Java applications with the java command from the terminal. Youظـزظــظ¤ش┬ظـز╪زll learn exact command forms, common flags, and how to structure source filenames to match public classes. This prevents runtime errors and ClassNotFound exceptions. Pitfall: mismatched file/class names or wrong classpath and PATH configuration can cause compilation or launcher failures.','Lesson: Compile and run Java programs using javac and java\n\n> Note: Live JavaScript editor runs in the browser. Avoid `require`, `process`, and server startup code here.\n\nUseful Resources:\n\n- https://nodejs.org/api/child_process.html\n\n{{video: https://www.youtube.com/watch?v=grEKMHGYyns}}\n\nLive Coding Task:\n\nRun the starter code, then complete the TODOs.\n\n{{starter:\n// Simulate compiling and running a Java program // In real life you run: javac HelloWorld.java // then: java HelloWorld const source = \'HelloWorld.java\'; const classFile = \'helloworld class\'; // final console output demonstrates successful compile and run console.log(\'compiled \' + classFile + \' and ran helloworld main\');\n}}\n\n{{answer: compiled helloworld class and ran helloworld main}}','https://www.youtube.com/watch?v=grEKMHGYyns',3,15,0,'2026-05-15 19:38:04','2026-05-15 19:38:04',NULL,'javascript'),('7250f247-507c-11f1-9abe-6c02e0d26821','724c6c24-507c-11f1-9abe-6c02e0d26821','Write a main method and structure a Java class','code_example',1,'Show how to write a public static void main method and organize a Java class with package and import declarations placed correctly. Why: main is the JVM entry point and correct placement prevents compilation and runtime errors. Covers class declaration, where to put package and import statements, and common pitfalls such as placing package after imports, misnaming the file, or using an incorrect main signature.','Lesson: Write a main method and structure a Java class\n\n> Note: Live JavaScript editor runs in the browser. Avoid `require`, `process`, and server startup code here.\n\nUseful Resources:\n\n- https://nodejs.org/en/docs/\n\nLive Coding Task:\n\nRun the starter code, then complete the TODOs.\n\n{{starter:\n// Java example (for learning only): /* package com.example; import java.util.*; public class HelloWorld { public static void main(String[] args) { System.out.println(\"Hello from main\"); } } */ // Simulate running the Java program output in this live editor: console.log(\"hello from main\");\n}}\n\n{{answer: hello from main}}',NULL,4,15,0,'2026-05-15 19:38:04','2026-05-15 19:38:04',NULL,'javascript'),('7251a549-507c-11f1-9abe-6c02e0d26821','724c6c24-507c-11f1-9abe-6c02e0d26821','Declare and use primitive types, variables, and literals','code_example',1,'Declare common Java primitive variables (int, boolean, double, char), assign literals, and perform simple operations. Learn why selecting the right primitive matters for memory and correctness, and how literals map to types. Watch for a common pitfall: mixing types without casting or assuming floating-point precision, which leads to subtle bugs in arithmetic and comparisons.','Lesson: Declare and use primitive types, variables, and literals\n\n> Note: Live JavaScript editor runs in the browser. Avoid `require`, `process`, and server startup code here.\n\nUseful Resources:\n\n- https://developer.mozilla.org/en-US/docs/Web/JavaScript/Guide/Grammar_and_types\n\n- https://developer.mozilla.org/en-US/docs/Web/JavaScript/Reference/Statements/let\n\n- https://nodejs.org/api/console.html\n\nLive Coding Task:\n\nRun the starter code, then complete the TODOs.\n\n{{starter:\n// Demonstration of Java-like primitives using JavaScript variables const intVal = 5; // int const boolVal = true; // boolean const doubleVal = \'3point14\'; // represent double 3.14 as text to avoid punctuation in output const charVal = \'a\'; // char (lowercase) // Summary output (single line, all lowercase, no punctuation) console.log(\'int \' + intVal + \' boolean \' + boolVal + \' double \' + doubleVal + \' char \' + charVal);\n}}\n\n{{answer: int 5 boolean true double 3point14 char a}}',NULL,5,15,0,'2026-05-15 19:38:04','2026-05-15 19:38:04',NULL,'javascript'),('7252f4ae-507c-11f1-9abe-6c02e0d26821','7252ac5d-507c-11f1-9abe-6c02e0d26821','Evaluate expressions and use Java operators','code_example',1,'Practice Java operators: arithmetic, relational, logical, and assignment, by tracing and running short expressions. You\'ll learn how values change, how boolean comparisons control flow, and how compound assignments and precedence affect results. Why this matters: operators are fundamental for algorithms and conditions. Pitfall: operator precedence and integer division can produce surprising outcomesظـزظــظ¤ش┬ظ¤ش╪شalways parenthesize complex expressions and verify types to avoid logic errors in Java.','Lesson: Evaluate expressions and use Java operators\n\n> Note: Live JavaScript editor runs in the browser. Avoid `require`, `process`, and server startup code here.\n\nUseful Resources:\n\n- https://developer.mozilla.org/en-US/docs/Web/JavaScript/Guide/Expressions_and_Operators\n\n- https://developer.mozilla.org/en-US/docs/Web/JavaScript/Reference/Operators/Operator_precedence\n\n- https://developer.mozilla.org/en-US/docs/Web/JavaScript/Reference/Operators/Logical_Operators\n\n{{video: https://www.youtube.com/watch?v=1bW8U2Wv2h8}}\n\nLive Coding Task:\n\nRun the starter code, then complete the TODOs.\n\n{{starter:\n// Simple demonstration of arithmetic, relational, logical, and assignment operators let a = 5; let b = 3; // arithmetic let sum = a + b; // 8 // relational let greater = a > b; // true // logical (example, not used in final output but shown for learning) let logicalExample = (a > b) && (b > 0); // true // compound assignment a += 3; // a becomes 8 // Final output shows updated a, unchanged b, result of relational test computed before assignment, and original sum console.log(a, b, greater, sum);\n}}\n\n{{answer: 8 3 true 8}}','https://www.youtube.com/watch?v=1bW8U2Wv2h8',1,15,0,'2026-05-15 19:38:04','2026-05-15 19:38:04',NULL,'javascript'),('72537bb7-507c-11f1-9abe-6c02e0d26821','7252ac5d-507c-11f1-9abe-6c02e0d26821','Control flow with if/else and switch statements','code_example',1,'This lesson teaches Java control flow using if/else chains and switch statements, showing when to prefer each for multi-branch decisions and discrete cases. You\'ll learn to implement readable decisions, avoid common pitfalls like switch fall-through, inadequate ordering in if/else, and string equality vs ==. The included hands-on example compares both approaches and produces deterministic output so you can test and reason about branch selection.','Lesson: Control flow with if/else and switch statements\n\n> Note: Live JavaScript editor runs in the browser. Avoid `require`, `process`, and server startup code here.\n\nUseful Resources:\n\n- https://developer.mozilla.org/en-US/docs/Web/JavaScript/Reference/Statements/if...else\n\n- https://developer.mozilla.org/en-US/docs/Web/JavaScript/Reference/Statements/switch\n\n{{video: https://www.youtube.com/watch?v=3u1fu6f8Hto}}\n\nLive Coding Task:\n\nRun the starter code, then complete the TODOs.\n\n{{starter:\n// Java-style control flow demo implemented in JavaScript const score = 85; let grade; if (score >= 90) { grade = \'a\'; } else if (score >= 80) { grade = \'b\'; } else if (score >= 70) { grade = \'c\'; } else { grade = \'f\'; } const dayNum = 2; // 0 sunday, 1 monday, 2 tuesday, etc. let dayName; switch (dayNum) { case 0: dayName = \'sunday\'; break; case 1: dayName = \'monday\'; break; case 2: dayName = \'tuesday\'; break; case 3: dayName = \'wednesday\'; break; default: dayName = \'unknown\'; } console.log(`grade ${grade} ${dayName}`);\n}}\n\n{{answer: grade b tuesday}}','https://www.youtube.com/watch?v=3u1fu6f8Hto',2,15,0,'2026-05-15 19:38:04','2026-05-15 19:38:04',NULL,'javascript'),('7254a94a-507c-11f1-9abe-6c02e0d26821','7252ac5d-507c-11f1-9abe-6c02e0d26821','Iterate with for, while, and do-while loops effectively','code_example',1,'Demonstrates using for, while, and do-while constructs to process repeated tasks in Java-like patterns. Practice indexed for loops for arrays, while loops for condition-driven iteration, and do-while when a first iteration is required. Learn to sum values, count matches, and locate elements while avoiding off-by-one errors and infinite loops by validating boundaries and update steps.','Lesson: Iterate with for, while, and do-while loops effectively\n\n> Note: Live JavaScript editor runs in the browser. Avoid `require`, `process`, and server startup code here.\n\nUseful Resources:\n\n- https://developer.mozilla.org/en-US/docs/Web/JavaScript/Guide/Loops_and_iteration\n\n- https://developer.mozilla.org/en-US/docs/Web/JavaScript/Reference/Statements/while\n\n{{video: https://www.youtube.com/watch?v=5o-kdjv7FD0}}\n\nLive Coding Task:\n\nRun the starter code, then complete the TODOs.\n\n{{starter:\n// Java-like loop examples in JavaScript const nums = [1, 2, 3, 4, 5]; // for loop: indexed iteration to compute sum let sum = 0; for (let i = 0; i < nums.length; i++) { sum += nums[i]; } // while loop: condition-driven to count even numbers let countEven = 0; let j = 0; while (j < nums.length) { if (nums[j] % 2 === 0) countEven++; j++; } // do-while loop: guaranteed to run at least once to find first > 3 let k = 0; let firstGreaterThan3 = -1; do { if (nums[k] > 3) { firstGreaterThan3 = nums[k]; break; } k++; } while (k < nums.length); console.log(\'sum is \' + sum + \' count even \' + countEven + \' first greater than 3 \' + firstGreaterThan3);\n}}\n\n{{answer: sum is 15 count even 2 first greater than 3 4}}','https://www.youtube.com/watch?v=5o-kdjv7FD0',3,15,0,'2026-05-15 19:38:04','2026-05-15 19:38:04',NULL,'javascript'),('72553b9b-507c-11f1-9abe-6c02e0d26821','7252ac5d-507c-11f1-9abe-6c02e0d26821','Define and call methods with parameters and return values','text',0,'Define and invoke Java methodsظـزظــظ¤ش┬ظ¤ش╪شboth static and instanceظـزظــظ¤ش┬ظ¤ش╪شby specifying signatures, parameters, and return types to modularize logic and avoid duplication. Learn argument passing semantics, primitives vs objects, method overloading, and void vs returning values. Why: promotes reuse, readability, and easier testing. Pitfall: relying on mutable shared state or side effects; prefer pure functions that return values and limit external mutation to reduce bugs and make behavior predictable.','Lesson: Define and call methods with parameters and return values\n\nUseful Resources:\n\n- https://developer.mozilla.org/en-US/docs/Web/JavaScript/Guide/Functions\n\n- https://developer.mozilla.org/en-US/docs/Web/JavaScript/Reference/Classes\n\n{{video: https://www.youtube.com/watch?v=8cm7TCwloHw}}','https://www.youtube.com/watch?v=8cm7TCwloHw',4,12,0,'2026-05-15 19:38:04','2026-05-15 19:38:04',NULL,'javascript'),('72557703-507c-11f1-9abe-6c02e0d26821','7252ac5d-507c-11f1-9abe-6c02e0d26821','Manipulate Strings and arrays for data handling','code_example',1,'Practice common String operations (trim, split, replace) and one- and two-dimensional array declaration, indexing, iteration, and mutation in Java. Learn why trimming and immutability matter for data accuracy, and how to map Java APIs (String, Arrays, Arrays.deepToString) to practical tasks. Pitfall: strings are immutable and array copies must be handled explicitly to avoid unintentional shared references and off-by-one index errors.','Lesson: Manipulate Strings and arrays for data handling\n\n> Note: Live JavaScript editor runs in the browser. Avoid `require`, `process`, and server startup code here.\n\nUseful Resources:\n\n- https://developer.mozilla.org/en-US/docs/Web/JavaScript/Reference/Global_Objects/String\n\n- https://developer.mozilla.org/en-US/docs/Web/JavaScript/Reference/Global_Objects/Array\n\nLive Coding Task:\n\nRun the starter code, then complete the TODOs.\n\n{{starter:\n// This Java-focused lesson uses JavaScript to demonstrate equivalent string and array operations // (In Java you\'d use String.trim(), String.split(), Arrays.copyOf, and for loops / Arrays.deepToString) const items = [\"apple\", \" pear \", \"peach\"]; // analogous to String[] in Java // trim each string (Java: s.trim()) const trimmed = items.map(s => s.trim()); // compute average length (demonstrates measuring string data before processing) const avg = trimmed.reduce((sum, s) => sum + s.length, 0) / trimmed.length; const avgRounded = Math.round(avg); // show rounding like typical reporting // two-dimensional array mutation (String[][] in Java) const matrix = [[\"c++\",\"python\"],[\"ruby\",\"go\"]]; matrix[0][0] = \"java\"; // mutate cell (beware of shared references in real code) // Single console output for quick verification console.log(`avg length ${avgRounded} updated cell ${matrix[0][0]}`);\n}}\n\n{{answer: avg length 5 updated cell java}}',NULL,5,15,0,'2026-05-15 19:38:04','2026-05-15 19:38:04',NULL,'javascript'),('7256490a-507c-11f1-9abe-6c02e0d26821','72561198-507c-11f1-9abe-6c02e0d26821','Define classes, fields, and create objects','code_example',1,'Design Java classes with fields, constructors, and methods to model data and behavior. This lesson shows how to declare fields, encapsulate state, provide constructors, and instantiate objects to represent program entities. You\'ll learn naming, visibility, and when to use methods versus fields. Pitfall: treating classes as objects or exposing mutable public fields instead of using accessors and encapsulation, which leads to hard-to-maintain code.','Lesson: Define classes, fields, and create objects\n\n> Note: Live JavaScript editor runs in the browser. Avoid `require`, `process`, and server startup code here.\n\nUseful Resources:\n\n- https://developer.mozilla.org/en-US/docs/Learn/JavaScript/Objects\n\n{{video: https://www.youtube.com/watch?v=eIrMbAQSU34}}\n\nLive Coding Task:\n\nRun the starter code, then complete the TODOs.\n\n{{starter:\n// Java-like Person class shown in JavaScript to mirror Java concepts class Person { constructor(name, age) { // fields (similar to Java instance variables) this.name = name this.age = age } // method that returns a summary (analogous to a Java method) greet() { return `${this.name} is ${this.age} years old` } } // instantiate objects (similar to new Person(...) in Java) const alice = new Person(\'Alice\', 30) const bob = new Person(\'Bob\', 25) // print outputs in lowercase to match expected output format console.log(alice.greet().toLowerCase()) console.log(bob.greet().toLowerCase())\n}}\n\n{{answer: alice is 30 years old bob is 25 years old}}','https://www.youtube.com/watch?v=eIrMbAQSU34',1,15,0,'2026-05-15 19:38:04','2026-05-15 19:38:04',NULL,'javascript'),('7256b013-507c-11f1-9abe-6c02e0d26821','72561198-507c-11f1-9abe-6c02e0d26821','Implement constructors, this, and initialization blocks','code_example',1,'Explain how to write constructors for object initialization, use this to disambiguate fields from parameters, and apply instance and static initialization blocks for setup logic. Why: predictable object state, clearer constructors, and controlled initialization order. Pitfall: hidden initialization or excessive use of blocks can cause ordering bugs and obscure constructor behavior ظـزظــظ¤ش┬ظ¤ش╪ش prefer simple constructors and explicit initialization where possible.','Lesson: Implement constructors, this, and initialization blocks\n\n> Note: Live JavaScript editor runs in the browser. Avoid `require`, `process`, and server startup code here.\n\nUseful Resources:\n\n- https://developer.mozilla.org/en-US/docs/Web/JavaScript/Reference/Operators/this\n\n- https://developer.mozilla.org/en-US/docs/Web/JavaScript/Reference/Classes/Public_class_fields\n\n{{video: https://www.youtube.com/watch?v=5cm7n18Y3vQ}}\n\nLive Coding Task:\n\nRun the starter code, then complete the TODOs.\n\n{{starter:\n// class with static and instance initialization simulation class Person { static created = 0; static _staticInit = (() => { Person.created = 1; console.log(\'static block ran\'); return null; })(); name = \'unnamed\'; _instanceInit = (() => { console.log(\'instance init block ran\'); return true; })(); constructor(name) { // disambiguate parameter name from field using this this.name = name; Person.created += 1; console.log(\'constructor ran for \' + this.name); } } console.log(\'created before instantiation \' + Person.created); const p1 = new Person(\'alice\'); console.log(\'created after first \' + Person.created); const p2 = new Person(\'bob\'); console.log(\'created after second \' + Person.created); console.log(\'first name \' + p1.name); console.log(\'second name \' + p2.name);\n}}\n\n{{answer: static block ran created before instantiation 1 instance init block ran constructor ran for alice created after first 2 instance init block ran constructor ran for bob created after second 3 first name alice second name bob}}','https://www.youtube.com/watch?v=5cm7n18Y3vQ',2,15,0,'2026-05-15 19:38:04','2026-05-15 19:38:04',NULL,'javascript'),('72578df1-507c-11f1-9abe-6c02e0d26821','72561198-507c-11f1-9abe-6c02e0d26821','Apply encapsulation with access modifiers and accessors','code_example',1,'Show how to apply encapsulation in Java using access modifiers (private, public, protected) and accessors (getters/setters). Learn why restricting direct field access prevents invalid state and preserves invariants, and implement validation inside setters. Common pitfall: exposing mutable internal objects or omitting validationظـزظــظ¤ش┬ظ¤ش╪شstill breaks encapsulation. This lesson practices safe getters/setters patterns and demonstrates replacing direct field access with controlled methods for robust object state management.','Lesson: Apply encapsulation with access modifiers and accessors\n\n> Note: Live JavaScript editor runs in the browser. Avoid `require`, `process`, and server startup code here.\n\nUseful Resources:\n\n- https://developer.mozilla.org/en-US/docs/Web/JavaScript/Reference/Functions/get\n\n{{video: https://www.youtube.com/watch?v=tpIctyqH29Q}}\n\nLive Coding Task:\n\nRun the starter code, then complete the TODOs.\n\n{{starter:\nclass Person { #age; constructor(name, age) { this.name = name; this.#age = age; } getAge() { return this.#age; } setAge(a) { if (typeof a !== \'number\' || a < 0 || a > 150) { console.log(\'invalid age\'); return; } this.#age = a; } } const p = new Person(\'Alice\', 28); // update via setter to enforce validation p.setAge(30); // final reported state console.log(\'final age \' + p.getAge());\n}}\n\n{{answer: final age 30}}','https://www.youtube.com/watch?v=tpIctyqH29Q',3,15,0,'2026-05-15 19:38:04','2026-05-15 19:38:04',NULL,'javascript'),('72580791-507c-11f1-9abe-6c02e0d26821','72561198-507c-11f1-9abe-6c02e0d26821','Extend classes with inheritance and override methods','code_example',1,'Learn to create Java subclasses using extends, call superclass constructors and methods with super, and override superclass methods to specialize behavior. This lesson shows why inheritance models real world hierarchies, provides a hands-on example, and warns about common pitfalls such as incorrect super usage, breaking superclass contracts, and visibility or signature mismatches when overriding methods.','Lesson: Extend classes with inheritance and override methods\n\n> Note: Live JavaScript editor runs in the browser. Avoid `require`, `process`, and server startup code here.\n\nUseful Resources:\n\n- https://docs.oracle.com/javase/tutorial/java/IandI/index.html\n\n- https://docs.oracle.com/javase/tutorial/java/IandI/subclasses.html\n\n- https://www.geeksforgeeks.org/inheritance-in-java/\n\n{{video: https://www.youtube.com/watch?v=8mAITcNt710}}\n\nLive Coding Task:\n\nRun the starter code, then complete the TODOs.\n\n{{starter:\n// Java-like inheritance example implemented in JavaScript for live practice class Vehicle { constructor(color) { this.color = color; } describe() { return \'a generic vehicle\'; } fuel() { return \'unknown\'; } } class Car extends Vehicle { constructor(color, model) { super(color); // call superclass constructor this.model = model; } // override describe to specialize behavior describe() { return `a ${this.color} ${this.model} car`; } // override fuel method fuel() { return \'gasoline\'; } } const v = new Vehicle(\'white\'); const c = new Car(\'red\', \'sedan\'); console.log(v.describe()); console.log(c.describe()); console.log(c.fuel());\n}}\n\n{{answer: a generic vehicle a red sedan car gasoline}}','https://www.youtube.com/watch?v=8mAITcNt710',4,15,0,'2026-05-15 19:38:04','2026-05-15 19:38:04',NULL,'javascript'),('72585c3b-507c-11f1-9abe-6c02e0d26821','72561198-507c-11f1-9abe-6c02e0d26821','Design behavior with interfaces and polymorphism','code_example',1,'Define and implement interfaces, use polymorphic references, and apply dynamic method dispatch to design flexible Java APIs. Learn why interfaces decouple callers from implementations, enabling testable and extensible systems. Practice applying interface-driven design patterns and avoid the common pitfall of relying on instanceof/downcasting instead of polymorphism, which breaks encapsulation and increases coupling.','Lesson: Design behavior with interfaces and polymorphism\n\n> Note: Live JavaScript editor runs in the browser. Avoid `require`, `process`, and server startup code here.\n\nUseful Resources:\n\n- https://developer.mozilla.org/en-US/docs/Web/JavaScript/Inheritance_and_the_prototype_chain\n\n{{video: https://www.youtube.com/watch?v=BS0Z6u9pkjA}}\n\nLive Coding Task:\n\nRun the starter code, then complete the TODOs.\n\n{{starter:\n// Simple Java-like interface demo in JavaScript // Two implementations expose a common draw method; a renderer treats them polymorphically const circle = { draw: () => console.log(\'circle drawn\') }; const square = { draw: () => console.log(\'square drawn\') }; function renderAll(drawables) { // dynamic method dispatch: each object\'s draw is invoked at runtime drawables.forEach(d => d.draw()); console.log(\'rendering finished\'); } const shapes = [circle, square]; renderAll(shapes);\n}}\n\n{{answer: circle drawn square drawn rendering finished}}','https://www.youtube.com/watch?v=BS0Z6u9pkjA',5,15,0,'2026-05-15 19:38:04','2026-05-15 19:38:04',NULL,'javascript'),('7259d0b5-507c-11f1-9abe-6c02e0d26821','7259887e-507c-11f1-9abe-6c02e0d26821','Handle exceptions with try/catch/finally and custom exceptions','text',0,'Learn how to catch and manage checked and runtime exceptions in Java using try, catch, and finally blocks, and when to create custom exception classes. This lesson explains why proper exception handling prevents crashes and resource leaks, shows finally for cleanup, and demonstrates defining meaningful custom exceptions for clearer error semantics. Pitfall: avoid swallowing exceptions silently and prefer specific catch types over broad Exception which hides bugs.','Lesson: Handle exceptions with try/catch/finally and custom exceptions\n\nUseful Resources:\n\n- https://developer.mozilla.org/en-US/docs/Web/JavaScript/Reference/Statements/try...catch\n\n- https://developer.mozilla.org/en-US/docs/Web/JavaScript/Reference/Statements/throw\n\n- https://developer.mozilla.org/en-US/docs/Web/JavaScript/Reference/Global_Objects/Error\n\n{{video: https://www.youtube.com/watch?v=8u3w7gq7K0M}}','https://www.youtube.com/watch?v=8u3w7gq7K0M',1,10,0,'2026-05-15 19:38:04','2026-05-15 19:38:04',NULL,'javascript'),('725a01ec-507c-11f1-9abe-6c02e0d26821','7259887e-507c-11f1-9abe-6c02e0d26821','Store and access data with List, Set, and Map implementations','code_example',1,'Use Java List, Set, and Map implementations to store, deduplicate, order, and look up objects efficiently. This lesson compares ArrayList vs LinkedList, HashSet vs TreeSet, and HashMap for key-value storage, with concise examples and common operations. Learn why picking the wrong collection hurts performance, why mutable keys are a pitfall, and how to convert and query collections for typical application needs.','Lesson: Store and access data with List, Set, and Map implementations\n\n> Note: Live JavaScript editor runs in the browser. Avoid `require`, `process`, and server startup code here.\n\nUseful Resources:\n\n- https://developer.mozilla.org/en-US/docs/Web/JavaScript/Reference/Global_Objects/Set\n\n- https://developer.mozilla.org/en-US/docs/Web/JavaScript/Reference/Global_Objects/Map\n\n{{video: https://www.youtube.com/watch?v=R3S6fK9yXxk}}\n\nLive Coding Task:\n\nRun the starter code, then complete the TODOs.\n\n{{starter:\n// Simulate Java ArrayList, LinkedList, HashSet, TreeSet, and HashMap behaviors in JS const arrayList = [\'alice\',\'bob\',\'alice\']; // duplicates allowed, ordered access const linkedList = Array.from(arrayList); // using array to simulate traversal behavior const hashSet = new Set(arrayList); // deduplicates, no guaranteed order in JS Set but will reflect insertion order const treeSet = new Set([...hashSet].sort()); // sorted set behavior const hashMap = new Map(); // key -> count for (const name of arrayList){ hashMap.set(name, (hashMap.get(name) || 0) + 1); } const output = [ \'arraylist \' + arrayList.join(\' \'), \'linkedlist \' + linkedList.join(\' \'), \'set \' + [...hashSet].join(\' \'), \'treeset \' + [...treeSet].join(\' \'), \'map counts \' + [...hashMap.entries()].map(([k,v])=>k+\' \'+v).join(\' \') ].join(\'\\n\'); console.log(output);\n}}\n\n{{answer: arraylist alice bob alice linkedlist alice bob alice set alice bob treeset alice bob map counts alice 2 bob 1}}','https://www.youtube.com/watch?v=R3S6fK9yXxk',2,15,0,'2026-05-15 19:38:04','2026-05-15 19:38:04',NULL,'javascript'),('725a5a9f-507c-11f1-9abe-6c02e0d26821','7259887e-507c-11f1-9abe-6c02e0d26821','Write generic classes and methods for type-safe APIs','code_example',1,'Learn how to design parameterized classes and methods in Java using generics to eliminate casts and provide compile-time type safety. This lesson shows creating generic containers, bounded type parameters, and utility generic methods to build clearer APIs. Why: prevents ClassCastException and simplifies client code. Pitfall: overusing raw types, incorrect bounds, and surprising behavior from type erasureظـزظــظ¤ش┬ظ¤ش╪شuse wildcards and proper bounds to maintain flexibility without sacrificing safety.','Lesson: Write generic classes and methods for type-safe APIs\n\n> Note: Live JavaScript editor runs in the browser. Avoid `require`, `process`, and server startup code here.\n\n{{video: https://www.youtube.com/watch?v=2b1D5uGm0rI}}\n\nLive Coding Task:\n\nRun the starter code, then complete the TODOs.\n\n{{starter:\n// Simulate Java generic Box<T> concept in JavaScript function Box(value) { this.value = value; } Box.prototype.get = function() { return this.value; }; function pairSwap(a, b) { // generic-like utility that swaps two values return [b, a]; } const stringBox = new Box(\"hello\"); const intBox = new Box(42); // simulate using a generic method and printing both boxed values console.log(\"boxed string \" + stringBox.get() + \" boxed integer \" + intBox.get());\n}}\n\n{{answer: boxed string hello boxed integer 42}}','https://www.youtube.com/watch?v=2b1D5uGm0rI',3,15,0,'2026-05-15 19:38:04','2026-05-15 19:38:04',NULL,'javascript'),('725acfb8-507c-11f1-9abe-6c02e0d26821','7259887e-507c-11f1-9abe-6c02e0d26821','Process collections with lambda expressions and Streams API','code_example',1,'Use Java-style lambdas and Stream operations to transform and analyze collections. This lesson demonstrates map, filter, reduce and collect patterns using concise functional expressions, explaining when to prefer Streams for readability and parallelization. Learn to avoid common pitfalls: unintended side effects, relying on mutable shared state, and expecting evaluation order with parallel streams. Examples map to Java code patterns and show idiomatic, testable transformations.','Lesson: Process collections with lambda expressions and Streams API\n\n> Note: Live JavaScript editor runs in the browser. Avoid `require`, `process`, and server startup code here.\n\nUseful Resources:\n\n- https://developer.mozilla.org/en-US/docs/Web/JavaScript/Reference/Global_Objects/Array/map\n\n- https://developer.mozilla.org/en-US/docs/Web/JavaScript/Reference/Global_Objects/Array/filter\n\n- https://developer.mozilla.org/en-US/docs/Web/JavaScript/Reference/Global_Objects/Array/reduce\n\n{{video: https://www.youtube.com/watch?v=t1YkXgXw6xM}}\n\nLive Coding Task:\n\nRun the starter code, then complete the TODOs.\n\n{{starter:\n/* Simulate Java Streams operations with JavaScript arrays (map, filter, reduce, collect) to mirror Java examples. */ const users = [ { name: \'Alice\', age: 23 }, { name: \'bob\', age: 17 }, { name: \'Charlie\', age: 31 }, { name: \'dana\', age: 15 } ]; // map: transform names to uppercase (analogous to stream().map(...)) const namesUpper = users.map(u => u.name.toUpperCase()); // filter + map: select adults and get their names const adultNames = users.filter(u => u.age >= 18).map(u => u.name); // reduce: total age (analogous to stream().reduce(...)) const totalAge = users.reduce((sum, u) => sum + u.age, 0); // collect-like: unique initials (using a Set) const initials = new Set(users.map(u => u.name.charAt(0).toLowerCase())); // Log outputs plainly (lowercase and no punctuation so expected output is deterministic) console.log(namesUpper.join(\' \').toLowerCase()); console.log(adultNames.join(\' \').toLowerCase()); console.log(totalAge.toString()); console.log(Array.from(initials).join(\' \').toLowerCase());\n}}\n\n{{answer: alice bob charlie dana alice charlie 86 a b c d}}','https://www.youtube.com/watch?v=t1YkXgXw6xM',4,15,0,'2026-05-15 19:38:04','2026-05-15 19:38:04',NULL,'javascript'),('725b4125-507c-11f1-9abe-6c02e0d26821','7259887e-507c-11f1-9abe-6c02e0d26821','Read and write files using java.nio.file and serialization','code_example',1,'Learn how to perform file read/write operations with java.nio.file and how to serialize/deserialize objects for simple persistence. This lesson explains writing and reading files, choosing paths, and using Java serialization for object state storage. You\'ll see why persistence matters and common pitfalls such as incompatible serialVersionUID, transient fields, and character-encoding/exception handling when working with file I/O and object streams. Hands-on exercises reinforce safe patterns and error handling.','Lesson: Read and write files using java.nio.file and serialization\n\n> Note: Live JavaScript editor runs in the browser. Avoid `require`, `process`, and server startup code here.\n\nUseful Resources:\n\n- https://developer.mozilla.org/en-US/docs/Web/JavaScript/Reference/Global_Objects/JSON/stringify\n\n- https://nodejs.org/api/fs.html\n\n- https://nodejs.org/api/buffer.html\n\n{{video: https://www.youtube.com/watch?v=1vg0J0dY4Kc}}\n\nLive Coding Task:\n\nRun the starter code, then complete the TODOs.\n\n{{starter:\n// Simulated file write/read and object serialization (browser-safe) const storage = {}; // in-memory fake filesystem const user = { name: \"Alice\", age: 30, active: true }; // serialize and write (equivalent to writing bytes with java.nio.file) storage[\'user.json\'] = JSON.stringify(user); // read and deserialize (equivalent to reading bytes and deserializing an object) const data = JSON.parse(storage[\'user.json\']); // final output shows deserialized values (lowercase, no punctuation to match expected output) console.log(`${data.name.toLowerCase()} ${data.age} ${data.active}`);\n}}\n\n{{answer: alice 30 true}}','https://www.youtube.com/watch?v=1vg0J0dY4Kc',5,15,0,'2026-05-15 19:38:04','2026-05-15 19:38:04',NULL,'javascript'),('725c3e21-507c-11f1-9abe-6c02e0d26821','725be7d4-507c-11f1-9abe-6c02e0d26821','Create and manage threads using Thread and Runnable','code_example',1,'Implement Runnable or extend Thread to start concurrent tasks and control lifecycle basics using start, run, join, and interrupt. Understand why threads improve responsiveness and parallel CPU utilization, and when to prefer Runnable for composition. Pitfalls: shared mutable state requires synchronization to prevent data races, and careless lifecycle handling can cause leaks or deadlocks. Short examples show safe startup and simple coordination patterns.','Lesson: Create and manage threads using Thread and Runnable\n\n> Note: Live JavaScript editor runs in the browser. Avoid `require`, `process`, and server startup code here.\n\nUseful Resources:\n\n- https://developer.mozilla.org/en-US/docs/Web/JavaScript/EventLoop\n\n- https://developer.mozilla.org/en-US/docs/Web/API/Web_Workers_API/Using_web_workers\n\n- https://nodejs.org/api/worker_threads.html\n\n{{video: https://www.youtube.com/watch?v=HVJK9MaD5XI}}\n\nLive Coding Task:\n\nRun the starter code, then complete the TODOs.\n\n{{starter:\nconsole.log(\"main start\"); setTimeout(() => console.log(\"thread a running\"), 0); setTimeout(() => console.log(\"thread b running\"), 0); console.log(\"main end\");\n}}\n\n{{answer: main start main end thread a running thread b running}}','https://www.youtube.com/watch?v=HVJK9MaD5XI',1,15,0,'2026-05-15 19:38:05','2026-05-15 19:38:05',NULL,'javascript'),('725cda24-507c-11f1-9abe-6c02e0d26821','725be7d4-507c-11f1-9abe-6c02e0d26821','Coordinate concurrency with ExecutorService and synchronization utilities','code_example',1,'Coordinate Java concurrency using ExecutorService, synchronized, Lock, and java.util.concurrent collections like ConcurrentHashMap and CountDownLatch. Learn how ExecutorService thread pools manage task execution and why synchronization and high-level utilities prevent race conditions and deadlocks. Practice patterns for safe shared-state updates, awaiting task completion, and avoiding common pitfalls such as holding locks during I/O or mixing synchronized and lock-based code. Includes a runnable example simulating latch coordination and predictable task ordering.','Lesson: Coordinate concurrency with ExecutorService and synchronization utilities\n\n> Note: Live JavaScript editor runs in the browser. Avoid `require`, `process`, and server startup code here.\n\n{{video: https://www.youtube.com/watch?v=fmflXc6f3A0}}\n\nLive Coding Task:\n\nRun the starter code, then complete the TODOs.\n\n{{starter:\nconst latch = { count: 3 }; function task(name, delay) { setTimeout(() => { console.log(`task ${name} done`); latch.count--; if (latch.count === 0) console.log(\'latch reached zero\'); }, delay); } // simulate three tasks submitted to an ExecutorService-like pool task(\'a\', 30); task(\'b\', 60); task(\'c\', 90); // expected behavior: tasks complete in ascending delay order\n}}\n\n{{answer: task a done task b done task c done latch reached zero}}','https://www.youtube.com/watch?v=fmflXc6f3A0',2,15,0,'2026-05-15 19:38:05','2026-05-15 19:38:05',NULL,'javascript'),('725d5b79-507c-11f1-9abe-6c02e0d26821','725be7d4-507c-11f1-9abe-6c02e0d26821','Build TCP clients and servers with java.net.Socket and ServerSocket','code_example',1,'Build simple TCP clients and servers using java.net.Socket and ServerSocket. Learn how to accept connections, exchange byte/character streams, and design minimal application protocols. This lesson shows why correct resource management, threading for concurrent clients, and buffering strategies matter. Common pitfalls include leaking sockets/streams, blocking accept/read calls without threads, and mishandling character encodings ظـزظــظ¤ش┬ظ¤ش╪ش all of which can hang or corrupt communication.','Lesson: Build TCP clients and servers with java.net.Socket and ServerSocket\n\n> Note: Live JavaScript editor runs in the browser. Avoid `require`, `process`, and server startup code here.\n\nUseful Resources:\n\n- https://developer.mozilla.org/en-US/docs/Web/API/WebSockets_API\n\n- https://developer.mozilla.org/en-US/docs/Glossary/TCP\n\n- https://nodejs.org/api/net.html\n\n{{video: https://www.youtube.com/watch?v=3QnD2c4Xovk}}\n\nLive Coding Task:\n\nRun the starter code, then complete the TODOs.\n\n{{starter:\n// Simulate a minimal TCP client-server handshake for demo purposes // (This browser-safe simulation represents what Java code would do with sockets.) function simulateTcpHandshake() { // client would send: \"hello\" const messageFromClient = \"hello\"; // server processes incoming bytes/characters and logs a single summary console.log(\"server received hello from client\"); } simulateTcpHandshake();\n}}\n\n{{answer: server received hello from client}}','https://www.youtube.com/watch?v=3QnD2c4Xovk',3,15,0,'2026-05-15 19:38:05','2026-05-15 19:38:05',NULL,'javascript'),('725dc6aa-507c-11f1-9abe-6c02e0d26821','725be7d4-507c-11f1-9abe-6c02e0d26821','Connect to databases with JDBC and execute SQL queries','code_example',1,'Use JDBC to open and manage database connections, prepare parameterized statements, execute queries and updates, and map ResultSet rows into typed Java objects. Understand why prepared statements prevent SQL injection and why try-with-resources avoids connection leaks. The lesson demonstrates row-mapping patterns and transaction basics. Pitfalls to avoid: failing to close connections, ignoring SQLExceptions, and mismatching SQL types with Java fields which cause runtime errors.','Lesson: Connect to databases with JDBC and execute SQL queries\n\n> Note: Live JavaScript editor runs in the browser. Avoid `require`, `process`, and server startup code here.\n\nUseful Resources:\n\n- https://developer.mozilla.org/en-US/docs/Web/JavaScript/Reference/Global_Objects/Promise\n\n- https://expressjs.com/\n\n{{video: https://www.youtube.com/watch?v=7G8zZrK7L5c}}\n\nLive Coding Task:\n\nRun the starter code, then complete the TODOs.\n\n{{starter:\n// Mock demonstration of JDBC-like flow in browser-safe JavaScript // This simulates: prepare statement, execute query, map ResultSet rows to objects const mockRows = [ { id: 1, name: \'alice\' }, { id: 2, name: \'bob\' } ]; function prepareStatement(sql) { // In a real JDBC flow, you\'d send sql and bind parameters // Here we simply return a function that \'executes\' and returns mock rows return function execute(params = []) { // simulate parameter usage for demonstration (ignored here) return Promise.resolve(mockRows); }; } async function main() { // example SQL and parameters (illustrative only) const sql = \'SELECT id, name FROM users WHERE active = ?\'; const stmt = prepareStatement(sql); const rows = await stmt([true]); // map ResultSet rows to typed objects (Java: POJOs). Here we map to JS objects const users = rows.map(row => ({ id: row.id, name: row.name })); // print mapped objects in a compact form to match expected output users.forEach(u => console.log(`${u.id} ${u.name}`)); } main();\n}}\n\n{{answer: 1 alice 2 bob}}','https://www.youtube.com/watch?v=7G8zZrK7L5c',4,15,0,'2026-05-15 19:38:05','2026-05-15 19:38:05',NULL,'javascript'),('725e81cc-507c-11f1-9abe-6c02e0d26821','725be7d4-507c-11f1-9abe-6c02e0d26821','Use Maven or Gradle to build projects and run unit tests with JUnit','code_example',1,'Configure a Maven or Gradle build, manage dependencies, and write and run automated JUnit tests to validate Java code. Learn how build files declare dependencies, run lifecycle phases, and integrate JUnit runs so tests execute reliably in CI. Why: automation catches regressions early. Pitfall: flaky tests and incorrect dependency scopes can hide failures or cause inconsistent results across environments.','Lesson: Use Maven or Gradle to build projects and run unit tests with JUnit\n\n> Note: Live JavaScript editor runs in the browser. Avoid `require`, `process`, and server startup code here.\n\nUseful Resources:\n\n- https://developer.mozilla.org/en-US/docs/Web/JavaScript/Reference/Global_Objects/console\n\n{{video: https://www.youtube.com/watch?v=4wVb3KkYxE4}}\n\nLive Coding Task:\n\nRun the starter code, then complete the TODOs.\n\n{{starter:\n// Simulate a build tool running compilation and JUnit tests console.log(\'build successful\'); console.log(\'3 tests passed\'); console.log(\'all checks green\');\n}}\n\n{{answer: build successful 3 tests passed all checks green}}','https://www.youtube.com/watch?v=4wVb3KkYxE4',5,15,0,'2026-05-15 19:38:05','2026-05-15 19:38:05',NULL,'javascript'),('812b4936-207f-11f1-97b2-6c02e0d26821','7c0ea9ec-2079-11f1-97b2-6c02e0d26821','Installing Python','mixed',0,NULL,'To start programming with Python, you need to install it on your computer.\n\n### Steps:\n\n1.Download Python from the official website\nhttps://www.python.org/downloads/\n\n2.Install Python.\n\n3.Ensure \"Add Python to PATH\" is checked during installation.\n\n### Verify Installation\nOpen the terminal and type:\n```python --version```\nIf Python is installed correctly, it will show the version number.\n\n',NULL,2,10,1,'2026-03-15 16:59:02','2026-03-15 23:03:16',NULL,'python'),('8e6ee330-4fbe-11f1-9abe-6c02e0d26821','1f4967f9-4fbe-11f1-9abe-6c02e0d26821','Lesson 1.1: What is Backend Development?','mixed',0,'Backend development handles server-side logic, databases, authentication, and business rules. The server receives requests from the frontend (or mobile apps), processes them, interacts with the database, and sends back responses.','## Key Concepts:\n-Client-Server Architecture\n-HTTP Protocol (Methods: GET, POST, PUT, DELETE, PATCH)\n-Request-Response Cycle\n-RESTful APIs vs GraphQL\n-Difference between Frontend and Backend\n\n\n{{video:https://www.youtube.com/watch?v=tN6oJu2DqCM&list=PLWKjhJtqVAbn21gs5UnLhCQ82f923WCgM}}\n\n## Practical Exercise\n\nAnalyze a real-world application such as:\n\nInstagram\nYouTube\nAmazon\n\n### Identify:\n\nFrontend features\nBackend operations\nStored data',NULL,1,10,1,'2026-05-14 20:58:47','2026-05-14 21:10:46',NULL,'python'),('95e8ecf1-5082-11f1-9abe-6c02e0d26821','95e8af72-5082-11f1-9abe-6c02e0d26821','Create and link external stylesheets','code_example',1,'This lesson shows how to create an external CSS file, link it from an HTML document, and write a simple rule to style an element. You\'ll learn why external stylesheets separate concerns, improve maintainability, and enable caching. We\'ll highlight a common pitfall: forgetting the rel attribute or incorrect file paths, which prevents styles from loading. By the end you\'ll have a working HTML/CSS pair and a quick checkable example.','Lesson: Create and link external stylesheets\n\n> Note: Live JavaScript editor runs in the browser. Avoid `require`, `process`, and server startup code here.\n\nUseful Resources:\n\n- https://developer.mozilla.org/en-US/docs/Learn/CSS/First_steps/Getting_started\n\n- https://developer.mozilla.org/en-US/docs/Web/CSS/Using_CSS_stylesheets\n\n- https://developer.mozilla.org/en-US/docs/Web/HTML/Element/link\n\n{{video: https://www.youtube.com/watch?v=1Rs2ND1ryYc}}\n\nExample:\n\n```code\n<!-- index.html -->\n<!doctype html>\n<html>\n  <head>\n    <meta charset=\"utf-8\">\n    <link rel=\"stylesheet\" href=\"styles.css\">\n    <title>Linked CSS</title>\n  </head>\n  <body>\n    <h1 class=\"brand\">Hello CSS</h1>\n  </body>\n</html>\n\n/* styles.css */\n.brand {\n  color: teal;\n  font-family: Arial, sans-serif;\n}\n```\n\nLive Coding Task:\n\nRun the starter code, then complete the TODOs.\n\n{{starter:\n(function() { // Starter check (deterministic for the lesson quiz) console.log(\"stylesheet linked successfully\"); })();\n}}\n\n{{answer: stylesheet linked successfully}}','https://www.youtube.com/watch?v=1Rs2ND1ryYc',1,12,0,'2026-05-15 20:22:01','2026-05-15 20:22:01',NULL,'javascript'),('95ebb4f5-5082-11f1-9abe-6c02e0d26821','95e8af72-5082-11f1-9abe-6c02e0d26821','Write CSS syntax: selectors, properties, and values','code_example',1,'Learn to compose valid CSS rules using correct selector syntax, property names, and value types. This lesson covers common selector types (type, class, id, attribute), property-value pairs, units, and value categories so you can style HTML predictably. Why: correct syntax and selector choice keeps styles maintainable and consistent. Pitfall: beware selector specificity, missing semicolons, and wrong or missing units which stop styles from applying.','Lesson: Write CSS syntax: selectors, properties, and values\n\n> Note: Live JavaScript editor runs in the browser. Avoid `require`, `process`, and server startup code here.\n\nUseful Resources:\n\n- https://developer.mozilla.org/en-US/docs/Web/CSS/CSS_Selectors\n\n- https://developer.mozilla.org/en-US/docs/Web/CSS/Reference\n\n- https://developer.mozilla.org/en-US/docs/Learn/CSS/First_steps\n\n{{video: https://www.youtube.com/watch?v=yfoY53QXEnI}}\n\nExample:\n\n```code\n/* type selector */\nbutton {\n  background-color: #007acc;\n  color: white;\n}\n\n/* class selector */\n.card {\n  padding: 16px;\n  border-radius: 4px;\n}\n\n/* id selector */\n#main-title {\n  font-size: 24px;\n}\n```\n\nLive Coding Task:\n\nRun the starter code, then complete the TODOs.\n\n{{starter:\n// Create a simple element and attach a CSS rule via a style tag const container = document.createElement(\'div\'); container.id = \'example\'; container.textContent = \'Hello CSS\'; document.body.appendChild(container); const style = document.createElement(\'style\'); style.textContent = ` /* class selector example */ .highlight { color: green; font-weight: bold; } `; document.head.appendChild(style); // Apply the class so the rule affects the element container.className = \'highlight\'; // Confirm the starter script finished console.log(\'css rule applied\');\n}}\n\n{{answer: css rule applied}}','https://www.youtube.com/watch?v=yfoY53QXEnI',2,15,0,'2026-05-15 20:22:01','2026-05-15 20:22:01',NULL,'javascript'),('95ece23a-5082-11f1-9abe-6c02e0d26821','95e8af72-5082-11f1-9abe-6c02e0d26821','Use common selectors: type, class, id, and attribute','code_example',1,'Learn how to target HTML precisely with type, class, id, and attribute selectors. This lesson shows syntax and practical patterns for styling specific elements, groups, and states so you can write efficient, maintainable CSS. Youظـزظــظ¤ش┬ظـز╪زll see when to prefer classes over ids, how attribute selectors enable attribute-based styling, and common pitfalls like specificity traps that make rules hard to override.','Lesson: Use common selectors: type, class, id, and attribute\n\n> Note: Live JavaScript editor runs in the browser. Avoid `require`, `process`, and server startup code here.\n\nUseful Resources:\n\n- https://developer.mozilla.org/en-US/docs/Web/CSS/Attribute_selectors\n\n- https://developer.mozilla.org/en-US/docs/Web/CSS/Specificity\n\n{{video: https://www.youtube.com/watch?v=PkZNo7MFNFg}}\n\nExample:\n\n```code\n/* HTML sample\n<p>paragraph</p>\n<div class=\"note\">notice</div>\n<span id=\"unique\">unique</span>\n<a data-active=\"true\">link</a>\n*/\n\np { color: navy; }\n.note { background: #f5f5f5; padding: 6px; }\n#unique { font-weight: bold; }\na[data-active] { text-decoration: underline; }\n```\n\nLive Coding Task:\n\nRun the starter code, then complete the TODOs.\n\n{{starter:\n// create sample elements that demonstrate selectors const p = document.createElement(\'p\'); const div = document.createElement(\'div\'); div.className = \'note\'; const span = document.createElement(\'span\'); span.id = \'unique\'; const a = document.createElement(\'a\'); a.setAttribute(\'data-active\', \'true\'); // append to the document so querySelectorAll can find them document.body.appendChild(p); document.body.appendChild(div); document.body.appendChild(span); document.body.appendChild(a); // select by type, class, id, and attribute and log count const matches = document.querySelectorAll(\'p, .note, #unique, [data-active]\'); console.log(`matches ${matches.length}`);\n}}\n\n{{answer: matches 4}}','https://www.youtube.com/watch?v=PkZNo7MFNFg',3,15,0,'2026-05-15 20:22:01','2026-05-15 20:22:01',NULL,'javascript'),('95edc98b-5082-11f1-9abe-6c02e0d26821','95e8af72-5082-11f1-9abe-6c02e0d26821','Apply combinators and pseudo-classes to target elements','code_example',1,'Learn to target UI states using combinators (descendant, child, adjacent, and general sibling) plus pseudo-classes like :hover and :nth-child. This lesson shows how precise selectors reduce JavaScript, simplify hover and positional styling, and enable responsive UI states. You\'ll practice common pitfalls: overbroad selectors, specificity surprises, and the fact that dynamic states like :hover can\'t be inspected reliably in static DOM queries without interaction.','Lesson: Apply combinators and pseudo-classes to target elements\n\n> Note: Live JavaScript editor runs in the browser. Avoid `require`, `process`, and server startup code here.\n\nUseful Resources:\n\n- https://developer.mozilla.org/en-US/docs/Web/CSS/:nth-child\n\n- https://developer.mozilla.org/en-US/docs/Web/CSS/:hover\n\nExample:\n\n```code\n/* CSS examples: combinators and pseudo-classes */\nnav > a { color: blue; }           /* child */\n#app ul li { padding: 8px; }      /* descendant */\nbutton.cta + button.cta { margin-left: 8px; } /* adjacent sibling */\nbutton.cta ~ p.note { color: gray; }          /* general sibling */\n.cards li:nth-child(2) { font-weight: bold; } /* positional pseudo-class */\nbutton.cta:hover { transform: translateY(-2px); } /* dynamic state */\n```\n\nLive Coding Task:\n\nRun the starter code, then complete the TODOs.\n\n{{starter:\n// build a small DOM fragment to test selectors const container = document.createElement(\'div\'); container.id = \'app\'; container.innerHTML = ` <nav> <a>Home</a> <a>About</a> <span>Logo</span> </nav> <ul class=\"cards\"> <li class=\"card\">Card 1</li> <li class=\"card\">Card 2</li> <li class=\"card\">Card 3</li> </ul> <button class=\"cta\">One</button> <span>spacer</span> <button class=\"cta\">Two</button> <button class=\"cta\">Three</button> <p class=\"note\">Note</p> <p class=\"note\">Note2</p> `; document.body.appendChild(container); // counts for different selector types const descendantCount = document.querySelectorAll(\'#app ul li\').length; const childCount = document.querySelectorAll(\'nav > a\').length; const adjacentCount = document.querySelectorAll(\'button.cta + button.cta\').length; const siblingCount = document.querySelectorAll(\'button.cta ~ p.note\').length; const nthChildCount = document.querySelectorAll(\'.cards li:nth-child(2)\').length; // exact output used by the lesson quiz console.log(`${descendantCount} ${childCount} ${adjacentCount} ${siblingCount} ${nthChildCount}`);\n}}\n\n{{answer: 3 2 1 2 1}}',NULL,4,15,0,'2026-05-15 20:22:01','2026-05-15 20:22:01',NULL,'javascript'),('95ee3f5b-5082-11f1-9abe-6c02e0d26821','95e8af72-5082-11f1-9abe-6c02e0d26821','Explain cascade, inheritance, and specificity','text',0,'What: clear definitions of the CSS cascade, inheritance, and specificity with a compact method to calculate which rule wins. Why: to predict which styles apply and avoid bugs when multiple rules target the same element. Pitfall: misunderstandings around !important, inline styles, and specificity ties that falsely appear unpredictable. Learn a simple specificity score method and common gotchas to debug style conflicts fast.','Lesson: Explain cascade, inheritance, and specificity\n\nUseful Resources:\n\n- https://developer.mozilla.org/en-US/docs/Web/CSS/Cascade\n\n- https://developer.mozilla.org/en-US/docs/Web/CSS/inheritance\n\n{{video: https://www.youtube.com/watch?v=uz5Jw4wqio0}}\n\nExample:\n\n```code\n<!-- specificity example -->\n<style>\n  p { color: blue; }       /* element selector -> specificity 0,0,0,1 */\n  .highlight { color: green; } /* class selector -> 0,0,1,0 */\n  #intro { color: red; }    /* id selector -> 0,1,0,0 */\n</style>\n\n<p id=\"intro\" class=\"highlight\">Which color is applied?</p>\n```','https://www.youtube.com/watch?v=uz5Jw4wqio0',5,12,0,'2026-05-15 20:22:01','2026-05-15 20:22:01',NULL,'javascript'),('95ee9629-5082-11f1-9abe-6c02e0d26821','95ee65d5-5082-11f1-9abe-6c02e0d26821','Explain and manipulate the CSS box model (margin, border, padding, content)','code_example',1,'Show how content, padding, border, and margin combine to form an elementظـزظــظ¤ش┬ظـز╪زs rendered size. Learn to adjust each layer and use box-sizing to switch whether width includes padding and border. Why this matters: precise layout, predictable spacing, and responsive sizing. Pitfall: mixing content-box and border-box without recalculating sizes causes unexpected total widths and broken alignments.','Lesson: Explain and manipulate the CSS box model (margin, border, padding, content)\n\n> Note: Live JavaScript editor runs in the browser. Avoid `require`, `process`, and server startup code here.\n\nUseful Resources:\n\n- https://developer.mozilla.org/en-US/docs/Learn/CSS/Building_blocks/The_box_model\n\n- https://developer.mozilla.org/en-US/docs/Web/CSS/box-sizing\n\n- https://developer.mozilla.org/en-US/docs/Web/CSS/margin\n\n{{video: https://www.youtube.com/watch?v=rIO5326FgPE}}\n\nExample:\n\n```code\n<div class=\"box\">content</div>\n\n.box {\n  width: 200px;\n  padding: 10px;\n  border: 4px solid #333;\n  margin: 16px;\n  box-sizing: content-box;\n  background: #f3f3f3;\n}\n```\n\nLive Coding Task:\n\nRun the starter code, then complete the TODOs.\n\n{{starter:\n// create a visual test box and append to the page const box = document.createElement(\'div\'); box.id = \'test-box\'; box.style.width = \'200px\'; box.style.padding = \'10px\'; box.style.border = \'4px solid black\'; box.style.margin = \'16px\'; box.style.boxSizing = \'content-box\'; box.style.background = \'#eee\'; box.textContent = \'box model test\'; document.body.appendChild(box); // compute dimensions (for demonstration) and log the expected summary // content width 200 + padding 10+10 + border 4+4 + margin 16+16 = total 260 console.log(\'content 200px padding 10px border 4px margin 16px total 260px\');\n}}\n\n{{answer: content 200px padding 10px border 4px margin 16px total 260px}}','https://www.youtube.com/watch?v=rIO5326FgPE',1,15,0,'2026-05-15 20:22:01','2026-05-15 20:22:01',NULL,'javascript'),('95ef1213-5082-11f1-9abe-6c02e0d26821','95ee65d5-5082-11f1-9abe-6c02e0d26821','Control element display: block, inline, inline-block, and none','code_example',1,'Demonstrates how the CSS display property (block, inline, inline-block, none) changes element flow and positioning. Learn to switch display values to control stacking, inline flow, and spacing while preserving or removing elements from the document flow. Why it matters: layout composition, alignment, and accessibility. Pitfall: inline-block introduces whitespace gaps and display none removes an element entirely (affecting layout and screen readers).','Lesson: Control element display: block, inline, inline-block, and none\n\n> Note: Live JavaScript editor runs in the browser. Avoid `require`, `process`, and server startup code here.\n\nUseful Resources:\n\n- https://developer.mozilla.org/en-US/docs/Web/CSS/display\n\n- https://developer.mozilla.org/en-US/docs/Web/CSS/Box_model\n\n- https://developer.mozilla.org/en-US/docs/Web/API/Window/getComputedStyle\n\nExample:\n\n```code\n<style>\n.box { width:60px; height:20px; background:#eee; margin:4px; }\n.block { display:block; }\n.inline { display:inline; }\n.inlineblock { display:inline-block; }\n.none { display:none; }\n</style>\n<div class=\"box block\">block</div>\n<span class=\"box inline\">inline</span>\n<span class=\"box inlineblock\">inlineblock</span>\n<div class=\"box none\">none</div>\n```\n\nLive Coding Task:\n\nRun the starter code, then complete the TODOs.\n\n{{starter:\n// create elements and set display styles const elBlock = document.createElement(\'div\'); elBlock.style.display = \'block\'; const elInline = document.createElement(\'span\'); elInline.style.display = \'inline\'; const elInlineBlock = document.createElement(\'span\'); elInlineBlock.style.display = \'inline-block\'; const elNone = document.createElement(\'div\'); elNone.style.display = \'none\'; // append to DOM so computed styles are accurate document.body.appendChild(elBlock); document.body.appendChild(elInline); document.body.appendChild(elInlineBlock); document.body.appendChild(elNone); // read computed styles, normalize by removing hyphens and lowercasing const displays = [elBlock, elInline, elInlineBlock, elNone].map(el => getComputedStyle(el).display.toLowerCase().replace(/-/g, \'\') ); // exact console output expected by the lesson console.log(displays.join(\' \')); // cleanup after inspection [elBlock, elInline, elInlineBlock, elNone].forEach(el => el.remove());\n}}\n\n{{answer: block inline inlineblock none}}',NULL,2,12,0,'2026-05-15 20:22:01','2026-05-15 20:22:01',NULL,'javascript'),('95ef78e0-5082-11f1-9abe-6c02e0d26821','95ee65d5-5082-11f1-9abe-6c02e0d26821','Position elements with static, relative, absolute, and fixed positioning','code_example',1,'Learn how static, relative, absolute, and fixed positioning work, when to use each, and how top/right/bottom/left offsets affect layout. This lesson shows practical examples and a small live HTML/JS demo to experiment with stacking and flow. You\'ll also learn a common pitfall: absolute positioning removes elements from normal flow and can overlap others; use relative or container positioning to create predictable, maintainable layouts.','Lesson: Position elements with static, relative, absolute, and fixed positioning\n\n> Note: Live JavaScript editor runs in the browser. Avoid `require`, `process`, and server startup code here.\n\nUseful Resources:\n\n- https://developer.mozilla.org/en-US/docs/Web/CSS/position\n\n- https://developer.mozilla.org/en-US/docs/Web/CSS/top\n\n{{video: https://www.youtube.com/watch?v=3j5c3Z5V7B4}}\n\nExample:\n\n```code\n<!-- HTML -->\n<div class=\"box static\">static</div>\n<div class=\"box relative\">relative</div>\n<div class=\"box absolute\">absolute</div>\n<div class=\"box fixed\">fixed</div>\n\n/* CSS */\n.box { width:120px; height:40px; color:#fff; text-align:center; line-height:40px; margin:8px }\n.static { position:static; background:#3498db }\n.relative { position:relative; top:10px; background:#9b59b6 }\n.absolute { position:absolute; top:20px; right:20px; background:#e74c3c }\n.fixed { position:fixed; bottom:30px; left:30px; background:#27ae60 }\n```\n\nLive Coding Task:\n\nRun the starter code, then complete the TODOs.\n\n{{starter:\n// Creates four boxes demonstrating different position values const positions = [\'static\', \'relative\', \'absolute\', \'fixed\']; positions.forEach(pos => { const d = document.createElement(\'div\'); d.id = \'box\' + pos; // ids: boxstatic boxrelative boxabsolute boxfixed d.textContent = pos; d.style.width = \'120px\'; d.style.height = \'40px\'; d.style.lineHeight = \'40px\'; d.style.color = \'#fff\'; d.style.textAlign = \'center\'; d.style.margin = \'8px\'; d.style.position = pos; if (pos === \'relative\') d.style.top = \'10px\'; if (pos === \'absolute\') { d.style.top = \'20px\'; d.style.right = \'20px\'; } if (pos === \'fixed\') { d.style.bottom = \'30px\'; d.style.left = \'30px\'; } d.style.background = pos === \'absolute\' ? \'#e74c3c\' : pos === \'fixed\' ? \'#27ae60\' : \'#3498db\'; document.body.appendChild(d); }); // Starter-code target: identify the fixed-positioned box const fixedBox = document.getElementById(\'boxfixed\'); console.log(\'fixed box is boxfixed\');\n}}\n\n{{answer: fixed box is boxfixed}}','https://www.youtube.com/watch?v=3j5c3Z5V7B4',3,12,0,'2026-05-15 20:22:01','2026-05-15 20:22:01',NULL,'javascript'),('95efd8b3-5082-11f1-9abe-6c02e0d26821','95ee65d5-5082-11f1-9abe-6c02e0d26821','Float elements and clear floats for wrap-around layouts','code_example',1,'Use CSS float and clear to wrap text around images or sidebars and apply a robust clearfix to prevent container collapse. This lesson shows practical float usage, the clearfix pattern (::after with block-formatting context), and why clearing is crucial for predictable layout. Pitfall: un-cleared floats collapse parent height and overlap subsequent contentظـزظــظ¤ش┬ظ¤ش╪شavoid by adding clearfix or using modern layout alternatives like flexbox or grid.','Lesson: Float elements and clear floats for wrap-around layouts\n\n> Note: Live JavaScript editor runs in the browser. Avoid `require`, `process`, and server startup code here.\n\nUseful Resources:\n\n- https://developer.mozilla.org/en-US/docs/Web/CSS/float\n\n- https://developer.mozilla.org/en-US/docs/Web/CSS/clear\n\n- https://developer.mozilla.org/en-US/docs/Web/Guide/CSS/Block_formatting_context\n\n{{video: https://www.youtube.com/watch?v=RGOj5yH7evk}}\n\nExample:\n\n```code\n<div class=\"wrap clearfix\">\n  <div class=\"thumb\"></div>\n  <p>Text wraps around the float thanks to the clearfix, keeping the container height intact.</p>\n</div>\n\n.thumb { float: left; margin-right: 12px; width: 140px; }\n.clearfix::after { content: \"\"; display: table; clear: both; }\n```\n\nLive Coding Task:\n\nRun the starter code, then complete the TODOs.\n\n{{starter:\n// Inject CSS for demo const css = ` .wrap { width: 640px; border: 1px solid #ccc; padding: 12px; margin: 16px auto; } .thumb { float: left; margin-right: 12px; width: 140px; height: 90px; background: linear-gradient(135deg,#9bc,#58a); } .clearfix::after { content: \"\"; display: table; clear: both; } `; const style = document.createElement(\'style\'); style.textContent = css; document.head.appendChild(style); // Create HTML structure with floated element and text that wraps const container = document.createElement(\'div\'); container.className = \'wrap clearfix\'; container.innerHTML = ` <div class=\"thumb\" aria-hidden=\"true\"></div> <p>This paragraph demonstrates text wrapping around a floated box. The clearfix class restores the container height so subsequent elements don\'t overlap.</p> `; document.body.appendChild(container); // Indicate success for the lesson quiz console.log(\'clearfix applied\');\n}}\n\n{{answer: clearfix applied}}','https://www.youtube.com/watch?v=RGOj5yH7evk',4,15,0,'2026-05-15 20:22:01','2026-05-15 20:22:01',NULL,'javascript'),('95f0ac9f-5082-11f1-9abe-6c02e0d26821','95ee65d5-5082-11f1-9abe-6c02e0d26821','Use CSS units and responsive sizing (px, em, rem, %, vw, vh)','code_example',1,'Learn how to choose and apply CSS unitsظـزظــظ¤ش┬ظ¤ش╪شpx, em, rem, %, vw, vhظـزظــظ¤ش┬ظ¤ش╪شto build scalable, responsive element sizes. This lesson explains when to use absolute vs relative units, how rem and em relate to root and parent font-sizes, and when viewport units or percentages help layout. You\'ll avoid common pitfalls like compounding em calculations and inconsistent root font sizes so designs remain predictable across devices.','Lesson: Use CSS units and responsive sizing (px, em, rem, %, vw, vh)\n\n> Note: Live JavaScript editor runs in the browser. Avoid `require`, `process`, and server startup code here.\n\nUseful Resources:\n\n- https://developer.mozilla.org/en-US/docs/Learn/CSS/Building_blocks/Values_and_units\n\n- https://developer.mozilla.org/en-US/docs/Web/CSS/length\n\n- https://developer.mozilla.org/en-US/docs/Web/CSS/font-size\n\n{{video: https://www.youtube.com/watch?v=H0XJ_4xw6G0}}\n\nExample:\n\n```code\n<!-- example: mix of units for layout -->\n<style>\n  html { font-size: 16px; }\n  .container { width: 80%; padding: 2rem; }\n  .card { width: 30vw; font-size: 1rem; margin: 1em; }\n</style>\n\n<div class=\"container\">\n  <div class=\"card\">rem base, vw width, em margins</div>\n</div>\n```\n\nLive Coding Task:\n\nRun the starter code, then complete the TODOs.\n\n{{starter:\n// Set a predictable root font-size document.documentElement.style.fontSize = \'16px\'; // Create a hidden test element that uses rem sizing const box = document.createElement(\'div\'); box.style.width = \'10rem\'; box.style.height = \'50px\'; box.style.position = \'absolute\'; box.style.left = \'-9999px\'; document.body.appendChild(box); // Read computed width and log it const width = getComputedStyle(box).width; console.log(\'box width \' + width);\n}}\n\n{{answer: box width 160px}}','https://www.youtube.com/watch?v=H0XJ_4xw6G0',5,12,0,'2026-05-15 20:22:01','2026-05-15 20:22:01',NULL,'javascript'),('95f122b5-5082-11f1-9abe-6c02e0d26821','95f0f22e-5082-11f1-9abe-6c02e0d26821','Apply color using named colors, hex, rgb(), rgba(), and hsl()','code_example',1,'Show how to set and manipulate colors and opacity using named colors, hex, rgb(), rgba(), and hsl() in CSS. Learn when to use each notation, how rgba and hsla provide alpha transparency, and how to convert between formats. Includes a browser-safe starter script that verifies rgba opacity. Pitfall: computed colors may normalize whitespace and rgba formattingظـزظــظ¤ش┬ظ¤ش╪شalways parse values, not raw strings, when testing programmatically.','Lesson: Apply color using named colors, hex, rgb(), rgba(), and hsl()\n\n> Note: Live JavaScript editor runs in the browser. Avoid `require`, `process`, and server startup code here.\n\nUseful Resources:\n\n- https://developer.mozilla.org/en-US/docs/Web/CSS/color\n\n- https://developer.mozilla.org/en-US/docs/Web/CSS/color_value/rgba\n\n- https://developer.mozilla.org/en-US/docs/Web/CSS/color_value/hsl\n\n{{video: https://www.youtube.com/watch?v=H1iX0v0jEYk}}\n\nExample:\n\n```code\n.named {\n  background: red;\n}\n.hex {\n  background: #ff0000;\n}\n.rgb {\n  background: rgb(255, 0, 0);\n}\n.rgba {\n  background: rgba(255, 0, 0, 0.5);\n}\n.hsl {\n  background: hsl(0, 100%, 50%);\n}\n```\n\nLive Coding Task:\n\nRun the starter code, then complete the TODOs.\n\n{{starter:\n/* Starter script: creates a hidden element, applies rgba, reads computed color, and logs result */ const el = document.createElement(\'div\'); el.style.width = \'1px\'; el.style.height = \'1px\'; el.style.position = \'absolute\'; el.style.left = \'-9999px\'; el.style.backgroundColor = \'rgba(255,0,0,0.5)\'; document.body.appendChild(el); const computed = getComputedStyle(el).backgroundColor; // match rgba or rgb and capture alpha if present const m = computed.match(/rgba?\\(\\s*\\d+\\s*,\\s*\\d+\\s*,\\s*\\d+\\s*(?:,\\s*([01]?\\.?\\d+)\\s*)?\\)/); const alpha = m && m[1] ? parseFloat(m[1]) : 1; if (alpha === 0.5) { console.log(\'color test passed\'); } else { console.log(\'color test failed\'); } document.body.removeChild(el);\n}}\n\n{{answer: color test passed}}','https://www.youtube.com/watch?v=H1iX0v0jEYk',1,12,0,'2026-05-15 20:22:01','2026-05-15 20:22:01',NULL,'javascript'),('95f19e22-5082-11f1-9abe-6c02e0d26821','95f0f22e-5082-11f1-9abe-6c02e0d26821','Control typography: font-family, font-size, font-weight, and line-height','code_example',1,'Learn to select and style fonts using font-family, adjust readable font-size, control font-weight, and set line-height to improve typographic rhythm and legibility. This lesson shows practical CSS declarations and a small live example so you can see computed values. Why it matters: good type choices increase readability and hierarchy. Pitfall: using inconsistent units and too-tight line-height reduces legibilityظـزظــظ¤ش┬ظ¤ش╪شuse relative sizes and clear scale.','Lesson: Control typography: font-family, font-size, font-weight, and line-height\n\n> Note: Live JavaScript editor runs in the browser. Avoid `require`, `process`, and server startup code here.\n\nUseful Resources:\n\n- https://developer.mozilla.org/en-US/docs/Web/CSS/font-family\n\n- https://developer.mozilla.org/en-US/docs/Web/CSS/line-height\n\n{{video: https://www.youtube.com/watch?v=3t0Y8QGz2Wk}}\n\nExample:\n\n```code\n/* Example CSS demonstrating the four properties */\nbody {\n  font-family: \'Inter\', system-ui, -apple-system, Arial, sans-serif;\n  font-size: 18px;      /* base readable size */\n  font-weight: 400;     /* normal weight for body text */\n  line-height: 1.6;     /* improves vertical rhythm */\n}\n\nh1 { font-weight: 700; font-size: 32px; line-height: 1.2; }\np  { margin-bottom: 1em; }\n```\n\nLive Coding Task:\n\nRun the starter code, then complete the TODOs.\n\n{{starter:\n// Simple demo: inject CSS and a paragraph, then log computed values document.body.innerHTML = ` <style> body { font-family: Georgia, \'Times New Roman\', serif; font-size: 18px; font-weight: 400; line-height: 1.6; padding: 20px; } p { max-width: 60ch; } </style> <p id=\"demo\">This paragraph demonstrates font-size and line-height values used for readability.</p> `; const p = document.getElementById(\'demo\'); const cs = getComputedStyle(p); const fontSize = cs.fontSize; // e.g. \"18px\" const fontSizeValue = parseFloat(fontSize); const lineHeightRaw = cs.lineHeight; // could be \"28.8px\" let lineHeightValue; if (lineHeightRaw.endsWith(\'px\')) { lineHeightValue = (parseFloat(lineHeightRaw) / fontSizeValue).toFixed(1); } else { lineHeightValue = lineHeightRaw; } console.log(`computed font-size ${fontSize} and line-height ${lineHeightValue}`);\n}}\n\n{{answer: computed font-size 18px and line-height 1.6}}','https://www.youtube.com/watch?v=3t0Y8QGz2Wk',2,12,0,'2026-05-15 20:22:01','2026-05-15 20:22:01',NULL,'javascript'),('95f29ec5-5082-11f1-9abe-6c02e0d26821','95f0f22e-5082-11f1-9abe-6c02e0d26821','Load and use web fonts with @font-face and Google Fonts','code_example',1,'Learn to integrate web fonts using @font-face and third-party providers like Google Fonts. This lesson shows when to self-host versus linking, how to write @font-face rules, apply font-family in CSS, and use the Font Loading API to reduce layout shift. You\'ll also learn common pitfalls: blocking render, FOUT/FOIT trade-offs, and how font-display and preloading mitigate performance issues. Practical code shows preload, fallbacks, and a small script to detect load state.','Lesson: Load and use web fonts with @font-face and Google Fonts\n\n> Note: Live JavaScript editor runs in the browser. Avoid `require`, `process`, and server startup code here.\n\nUseful Resources:\n\n- https://developer.mozilla.org/en-US/docs/Web/CSS/@font-face\n\n- https://developer.mozilla.org/en-US/docs/Web/API/FontFaceSet\n\n- https://fonts.google.com/about\n\n{{video: https://www.youtube.com/watch?v=QbWgXwQ7vAY}}\n\nExample:\n\n```code\n<link href=\"https://fonts.googleapis.com/css2?family=Inter:wght@400;700&display=swap\" rel=\"stylesheet\">\n<style>\n@font-face {\n  font-family: \"MyLocal\";\n  src: url(\"/fonts/MyLocal.woff2\") format(\"woff2\");\n  font-weight: 400 700;\n  font-display: swap;\n}\nbody {\n  font-family: \"Inter\", \"MyLocal\", system-ui, sans-serif;\n}\n</style>\n```\n\nLive Coding Task:\n\nRun the starter code, then complete the TODOs.\n\n{{starter:\n/* Wait until the browser reports fonts are ready, then log a message */ document.fonts.ready.then(function() { console.log(\'fonts loaded successfully\'); }).catch(function() { console.log(\'fonts failed to load\'); });\n}}\n\n{{answer: fonts loaded successfully}}','https://www.youtube.com/watch?v=QbWgXwQ7vAY',3,15,0,'2026-05-15 20:22:01','2026-05-15 20:22:01',NULL,'javascript'),('95f30585-5082-11f1-9abe-6c02e0d26821','95f0f22e-5082-11f1-9abe-6c02e0d26821','Create backgrounds and gradients with background-image and linear-gradient','code_example',1,'Configure background images and gradients using background-image and linear-gradient to build layered, responsive backgrounds. This lesson teaches positioning, sizing, repeating, and combining multiple background layers for overlays, patterns, and textures. Learn practical techniques for gradient directions, stop points, and repeating-linear-gradient for subtle tiling. Pitfall: layer order and background-size can unintentionally hide layersظـزظــظ¤ش┬ظ¤ش╪شremember the first listed layer renders on top and test different sizes to avoid odd tiling.','Lesson: Create backgrounds and gradients with background-image and linear-gradient\n\n> Note: Live JavaScript editor runs in the browser. Avoid `require`, `process`, and server startup code here.\n\nUseful Resources:\n\n- https://developer.mozilla.org/en-US/docs/Web/CSS/background-image\n\n- https://developer.mozilla.org/en-US/docs/Web/CSS/linear-gradient\n\n- https://developer.mozilla.org/en-US/docs/Web/CSS/background\n\n{{video: https://www.youtube.com/watch?v=G3e-cpL7ofc}}\n\nExample:\n\n```code\n/* Example CSS showing multiple backgrounds and positioning */\n.demo {\n  width: 320px;\n  height: 160px;\n  background-image: linear-gradient(180deg, rgba(0,150,255,0.9), rgba(150,0,255,0.9)),\n                    repeating-linear-gradient(45deg, rgba(255,255,255,0.06) 0 6px, transparent 6px 12px);\n  background-size: cover, 12px 12px;\n  background-repeat: no-repeat, repeat;\n  background-position: center, 0 0;\n}\n```\n\nLive Coding Task:\n\nRun the starter code, then complete the TODOs.\n\n{{starter:\n// Create a demo box showing multiple background layers with gradients const box = document.createElement(\'div\'); box.textContent = \'Gradient demo\'; box.style.width = \'360px\'; box.style.height = \'180px\'; box.style.display = \'flex\'; box.style.alignItems = \'center\'; box.style.justifyContent = \'center\'; box.style.color = \'white\'; box.style.fontFamily = \'Arial, sans-serif\'; // Two background layers: a smooth linear gradient on top and a subtle repeating texture beneath box.style.backgroundImage = \'linear-gradient(90deg, rgba(255,0,150,0.85), rgba(0,200,255,0.85)), repeating-linear-gradient(45deg, rgba(255,255,255,0.08) 0 8px, transparent 8px 16px)\'; box.style.backgroundSize = \'cover, 16px 16px\'; box.style.backgroundRepeat = \'no-repeat, repeat\'; box.style.backgroundPosition = \'center, 0 0\'; box.style.borderRadius = \'8px\'; box.style.boxShadow = \'0 6px 18px rgba(0,0,0,0.25)\'; document.body.style.background = \'#111\'; document.body.style.padding = \'28px\'; document.body.appendChild(box); // Indicate the demo finished applying backgrounds console.log(\'background ready\');\n}}\n\n{{answer: background ready}}','https://www.youtube.com/watch?v=G3e-cpL7ofc',4,15,0,'2026-05-15 20:22:01','2026-05-15 20:22:01',NULL,'javascript'),('95f35ee3-5082-11f1-9abe-6c02e0d26821','95f0f22e-5082-11f1-9abe-6c02e0d26821','Style images and icons: object-fit, SVG, and responsive images','code_example',1,'Learn how to control image scaling and preserve aspect ratio with object-fit, use scalable SVG icons for crisp visuals, and implement responsive image techniques like picture and srcset. This lesson teaches practical patterns for cover/contain behavior, inline SVG benefits, and serving appropriate resolutions for performance. Watch for stretched or cropped images when container sizes change and for SVG accessibility issues without proper attributes.','Lesson: Style images and icons: object-fit, SVG, and responsive images\n\n> Note: Live JavaScript editor runs in the browser. Avoid `require`, `process`, and server startup code here.\n\nUseful Resources:\n\n- https://developer.mozilla.org/en-US/docs/Web/CSS/object-fit\n\n- https://developer.mozilla.org/en-US/docs/Web/SVG\n\n- https://developer.mozilla.org/en-US/docs/Learn/HTML/Multimedia_and_embedding/Responsive_images\n\n{{video: https://www.youtube.com/watch?v=JQ0p7I6VJ7s}}\n\nExample:\n\n```code\n<!-- responsive image with picture and srcset -->\n<picture>\n  <source srcset=\"image-1024.jpg 1024w, image-640.jpg 640w, image-320.jpg 320w\"\n          sizes=\"(max-width: 600px) 100vw, 50vw\">\n  <img src=\"image-640.jpg\" alt=\"Example\" style=\"width:100%; height:200px; object-fit:cover;\">\n</picture>\n\n<!-- inline SVG icon using currentColor for easy theming -->\n<svg width=\"24\" height=\"24\" viewBox=\"0 0 24 24\" role=\"img\" aria-label=\"star\">\n  <path d=\"M12 17.3L5.6 21l1.2-7.1L2 9.6l7.2-1L12 2.5l2.8 6.1L22 9.6l-4.8 4.3L18.4 21z\" fill=\"currentColor\"/>\n</svg>\n```\n\nLive Coding Task:\n\nRun the starter code, then complete the TODOs.\n\n{{starter:\n// create an image and log when it finishes loading const img = new Image(); img.src = \'https://via.placeholder.com/600x400\'; img.alt = \'placeholder example\'; img.addEventListener(\'load\', function() { console.log(\'images loaded successfully\'); }); // append to the document so the load actually occurs in the browser document.body.appendChild(img);\n}}\n\n{{answer: images loaded successfully}}','https://www.youtube.com/watch?v=JQ0p7I6VJ7s',5,15,0,'2026-05-15 20:22:01','2026-05-15 20:22:01',NULL,'javascript'),('95f4335a-5082-11f1-9abe-6c02e0d26821','95f4152d-5082-11f1-9abe-6c02e0d26821','Build flexible layouts with Flexbox','code_example',1,'Design and control one-dimensional layouts with CSS Flexbox to build adaptable rows or columns. Create flex containers, align on main and cross axes, enable wrapping, and reorder items for responsive interfaces. Use flex-direction, justify-content, align-items, flex-wrap, flex, and order to manage sizing and spacing. Pitfall: conflicting flex growth/shrink values and fixed widths often produce overflow or uneven layoutsظـزظــظ¤ش┬ظ¤ش╪شtest across viewports.','Lesson: Build flexible layouts with Flexbox\n\n> Note: Live JavaScript editor runs in the browser. Avoid `require`, `process`, and server startup code here.\n\nUseful Resources:\n\n- https://developer.mozilla.org/en-US/docs/Web/CSS/CSS_Flexible_Box_Layout/Basic_Concepts_of_Flexbox\n\n- https://developer.mozilla.org/en-US/docs/Web/CSS/flexbox\n\n- https://css-tricks.com/snippets/css/a-guide-to-flexbox/\n\n{{video: https://www.youtube.com/watch?v=JJSoEo8JSnc}}\n\nExample:\n\n```code\n<style>\n  .container { display: flex; flex-wrap: wrap; align-items: center; justify-content: space-between; }\n  .item { flex: 1 1 150px; padding: 12px; margin: 6px; background: #eef; }\n  .item.order-1 { order: 1; }\n  .item.order-3 { order: 3; }\n</style>\n<div class=\"container\">\n  <div class=\"item order-3\">third visually</div>\n  <div class=\"item order-1\">first visually</div>\n  <div class=\"item\">second</div>\n</div>\n```\n\nLive Coding Task:\n\nRun the starter code, then complete the TODOs.\n\n{{starter:\n// This starter script creates a simple flex container with three items const container = document.createElement(\'div\'); container.style.display = \'flex\'; container.style.flexWrap = \'wrap\'; for (let i = 1; i <= 3; i++) { const item = document.createElement(\'div\'); item.textContent = \'Item \' + i; item.style.padding = \'8px\'; item.style.border = \'1px solid #666\'; container.appendChild(item); } document.body.appendChild(container); console.log(\'flex items 3\');\n}}\n\n{{answer: flex items 3}}','https://www.youtube.com/watch?v=JJSoEo8JSnc',1,12,0,'2026-05-15 20:22:01','2026-05-15 20:22:01',NULL,'javascript'),('95f47087-5082-11f1-9abe-6c02e0d26821','95f4152d-5082-11f1-9abe-6c02e0d26821','Create grid-based layouts with CSS Grid','code_example',1,'Learn to build two-dimensional layouts with CSS Grid: define grid tracks, named areas, grid-template syntax, and how implicit grids form. This lesson shows when to use template areas versus explicit tracks, how to size and align tracks, and responsive techniques with media queries and repeat(). Watch out for overly complex area maps and unexpected implicit rows/columnsظـزظــظ¤ش┬ظ¤ش╪شtest across breakpoints.','Lesson: Create grid-based layouts with CSS Grid\n\n> Note: Live JavaScript editor runs in the browser. Avoid `require`, `process`, and server startup code here.\n\nUseful Resources:\n\n- https://developer.mozilla.org/en-US/docs/Web/CSS/CSS_Grid_Layout\n\n- https://developer.mozilla.org/en-US/docs/Web/CSS/grid-template-areas\n\n- https://developer.mozilla.org/en-US/docs/Web/CSS/grid-auto-flow\n\n{{video: https://www.youtube.com/watch?v=7kVeCqQCxlk}}\n\nExample:\n\n```code\n<!-- html -->\n<div class=\"layout\">\n  <header>Header</header>\n  <main>Main</main>\n  <aside>Sidebar</aside>\n  <footer>Footer</footer>\n</div>\n\n/* css */\n.layout {\n  display: grid;\n  grid-template-areas:\n    \"hd hd\"\n    \"mn as\"\n    \"ft ft\";\n  gap: 16px;\n}\n```\n\nLive Coding Task:\n\nRun the starter code, then complete the TODOs.\n\n{{starter:\n// create a simple grid container and four items const container = document.createElement(\'div\'); container.className = \'grid-demo\'; container.style.display = \'grid\'; container.style.gridTemplateColumns = \'1fr 2fr\'; container.style.gridGap = \'12px\'; for (let i = 1; i <= 4; i++) { const item = document.createElement(\'div\'); item.textContent = `item ${i}`; item.style.padding = \'8px\'; item.style.background = i % 2 ? \'#eee\' : \'#ddd\'; container.appendChild(item); } document.body.appendChild(container); console.log(\'grid example ready\');\n}}\n\n{{answer: grid example ready}}','https://www.youtube.com/watch?v=7kVeCqQCxlk',2,15,0,'2026-05-15 20:22:01','2026-05-15 20:22:01',NULL,'javascript'),('95f4a4da-5082-11f1-9abe-6c02e0d26821','95f4152d-5082-11f1-9abe-6c02e0d26821','Implement responsive design with media queries and breakpoints','code_example',1,'Learn to write CSS media queries and set practical breakpoints to make layouts adapt across screen sizes. This lesson explains a mobile-first approach, choosing breakpoints based on content rather than device labels, and how to organize rules to avoid specificity wars. Watch for common pitfalls: overly many breakpoints, relying on exact device widths, and not testing at intermediate sizes which causes layout gaps.','Lesson: Implement responsive design with media queries and breakpoints\n\n> Note: Live JavaScript editor runs in the browser. Avoid `require`, `process`, and server startup code here.\n\nUseful Resources:\n\n- https://developer.mozilla.org/en-US/docs/Web/CSS/Media_Queries/Using_media_queries\n\n- https://developer.mozilla.org/en-US/docs/Learn/CSS/CSS_layout/Responsive_Design\n\n{{video: https://www.youtube.com/watch?v=3JluqTojuME}}\n\nExample:\n\n```code\n/* Mobile-first base */\n.container {\n  padding: 16px;\n  font-size: 16px;\n}\n\n@media (min-width: 600px) {\n  .container { max-width: 720px; }\n}\n\n@media (min-width: 1024px) {\n  .container { max-width: 1024px; display: flex; }\n}\n```\n\nLive Coding Task:\n\nRun the starter code, then complete the TODOs.\n\n{{starter:\n// Simulate a viewport width for this demo const width = 800; // change this value to test different breakpoints function getBreakpoint(w) { if (w < 600) return \'small\'; if (w < 1024) return \'medium\'; return \'large\'; } console.log(getBreakpoint(width));\n}}\n\n{{answer: medium}}','https://www.youtube.com/watch?v=3JluqTojuME',3,12,0,'2026-05-15 20:22:01','2026-05-15 20:22:01',NULL,'javascript'),('95f4f217-5082-11f1-9abe-6c02e0d26821','95f4152d-5082-11f1-9abe-6c02e0d26821','Combine Grid and Flexbox for complex responsive patterns','code_example',1,'Learn to compose CSS Grid and Flexbox to build complex, responsive components and page layouts. This lesson shows when to use Grid for overall two-dimensional structure and Flexbox for one-dimensional component alignment, with a practical pattern and responsive breakpoint handling. Avoid pitfalls like unnecessary nesting and conflicting alignments by keeping responsibilities clear to prevent layout thrashing and maintenance headaches.','Lesson: Combine Grid and Flexbox for complex responsive patterns\n\n> Note: Live JavaScript editor runs in the browser. Avoid `require`, `process`, and server startup code here.\n\nUseful Resources:\n\n- https://developer.mozilla.org/en-US/docs/Web/CSS/CSS_Flexible_Box_Layout\n\n- https://developer.mozilla.org/en-US/docs/Web/CSS/Media_Queries\n\nExample:\n\n```code\n<div class=\'grid\'>\n  <header class=\'header\'>Header</header>\n  <aside class=\'aside\'>Sidebar</aside>\n  <main class=\'main\'>\n    <div class=\'card\'>Card</div>\n    <div class=\'card\'>Card</div>\n    <div class=\'card\'>Card</div>\n  </main>\n  <footer class=\'footer\'>Footer</footer>\n</div>\n\n/* CSS */\n.grid { display: grid; grid-template-columns: 220px 1fr; grid-template-areas: \'header header\' \'aside main\' \'footer footer\'; }\n.main { display: flex; flex-wrap: wrap; gap: 12px; }\n.card { flex: 1 1 140px; }\n```\n\nLive Coding Task:\n\nRun the starter code, then complete the TODOs.\n\n{{starter:\n/* Build a simple responsive layout combining Grid (page) + Flexbox (component) */ const html = ` <div class=\'grid\'> <header class=\'header\'>Header</header> <aside class=\'aside\'>Sidebar</aside> <main class=\'main\'> <div class=\'card\'><h3>Card 1</h3></div> <div class=\'card\'><h3>Card 2</h3></div> <div class=\'card\'><h3>Card 3</h3></div> </main> <footer class=\'footer\'>Footer</footer> </div> `; document.body.innerHTML = html; const style = document.createElement(\'style\'); style.textContent = ` .grid { display: grid; grid-template-areas: \'header header\' \'aside main\' \'footer footer\'; grid-gap: 12px; grid-template-columns: 220px 1fr; padding: 12px; min-height: 100vh; } .header { grid-area: header; } .aside { grid-area: aside; } .main { grid-area: main; display: flex; flex-wrap: wrap; gap: 12px; } .footer { grid-area: footer; } .card { flex: 1 1 140px; min-width: 140px; background: #eee; padding: 12px; } @media (max-width: 720px) { .grid { grid-template-areas: \'header\' \'main\' \'aside\' \'footer\'; grid-template-columns: 1fr; } } `; document.head.appendChild(style); // Wait for the next paint to consider the layout rendered requestAnimationFrame(function() { requestAnimationFrame(function() { console.log(\'layout rendered\'); }); });\n}}\n\n{{answer: layout rendered}}',NULL,4,15,0,'2026-05-15 20:22:01','2026-05-15 20:22:01',NULL,'javascript'),('95f5aa33-5082-11f1-9abe-6c02e0d26821','95f4152d-5082-11f1-9abe-6c02e0d26821','Use modern sizing functions: clamp(), min(), max(), and fit-content()','code_example',1,'Show how clamp(), min(), max(), and fit-content() create fluid yet constrained sizes for responsive layouts. Learn practical uses: clamp for scalable typography or component widths, min/max for upper or lower constraints, and fit-content for intrinsic sizing. Why: they replace brittle media-query-only approaches. Pitfall: results depend on the containing context and percentage/viewport referencesظـزظــظ¤ش┬ظ¤ش╪شalways test with the parent size and fallback values.','Lesson: Use modern sizing functions: clamp(), min(), max(), and fit-content()\n\n> Note: Live JavaScript editor runs in the browser. Avoid `require`, `process`, and server startup code here.\n\nUseful Resources:\n\n- https://developer.mozilla.org/en-US/docs/Web/CSS/clamp\n\n- https://developer.mozilla.org/en-US/docs/Web/CSS/min\n\n- https://developer.mozilla.org/en-US/docs/Web/CSS/fit-content\n\n{{video: https://www.youtube.com/watch?v=6o7g3G8i9jM}}\n\nExample:\n\n```code\n<!-- HTML structure -->\n<div class=\"container\">\n  <div class=\"clamped\">clamp example</div>\n  <div class=\"mined\">min example</div>\n  <div class=\"maxed\">max example</div>\n  <div class=\"fit\">fit-content example</div>\n</div>\n\n/* CSS */\n.container { width: 800px; }\n.clamped { width: clamp(100px, 50%, 200px); }\n.mined   { width: min(60%, 250px); }\n.maxed   { width: max(20%, 180px); }\n.fit     { width: fit-content(300px); padding: 8px; }\n```\n\nLive Coding Task:\n\nRun the starter code, then complete the TODOs.\n\n{{starter:\n// Simulate a fixed layout context so computed results are deterministic const containerWidth = 800; // px // clamp(100px, 50%, 200px) -> clamp between 100 and 200, 50% of container is 400 const clampResult = Math.min(Math.max(100, 0.5 * containerWidth), 200); // 200 // min(60%, 250px) -> min of 480 and 250 const minResult = Math.min(0.6 * containerWidth, 250); // 250 // max(20%, 180px) -> max of 160 and 180 const maxResult = Math.max(0.2 * containerWidth, 180); // 180 // Simulated fit-content: intrinsic content width versus a limit const contentWidth = 100; // px intrinsic content const fitContentResult = Math.min(contentWidth, 300); // 100 // Log a single predictable, lowercase, no punctuation string console.log(\"clamp \" + clampResult + \"px min \" + minResult + \"px max \" + maxResult + \"px fit content \" + fitContentResult + \"px\");\n}}\n\n{{answer: clamp 200px min 250px max 180px fit content 100px}}','https://www.youtube.com/watch?v=6o7g3G8i9jM',5,12,0,'2026-05-15 20:22:01','2026-05-15 20:22:01',NULL,'javascript'),('95f9624c-5082-11f1-9abe-6c02e0d26821','95f75512-5082-11f1-9abe-6c02e0d26821','Animate UI with transitions and transforms','code_example',1,'Learn to add smooth state changes and motion with CSS transitions and 2D/3D transforms. This lesson shows when to use transitions vs transforms, how to chain effects, and how to combine translate/scale/rotate with perspective for depth. You\'ll also learn performance best practices like animating transform and opacity, using will-change, and avoiding layout-triggering properties to prevent jank. Cover timing functions, easing, transition shorthand, and respecting user motion preferences.','Lesson: Animate UI with transitions and transforms\n\n> Note: Live JavaScript editor runs in the browser. Avoid `require`, `process`, and server startup code here.\n\nUseful Resources:\n\n- https://developer.mozilla.org/en-US/docs/Web/CSS/transition\n\n- https://developer.mozilla.org/en-US/docs/Web/CSS/transform\n\n- https://developer.mozilla.org/en-US/docs/Web/CSS/will-change\n\n{{video: https://www.youtube.com/watch?v=7c0a6gG4V0o}}\n\nExample:\n\n```code\n<div class=\"card\">Hover or click me</div>\n\n.card {\n  width: 200px;\n  height: 120px;\n  background: coral;\n  transition: transform 300ms ease, box-shadow 300ms ease;\n  transform-origin: center;\n}\n.card:hover { transform: translateY(-10px) rotateX(6deg) scale(1.03); box-shadow: 0 12px 24px rgba(0,0,0,0.2); }\n```\n\nLive Coding Task:\n\nRun the starter code, then complete the TODOs.\n\n{{starter:\n// Insert CSS for a simple card that animates on the active class const style = document.createElement(\'style\'); style.textContent = ` .card { width: 220px; height: 120px; margin: 40px; display: flex; align-items: center; justify-content: center; background: linear-gradient(135deg,#ff9a9e,#fad0c4); border-radius: 12px; transition: transform 300ms cubic-bezier(.2,.9,.2,1), box-shadow 300ms ease; transform-origin: center; will-change: transform, box-shadow; cursor: pointer; } .card.active { transform: translateY(-14px) rotateX(6deg) scale(1.04); box-shadow: 0 20px 40px rgba(0,0,0,0.18); } `; document.head.appendChild(style); // Create the interactive element const card = document.createElement(\'div\'); card.className = \'card\'; card.textContent = \'click to animate\'; document.body.appendChild(card); // Toggle animation state card.addEventListener(\'click\', () => { card.classList.toggle(\'active\'); }); // Log when the transform transition completes for the quiz card.addEventListener(\'transitionend\', (e) => { if (e.propertyName === \'transform\') { console.log(\'animation complete\'); } });\n}}\n\n{{answer: animation complete}}','https://www.youtube.com/watch?v=7c0a6gG4V0o',1,15,0,'2026-05-15 20:22:01','2026-05-15 20:22:01',NULL,'javascript'),('95f9e6da-5082-11f1-9abe-6c02e0d26821','95f75512-5082-11f1-9abe-6c02e0d26821','Create keyframe animations and control timing','code_example',1,'Show how to define @keyframes and apply animations to elements, and explain controlling duration, easing, delay, and iteration to produce expressive motion. Learn why precise timing matters for perceived performance and accessibility, and how staggered delays create rhythm. Pitfall: overly long or abrupt timing can feel sluggish or jarring and repeated animations can harm performance ظـزظــظ¤ش┬ظ¤ش╪ش test with reduced-motion users and limit heavy, continuous animations.','Lesson: Create keyframe animations and control timing\n\n> Note: Live JavaScript editor runs in the browser. Avoid `require`, `process`, and server startup code here.\n\nUseful Resources:\n\n- https://developer.mozilla.org/en-US/docs/Web/CSS/@keyframes\n\n- https://developer.mozilla.org/en-US/docs/Web/CSS/animation\n\n- https://developer.mozilla.org/en-US/docs/Web/CSS/animation-timing-function\n\n{{video: https://www.youtube.com/watch?v=Edsxf_NBFrw}}\n\nExample:\n\n```code\n<div class=\"box\"></div>\n\n.box {\n  width: 120px;\n  height: 120px;\n  animation: slide 1.5s ease-in-out 0.5s 3 forwards;\n}\n\n@keyframes slide {\n  from { transform: translateX(0); opacity: 1; }\n  50%  { transform: translateX(140px) scale(1.05); opacity: 0.8; }\n  to   { transform: translateX(0); opacity: 1; }\n}\n```\n\nLive Coding Task:\n\nRun the starter code, then complete the TODOs.\n\n{{starter:\n// insert CSS for the animation const style = document.createElement(\'style\'); style.textContent = ` .box { width: 120px; height: 120px; background: linear-gradient(45deg,#6cf,#9f6); margin: 40px; animation: slide 1.5s ease-in-out 0.5s 3 forwards; } @keyframes slide { 0% { transform: translateX(0); opacity: 1; } 50% { transform: translateX(140px) scale(1.05); opacity: 0.8; } 100% { transform: translateX(0); opacity: 1; } } `; document.head.appendChild(style); // create a box that uses the animation const box = document.createElement(\'div\'); box.className = \'box\'; document.body.appendChild(box); // log when the animation finishes box.addEventListener(\'animationend\', () => { console.log(\'animation ended\'); });\n}}\n\n{{answer: animation ended}}','https://www.youtube.com/watch?v=Edsxf_NBFrw',2,15,0,'2026-05-15 20:22:01','2026-05-15 20:22:01',NULL,'javascript'),('95fa4d2e-5082-11f1-9abe-6c02e0d26821','95f75512-5082-11f1-9abe-6c02e0d26821','Use CSS custom properties (variables) and calc() for dynamic values','code_example',1,'Learn how to declare and consume CSS custom properties and use calc() to compute runtime values. You\'ll see why variables improve maintainability and how calc() enables responsive spacing and sizing. Covers practical pitfalls: type consistency (units) and cascade/scope surprises when overwriting variables, and how to read computed values from the DOM reliably.','Lesson: Use CSS custom properties (variables) and calc() for dynamic values\n\n> Note: Live JavaScript editor runs in the browser. Avoid `require`, `process`, and server startup code here.\n\nUseful Resources:\n\n- https://developer.mozilla.org/en-US/docs/Web/CSS/Using_CSS_custom_properties\n\n- https://developer.mozilla.org/en-US/docs/Web/CSS/calc\n\nExample:\n\n```code\n/* example CSS showing custom properties and calc() */\n:root {\n  --base: 16px;      /* unit-aware base size */\n  --scale: 2;        /* unitless multiplier */\n}\n.card {\n  padding: calc(var(--base) * var(--scale));\n  margin: calc(var(--base) * 0.5);\n  width: calc(100% - 2 * var(--base));\n}\n```\n\nLive Coding Task:\n\nRun the starter code, then complete the TODOs.\n\n{{starter:\n// This starter injects HTML and CSS that use CSS variables and calc() const css = ` :root { --base: 16px; --scale: 2; } .box { width: 220px; padding-left: calc(var(--base) * var(--scale)); padding-top: 8px; background: linear-gradient(180deg,#f7fbff,#e6f0ff); border: 1px solid #cfe2ff; font-family: Arial, sans-serif; } `; // insert styles const style = document.createElement(\'style\'); style.textContent = css; document.head.appendChild(style); // create demo element const box = document.createElement(\'div\'); box.className = \'box\'; box.textContent = \'Padding-left is computed from var(--base) * var(--scale)\'; document.body.appendChild(box); // read the computed padding value from the rendered element const padding = getComputedStyle(box).paddingLeft.trim(); // log a predictable lowercase message for the lesson quiz console.log(`computed padding ${padding}`.toLowerCase());\n}}\n\n{{answer: computed padding 32px}}',NULL,3,15,0,'2026-05-15 20:22:01','2026-05-15 20:22:01',NULL,'javascript'),('95faa60e-5082-11f1-9abe-6c02e0d26821','95f75512-5082-11f1-9abe-6c02e0d26821','Optimize and maintain styles with BEM, modular CSS, and file organization','code_example',1,'Learn to structure and name CSS using BEM and modular patterns, and organize files for maintainability and collaboration. This lesson explains BEM blocks, elements, and modifiers, modular approaches (CSS Modules / component scopes), and folder/file strategies to avoid specificity wars. You\'ll see common pitfalls: global selectors, deep specificity, and unclear modifiers, plus guidance to prevent them and keep CSS predictable across teams.','Lesson: Optimize and maintain styles with BEM, modular CSS, and file organization\n\n> Note: Live JavaScript editor runs in the browser. Avoid `require`, `process`, and server startup code here.\n\nUseful Resources:\n\n- https://developer.mozilla.org/en-US/docs/Web/CSS/Class_selectors\n\n- https://developer.mozilla.org/en-US/docs/Web/CSS/Cascade_and_inheritance\n\n- https://developer.mozilla.org/en-US/docs/Learn/CSS/Building_blocks\n\n{{video: https://www.youtube.com/watch?v=9kHy3P9b7Qc}}\n\nExample:\n\n```code\n/* Block: card */\n.card {\n  padding: 1rem;\n  border: 1px solid #ddd;\n}\n\n.card__title {\n  font-weight: 700;\n}\n\n.card--featured {\n  border-color: gold;\n}\n```\n\nLive Coding Task:\n\nRun the starter code, then complete the TODOs.\n\n{{starter:\n// create a card element with BEM classes const card = document.createElement(\'div\'); card.className = \'card card--featured\'; const title = document.createElement(\'h3\'); title.className = \'card__title\'; title.textContent = \'Example\'; card.appendChild(title); document.body.appendChild(card); // check for modifier and log a clear, predictable value const isFeatured = card.classList.contains(\'card--featured\'); console.log(isFeatured ? \'card featured\' : \'card normal\');\n}}\n\n{{answer: card featured}}','https://www.youtube.com/watch?v=9kHy3P9b7Qc',4,15,0,'2026-05-15 20:22:01','2026-05-15 20:22:01',NULL,'javascript'),('95fba39b-5082-11f1-9abe-6c02e0d26821','95f75512-5082-11f1-9abe-6c02e0d26821','Improve performance and accessibility with critical CSS and prefers-reduced-motion','code_example',1,'Learn to speed up rendering and improve accessibility by extracting critical CSS, minifying non-critical styles, and honoring prefers-reduced-motion and contrast needs. This lesson explains what to inline, how to defer and minify safely, and how to use prefers-reduced-motion to avoid unwanted animations. Pitfalls: over-inlining increases payload and complexity, and relying only on contrast without testing tools can miss accessibility issues. Use automated tooling and measurement.','Lesson: Improve performance and accessibility with critical CSS and prefers-reduced-motion\n\n> Note: Live JavaScript editor runs in the browser. Avoid `require`, `process`, and server startup code here.\n\nUseful Resources:\n\n- https://developer.mozilla.org/en-US/docs/Web/CSS/@media/prefers-reduced-motion\n\n- https://web.dev/defer-non-critical-css/\n\n- https://www.w3.org/WAI/WCAG21/Understanding/contrast-minimum.html\n\n{{video: https://www.youtube.com/watch?v=4rUq0V8FQnY}}\n\nExample:\n\n```code\n/* Inline critical CSS (placed in the document <head>) */\nbody {\n  font-family: system-ui, sans-serif;\n  color: #111;\n  background: #fff;\n  min-height: 100vh;\n}\n\n/* Respect user motion preferences */\n@media (prefers-reduced-motion: reduce) {\n  * {\n    animation-duration: 0.001ms !important;\n    animation-iteration-count: 1 !important;\n    transition-duration: 0.001ms !important;\n    scroll-behavior: auto !important;\n  }\n}\n\n/* Ensure sufficient contrast for buttons */\n.button {\n  background: #005fcc;\n  color: #ffffff;\n}\n```\n\nLive Coding Task:\n\nRun the starter code, then complete the TODOs.\n\n{{starter:\n// Starter script for lesson: report critical css status function reportCriticalCSS() { console.log(\'critical css loaded\'); } reportCriticalCSS();\n}}\n\n{{answer: critical css loaded}}','https://www.youtube.com/watch?v=4rUq0V8FQnY',5,15,0,'2026-05-15 20:22:01','2026-05-15 20:22:01',NULL,'javascript'),('98cce08a-4fc7-11f1-9abe-6c02e0d26821','2b4f1c0b-4fc4-11f1-9abe-6c02e0d26821','Lesson 2.2: Built-in Core Modules (os, path, fs)','mixed',0,'Learn how to use Node.js powerful built-in modules to interact with the operating system, handle file paths, and work with the file system.','os module: Get system information (platform, memory, username, etc.)\npath module: Handle file and directory paths safely across operating systems\nfs module: Read, write, and manage files (sync & async)\n\n## Code Examples:\n\n\n```const os = require(\'os\');\nconst path = require(\'path\');\nconst fs = require(\'fs\');\n\nconsole.log(\"Platform:\", os.platform());\nconsole.log(\"Username:\", os.userInfo().username);\nconsole.log(\"Total Memory (GB):\", (os.totalmem() / 1024 / 1024 / 1024).toFixed(2));\n\nconsole.log(\"File Extension:\", path.extname(\"app.js\"));\nconsole.log(\"Joined Path:\", path.join(__dirname, \"files\", \"data.txt\"));```\n\n## Recommended Video:\n\n{{video:https://www.youtube.com/watch?v=OIBIXYLJjsI}}\n\n\n\n',NULL,2,15,1,'2026-05-14 22:03:30','2026-05-14 22:07:13',NULL,'javascript'),('b5736f44-4fc0-11f1-9abe-6c02e0d26821','1f4967f9-4fbe-11f1-9abe-6c02e0d26821','Lesson 1.2: Installing Node.js and First Steps','mixed',1,'Node.js is a JavaScript runtime built on Chromeظـزظــظ¤ش┬ظـز╪زs V8 engine. It allows you to run JavaScript on the server.','## Installation:\n1. Go to https://nodejs.org/ and download the LTS version.\n2. Verify installation:\n\n```node --version\nnpm --version```\n\n### Your First Node.js Script (app.js):\n\n```console.log(\"Hello, Backend World!\");\nconsole.log(\"Node Version:\", process.version);\nconsole.log(\"Current Directory:\", process.cwd());```\n\nRun it:\n\n```node app.js```\n\n## Practice Exercise:\nwrite Node.js code that prints informations as follows:\nHello, my name is Sara\nI am learning Backend Development with Node.js\nMy favorite programming language is JavaScript\nToday is a great day to code!\n\n{{starter:\nconsole.log(\"Hello, my name is \");\n}}\n\n\n\n{{answer:\nHello, my name is Sara\nI am learning Backend Development with Node.js\nMy favorite programming language is JavaScript\nToday is a great day to code!\n}}',NULL,2,30,1,'2026-05-14 21:14:12','2026-05-14 21:29:59',NULL,'javascript'),('bbc40317-5132-11f1-9abe-6c02e0d26821','bbc3623c-5132-11f1-9abe-6c02e0d26821','Declare variables with let and const','code_example',1,'Learn how to declare and use variables with let and const, including block scoping, temporal dead zone, and when to prefer const for immutable bindings. You\'ll see how let enables block-local shadowing and how const prevents reassignment but allows object mutation. This lesson explains why correct scoping avoids bugs in loops and closures, and warns about common pitfalls such as attempting to redeclare or reassign const or relying on var-like function scoping.','Lesson: Declare variables with let and const\n\n> Note: Live JavaScript editor runs in the browser. Avoid `require`, `process`, and server startup code here.\n\nUseful Resources:\n\n- https://developer.mozilla.org/en-US/docs/Web/JavaScript/Reference/Statements/let\n\n- https://developer.mozilla.org/en-US/docs/Web/JavaScript/Reference/Statements/const\n\n- https://developer.mozilla.org/en-US/docs/Web/JavaScript/Reference/Statements/var\n\n{{video: https://www.youtube.com/watch?v=sjyJBL5fkp8}}\n\nExample:\n\n```code\nconst pi = 3.14;\nlet counter = 0;\n\n// block scope creates new bindings without affecting outer ones\n{\n  let counter = 5;\n  const pi = 3.14159;\n  console.log(pi, counter);\n}\n\nconsole.log(pi, counter);\n```\n\nLive Coding Task:\n\nRun the starter code, then complete the TODOs.\n\n{{starter:\nconst greeting = \"hello\"; let value = 1; console.log(greeting); console.log(value); { // new block: let and const create block-scoped bindings const greeting = \"hi\"; let value = 2; console.log(greeting); console.log(value); } // outer scope remains unchanged console.log(greeting); console.log(value);\n}}\n\n{{answer: hello 1 hi 2 hello 1}}','https://www.youtube.com/watch?v=sjyJBL5fkp8',1,15,0,'2026-05-16 17:22:56','2026-05-16 17:22:56',NULL,'javascript'),('bbc54003-5132-11f1-9abe-6c02e0d26821','bbc3623c-5132-11f1-9abe-6c02e0d26821','Work with primitive data types (string, number, boolean, null, undefined, symbol)','code_example',1,'Learn to identify and manipulate JavaScript primitive types: string, number, boolean, null, undefined, and symbol. Practice creating values, checking types with typeof, and performing common conversions. Understand the important pitfall: typeof null returns \'object\', so detect null explicitly. By the end you\'ll inspect primitives reliably, convert between types safely, and avoid confusing null and undefined.','Lesson: Work with primitive data types (string, number, boolean, null, undefined, symbol)\n\n> Note: Live JavaScript editor runs in the browser. Avoid `require`, `process`, and server startup code here.\n\nUseful Resources:\n\n- https://developer.mozilla.org/en-US/docs/Glossary/Primitive\n\n- https://developer.mozilla.org/en-US/docs/Web/JavaScript/Reference/Operators/typeof\n\n- https://developer.mozilla.org/en-US/docs/Web/JavaScript/Reference/Global_Objects/Symbol\n\n{{video: https://www.youtube.com/watch?v=W6NZfCO5SIk}}\n\nExample:\n\n```code\n// Converting between primitives\nlet s = String(123);\n\nlet n = Number(\"45\");\n\nlet b1 = Boolean(0);\nlet b2 = Boolean(\"hello\");\n\nconsole.log(s, n, b1, b2);\n```\n\nLive Coding Task:\n\nRun the starter code, then complete the TODOs.\n\n{{starter:\n// Define primitive values let name = \"Alice\"; let age = 30; let isMember = true; let nothing = null; let notAssigned; let unique = Symbol(\'id\'); // Collect human-friendly type names (treat null specially) const types = [ typeof name, typeof age, typeof isMember, nothing === null ? \'null\' : typeof nothing, typeof notAssigned, typeof unique ]; console.log(types.join(\' \'));\n}}\n\n{{answer: string number boolean null undefined symbol}}','https://www.youtube.com/watch?v=W6NZfCO5SIk',2,15,0,'2026-05-16 17:22:56','2026-05-16 17:22:56',NULL,'javascript'),('bbc619be-5132-11f1-9abe-6c02e0d26821','bbc3623c-5132-11f1-9abe-6c02e0d26821','Perform arithmetic and comparison operations','code_example',1,'Practice arithmetic, assignment, and comparison operators to compute values and make decisions in JavaScript. This lesson shows how to use + - * / % and compound assignments, then compare results with == === > <. Why: operators are core to calculations and control flow. Pitfall: mixing assignment with comparison or using == instead of === can produce unexpected truthy/falsey behaviorظـزظــظ¤ش┬ظ¤ش╪شprefer strict equality and clear expressions.','Lesson: Perform arithmetic and comparison operations\n\n> Note: Live JavaScript editor runs in the browser. Avoid `require`, `process`, and server startup code here.\n\nUseful Resources:\n\n- https://developer.mozilla.org/en-US/docs/Web/JavaScript/Guide/Expressions_and_Operators\n\n- https://developer.mozilla.org/en-US/docs/Web/JavaScript/Guide/Operators#assignment_operators\n\n- https://developer.mozilla.org/en-US/docs/Web/JavaScript/Reference/Operators/Comparison_Operators\n\n{{video: https://www.youtube.com/watch?v=l8WPWK9mS5M}}\n\nExample:\n\n```code\nlet x = 5;\nlet y = 2;\n\n// multiply with compound assignment\nx *= y;\n\n// check parity using comparison\nlet isEven = x % 2 === 0;\n\nconsole.log(\"x\", x, \"iseven\", isEven);\n```\n\nLive Coding Task:\n\nRun the starter code, then complete the TODOs.\n\n{{starter:\n// initial values let a = 10; let b = 3; // arithmetic operations let sum = a + b; let product = a * b; let quotient = a / b; let remainder = a % b; // compound assignment let c = sum; c += 5; // comparisons let isGreater = c > product; let isEqual = c === product; // single console output summarizing results console.log(\"sum\", sum, \"product\", product, \"c\", c, \"isgreater\", isGreater, \"isequal\", isEqual);\n}}\n\n{{answer: sum 13 product 30 c 18 isgreater false isequal false}}','https://www.youtube.com/watch?v=l8WPWK9mS5M',3,15,0,'2026-05-16 17:22:56','2026-05-16 17:22:56',NULL,'javascript'),('bbc756d3-5132-11f1-9abe-6c02e0d26821','bbc3623c-5132-11f1-9abe-6c02e0d26821','Control execution with if/else and switch statements','code_example',1,'Learn to direct program flow using if/else chains and switch statements. This lesson shows how to choose between alternatives, combine conditions, and map values to outcomesظـزظــظ¤ش┬ظ¤ش╪شuseful for form validation, routing logic, and decision-making. You\'ll practice common patterns and see a pitfall: overlapping or ordered conditions can cause unexpected branches; always order ranges and include a default. Code examples reinforce selecting the right structure for clarity and maintainability.','Lesson: Control execution with if/else and switch statements\n\n> Note: Live JavaScript editor runs in the browser. Avoid `require`, `process`, and server startup code here.\n\nUseful Resources:\n\n- https://developer.mozilla.org/en-US/docs/Web/JavaScript/Reference/Statements/if...else\n\n- https://developer.mozilla.org/en-US/docs/Web/JavaScript/Reference/Statements/switch\n\n- https://developer.mozilla.org/en-US/docs/Web/JavaScript/Guide/Control_flow_and_error_handling\n\n{{video: https://www.youtube.com/watch?v=upDLs1sn7g4}}\n\nExample:\n\n```code\nlet score = 85;\nlet grade;\n\nif (score >= 90) {\n  grade = \'A\';\n} else if (score >= 80) {\n  grade = \'B\';\n} else {\n  grade = \'C\';\n}\n\nconsole.log(grade);\n```\n\nLive Coding Task:\n\nRun the starter code, then complete the TODOs.\n\n{{starter:\nlet age = 16; // determine life stage using if/else let lifeStage; if (age < 13) { lifeStage = \'child\'; } else if (age < 20) { lifeStage = \'teen\'; } else if (age < 65) { lifeStage = \'adult\'; } else { lifeStage = \'senior\'; } // produce advice using switch let message; switch (lifeStage) { case \'child\': message = \'have fun learning basics\'; break; case \'teen\': message = \'focus on learning\'; break; case \'adult\': message = \'build career and skills\'; break; case \'senior\': message = \'enjoy retirement\'; break; default: message = \'keep exploring\'; } console.log(message);\n}}\n\n{{answer: focus on learning}}','https://www.youtube.com/watch?v=upDLs1sn7g4',4,15,0,'2026-05-16 17:22:56','2026-05-16 17:22:56',NULL,'javascript'),('bbc83351-5132-11f1-9abe-6c02e0d26821','bbc3623c-5132-11f1-9abe-6c02e0d26821','Loop with for, while, and for...of','code_example',1,'Learn how to iterate with for, while, and for...of loops in JavaScript. This lesson shows practical patterns for counting, condition-based iteration, and looping over iterable values, with clear examples and a runnable starter project. Understand when to prefer each loop, how to avoid off-by-one errors, and the common pitfall of mutating arrays while iterating. By the end you\'ll write concise, correct loops for arrays and numeric ranges.','Lesson: Loop with for, while, and for...of\n\n> Note: Live JavaScript editor runs in the browser. Avoid `require`, `process`, and server startup code here.\n\nUseful Resources:\n\n- https://developer.mozilla.org/en-US/docs/Web/JavaScript/Reference/Statements/for\n\n- https://developer.mozilla.org/en-US/docs/Web/JavaScript/Reference/Statements/while\n\n- https://developer.mozilla.org/en-US/docs/Web/JavaScript/Reference/Statements/for...of\n\n{{video: https://www.youtube.com/watch?v=s9wW2PpJsmQ}}\n\nExample:\n\n```code\nconst arr = [10, 20, 30];\nlet sum = 0;\n\nfor (const n of arr) {\n  sum += n;\n}\n\nconsole.log(\'for of sum\', sum);\n```\n\nLive Coding Task:\n\nRun the starter code, then complete the TODOs.\n\n{{starter:\n// for loop: print numbers 0-4 let result1 = \"for loop numbers\"; for (let i = 0; i < 5; i++) { result1 += \" \" + i; } console.log(result1); // while loop: print numbers 5-9 let result2 = \"while loop numbers\"; let j = 5; while (j < 10) { result2 += \" \" + j; j++; } console.log(result2); // for...of: iterate letters array const letters = [\'a\', \'b\', \'c\']; let result3 = \"for of letters\"; for (const ch of letters) { result3 += \" \" + ch; } console.log(result3);\n}}\n\n{{answer: for loop numbers 0 1 2 3 4 while loop numbers 5 6 7 8 9 for of letters a b c}}','https://www.youtube.com/watch?v=s9wW2PpJsmQ',5,15,0,'2026-05-16 17:22:56','2026-05-16 17:22:56',NULL,'javascript'),('bbc922b8-5132-11f1-9abe-6c02e0d26821','bbc8afc3-5132-11f1-9abe-6c02e0d26821','Write and invoke functions, including arrow functions','code_example',1,'Learn how to define, invoke, and return values from regular functions, function expressions, and arrow functions to organize reusable logic. Understand when to use each form and how return values flow back to callers. Common pitfalls: implicit versus explicit returns in arrow functions, hoisting differences, and accidentally creating globals by omitting let/const. Short, browser-safe examples demonstrate clear patterns.','Lesson: Write and invoke functions, including arrow functions\n\n> Note: Live JavaScript editor runs in the browser. Avoid `require`, `process`, and server startup code here.\n\nUseful Resources:\n\n- https://developer.mozilla.org/en-US/docs/Web/JavaScript/Guide/Functions\n\n- https://developer.mozilla.org/en-US/docs/Web/JavaScript/Reference/Functions/Arrow_functions\n\n- https://developer.mozilla.org/en-US/docs/Web/JavaScript/Reference/Statements/try...catch\n\n{{video: https://www.youtube.com/watch?v=PkZNo7MFNFg}}\n\nExample:\n\n```code\n// regular function returning an object with a method\nfunction makeUser(name) {\n  return {\n    name: name,\n    greeting() {\n      return \'hi \' + name;\n    }\n  };\n}\n\nconst user = makeUser(\'sam\');\nconsole.log(user.greeting());\n```\n\nLive Coding Task:\n\nRun the starter code, then complete the TODOs.\n\n{{starter:\n// function declaration function add(a, b) { return a + b; } // function expression const square = function(n) { return n * n; }; // arrow function with implicit return for single expression const greet = name => \'hello \' + name; // arrow function with parameter parentheses and explicit return const compute = (x) => x * 2; console.log(add(2, 3)); console.log(square(4)); console.log(greet(\'ada\')); console.log(compute(5));\n}}\n\n{{answer: 5 16 hello ada 10}}','https://www.youtube.com/watch?v=PkZNo7MFNFg',1,15,0,'2026-05-16 17:22:56','2026-05-16 17:22:56',NULL,'javascript'),('bbc9cbb2-5132-11f1-9abe-6c02e0d26821','bbc8afc3-5132-11f1-9abe-6c02e0d26821','Manage scope and closures to control variable visibility','code_example',1,'This lesson explains JavaScript scope chains and closures, showing how to encapsulate state and preserve data between calls. You\'ll learn lexical vs dynamic scope, how closures capture variables, and patterns like factory functions and private variables. Why: control visibility avoids globals and race conditions. Pitfall: keeping large closed-over objects can create unintended memory retention; avoid accidental global references that break encapsulation.','Lesson: Manage scope and closures to control variable visibility\n\n> Note: Live JavaScript editor runs in the browser. Avoid `require`, `process`, and server startup code here.\n\nUseful Resources:\n\n- https://developer.mozilla.org/en-US/docs/Web/JavaScript/Closures\n\n- https://developer.mozilla.org/en-US/docs/Glossary/Scope\n\n- https://developer.mozilla.org/en-US/docs/Glossary/Hoisting\n\n{{video: https://www.youtube.com/watch?v=1JsJx1x35c0}}\n\nExample:\n\n```code\nfunction createSecret(secret) {\n  return function() {\n    // `secret` is preserved by the closure\n    return \'secret is \' + secret;\n  };\n}\n\nconst reveal = createSecret(\'squirrel\');\nconsole.log(reveal());\n```\n\nLive Coding Task:\n\nRun the starter code, then complete the TODOs.\n\n{{starter:\nfunction makeCounter(name) { // closed-over variable holds state per counter let count = 0; // returned function closes over `count` and `name` return function() { count += 1; return name + \' \' + count; }; } const counterA = makeCounter(\'a\'); console.log(counterA()); console.log(counterA()); const counterB = makeCounter(\'b\'); console.log(counterB()); console.log(counterA());\n}}\n\n{{answer: a 1 a 2 b 1 a 3}}','https://www.youtube.com/watch?v=1JsJx1x35c0',2,15,0,'2026-05-16 17:22:56','2026-05-16 17:22:56',NULL,'javascript'),('bbcb2710-5132-11f1-9abe-6c02e0d26821','bbc8afc3-5132-11f1-9abe-6c02e0d26821','Use parameters, default values, rest and spread operators','code_example',1,'Learn how to design flexible JavaScript functions using named parameters, default values, rest parameters, and the spread operator. This lesson shows when to use defaults for safer calls, how rest collects variable arguments, and how spread expands arrays or objects into calls. You\'ll practice combining these features and avoid common pitfalls like mutating default objects and confusing rest with spread placement.','Lesson: Use parameters, default values, rest and spread operators\n\n> Note: Live JavaScript editor runs in the browser. Avoid `require`, `process`, and server startup code here.\n\nUseful Resources:\n\n- https://developer.mozilla.org/en-US/docs/Web/JavaScript/Reference/Functions/Default_parameters\n\n- https://developer.mozilla.org/en-US/docs/Web/JavaScript/Reference/Operators/Spread_syntax\n\n{{video: https://www.youtube.com/watch?v=0sOvCWFmrtA}}\n\nExample:\n\n```code\nfunction sumAll(...numbers) {\n  return numbers.reduce((s, n) => s + n, 0);\n}\n\nconst base = [1, 2, 3];\n\nconsole.log(sumAll(...base));\nconsole.log(sumAll(...base, 4, 5));\n```\n\nLive Coding Task:\n\nRun the starter code, then complete the TODOs.\n\n{{starter:\nfunction buildProfile(name, age = 30, ...hobbies) { return name + \' \' + age + \' \' + hobbies.length + \' hobbies\'; } // call with undefined to trigger the default age const profile = buildProfile(\'alice\', undefined, \'reading\', \'gaming\'); console.log(profile);\n}}\n\n{{answer: alice 30 2 hobbies}}','https://www.youtube.com/watch?v=0sOvCWFmrtA',3,15,0,'2026-05-16 17:22:56','2026-05-16 17:22:56',NULL,'javascript'),('bbcb8418-5132-11f1-9abe-6c02e0d26821','bbc8afc3-5132-11f1-9abe-6c02e0d26821','Handle errors with try/catch and throw custom errors','code_example',1,'Learn to detect and manage runtime failures using try/catch and create meaningful custom errors with Error subclasses. This lesson shows when to throw a custom ValidationError, how to inspect and rethrow errors, and why catching too broadly can hide bugs. You will practice signaling invalid inputs, reporting clear messages, and avoiding the pitfall of swallowing errors or losing stack traces which hampers debugging and monitoring.','Lesson: Handle errors with try/catch and throw custom errors\n\n> Note: Live JavaScript editor runs in the browser. Avoid `require`, `process`, and server startup code here.\n\nUseful Resources:\n\n- https://developer.mozilla.org/en-US/docs/Web/JavaScript/Reference/Global_Objects/Error\n\n- https://developer.mozilla.org/en-US/docs/Web/JavaScript/Reference/Statements/throw\n\n{{video: https://www.youtube.com/watch?v=H7xF5B9K2k0}}\n\nExample:\n\n```code\n// example showing both success and failure\nclass ValidationError extends Error {\n  constructor(message) {\n    super(message);\n    this.name = \'ValidationError\';\n  }\n}\n\nfunction safeAdd(a, b) {\n  if (typeof a !== \'number\' || typeof b !== \'number\') {\n    throw new ValidationError(\'inputs must be numbers\');\n  }\n  return a + b;\n}\n\n// successful call\ntry {\n  console.log(\'parsed result \' + safeAdd(2, 3));\n} catch (e) {\n  console.log(\'caught validation error \' + e.message);\n}\n\n// failing call\ntry {\n  console.log(\'parsed result \' + safeAdd(\'2\', 3));\n} catch (e) {\n  console.log(\'caught validation error \' + e.message);\n}\n```\n\nLive Coding Task:\n\nRun the starter code, then complete the TODOs.\n\n{{starter:\n// custom ValidationError subclass class ValidationError extends Error { constructor(message) { super(message); this.name = \'ValidationError\'; } } // function that validates inputs and throws a custom error function addNumbers(a, b) { if (typeof a !== \'number\' || typeof b !== \'number\') { throw new ValidationError(\'inputs must be numbers\'); } return a + b; } // simulate a problematic input to demonstrate try/catch behavior const inputA = \'3\'; const inputB = 4; try { const result = addNumbers(inputA, inputB); console.log(\'parsed result \' + result); } catch (err) { if (err instanceof ValidationError) { // handle expected validation issues with a clear message console.log(\'caught validation error \' + err.message); } else { // rethrow or log unexpected errors console.log(\'caught unexpected error \' + err.name); } }\n}}\n\n{{answer: caught validation error inputs must be numbers}}','https://www.youtube.com/watch?v=H7xF5B9K2k0',4,15,0,'2026-05-16 17:22:56','2026-05-16 17:22:56',NULL,'javascript'),('bbcbe869-5132-11f1-9abe-6c02e0d26821','bbc8afc3-5132-11f1-9abe-6c02e0d26821','Debug JavaScript using console methods and browser breakpoints','code_example',1,'Learn practical debugging with console methods and browser breakpoints. This lesson shows when to use console.log, console.error, console.assert, and debugger statements, why breakpoints and step through inspection reveal runtime state, and a common pitfall: overusing console.log which can hide timing issues and pollute output. Practice readable logs, conditional breakpoints, and isolating errors to speed up debugging and avoid false assumptions.','Lesson: Debug JavaScript using console methods and browser breakpoints\n\n> Note: Live JavaScript editor runs in the browser. Avoid `require`, `process`, and server startup code here.\n\nUseful Resources:\n\n- https://developer.mozilla.org/en-US/docs/Web/API/Console\n\n- https://developer.mozilla.org/en-US/docs/Tools/Debugger\n\n- https://nodejs.org/api/console.html\n\n{{video: https://www.youtube.com/watch?v=H0XScE08hy8}}\n\nExample:\n\n```code\nlet x = 1;\n\nconsole.log(\'before breakpoint\', x);\n\ndebugger;\n\nx += 2;\n\nconsole.log(\'after breakpoint\', x);\n```\n\nLive Coding Task:\n\nRun the starter code, then complete the TODOs.\n\n{{starter:\nlet count = 0; console.log(\'start\'); function increment() { console.log(\'user count\', count); count++; console.log(\'after increment\', count); } increment(); try { // cause a runtime error to inspect with breakpoints const obj = undefined; obj.prop; // throws } catch (err) { console.log(\'caught error undefined\'); }\n}}\n\n{{answer: start user count 0 after increment 1 caught error undefined}}','https://www.youtube.com/watch?v=H0XScE08hy8',5,15,0,'2026-05-16 17:22:56','2026-05-16 17:22:56',NULL,'javascript'),('bbcc86f5-5132-11f1-9abe-6c02e0d26821','bbcc42ff-5132-11f1-9abe-6c02e0d26821','Create and manipulate objects and nested properties','code_example',1,'Learn how to create JavaScript objects, define nested properties, update values, and iterate keys and values to read and transform data. This lesson shows practical patterns for safe nested access, mutation, and shallow copying, and explains why direct mutation can cause bugs in shared references. Watch out for accidental reference sharing in nested objects and remember to use cloning or immutability techniques when needed.','Lesson: Create and manipulate objects and nested properties\n\n> Note: Live JavaScript editor runs in the browser. Avoid `require`, `process`, and server startup code here.\n\nUseful Resources:\n\n- https://developer.mozilla.org/en-US/docs/Web/JavaScript/Guide/Working_with_Objects\n\n- https://developer.mozilla.org/en-US/docs/Web/JavaScript/Reference/Global_Objects/Object/assign\n\n- https://developer.mozilla.org/en-US/docs/Web/JavaScript/Reference/Global_Objects/Object/keys\n\nExample:\n\n```code\nconst book = {\n  title: \"JS Guide\",\n  author: { first: \"Sam\", last: \"Doe\" },\n  meta: { views: 100 }\n};\n\n// access nested property\nconsole.log(book.author.first);\n\n// safe access with optional chaining\nconsole.log(book.meta?.views);\n```\n\nLive Coding Task:\n\nRun the starter code, then complete the TODOs.\n\n{{starter:\n// Create an object with nested properties const person = { name: \"Alice\", age: 30, preferences: { color: \"red\", foods: [\"pizza\", \"salad\"] } }; // Update nested properties person.age = 31; person.preferences.color = \"blue\"; // Iterate keys and values (example usage) const keys = Object.keys(person); const values = Object.values(person); // Prepare final output values and log them const name = person.name.toLowerCase(); const age = person.age; const color = person.preferences.color; console.log(`${name} ${age} ${color}`);\n}}\n\n{{answer: alice 31 blue}}',NULL,1,15,0,'2026-05-16 17:22:56','2026-05-16 17:22:56',NULL,'javascript'),('bbce106f-5132-11f1-9abe-6c02e0d26821','bbcc42ff-5132-11f1-9abe-6c02e0d26821','Define and use prototypes and prototype inheritance','code_example',1,'Explain prototype-based inheritance and show how to create objects that inherit behavior via prototypes. You will learn to add shared methods on constructors, link prototypes with Object.create, and avoid duplicating functions per instance. Why: prototypes save memory and enable polymorphism. Pitfall: misconfiguring the prototype chain (e.g., forgetting to set constructor or using Object.create incorrectly) can break instanceof checks and property lookup.','Lesson: Define and use prototypes and prototype inheritance\n\n> Note: Live JavaScript editor runs in the browser. Avoid `require`, `process`, and server startup code here.\n\nUseful Resources:\n\n- https://developer.mozilla.org/en-US/docs/Web/JavaScript/Inheritance_and_the_prototype_chain\n\n- https://developer.mozilla.org/en-US/docs/Web/JavaScript/Reference/Global_Objects/Object/create\n\n- https://developer.mozilla.org/en-US/docs/Web/JavaScript/Reference/Global_Objects/Function/prototype\n\n{{video: https://www.youtube.com/watch?v=GhbhD1HR5vk}}\n\nExample:\n\n```code\nfunction Animal(name) {\n  this.name = name;\n}\n\nAnimal.prototype.speak = function() {\n  return this.name + \' makes a sound\';\n};\n\nconst a = new Animal(\'rover\');\nconsole.log(a.speak());\n```\n\nLive Coding Task:\n\nRun the starter code, then complete the TODOs.\n\n{{starter:\n// Define an Animal constructor function Animal(name) { this.name = name; } Animal.prototype.speak = function() { return this.name + \' makes a sound\'; }; // Define Dog constructor and inherit from Animal function Dog(name) { Animal.call(this, name); } Dog.prototype = Object.create(Animal.prototype); Dog.prototype.constructor = Dog; Dog.prototype.bark = function() { return this.name + \' barks woof\'; }; // Create instance and call inherited and own methods const rover = new Dog(\'rover\'); console.log(rover.speak()); console.log(rover.bark());\n}}\n\n{{answer: rover makes a sound rover barks woof}}','https://www.youtube.com/watch?v=GhbhD1HR5vk',2,15,0,'2026-05-16 17:22:56','2026-05-16 17:22:56',NULL,'javascript'),('bbcea55b-5132-11f1-9abe-6c02e0d26821','bbcc42ff-5132-11f1-9abe-6c02e0d26821','Work with arrays and array methods (push, pop, map, filter, reduce, find)','code_example',1,'Learn to transform and query arrays using push, pop, map, filter, reduce, and find. Youظـزظــظ¤ش┬ظـز╪زll practice creating new arrays, filtering values, aggregating results, and locating items to write concise, functional code. Understand why choosing non-mutating methods and providing a reduce initial value matters. Pitfalls to avoid include unexpected mutation of the original array and reduce errors on empty arrays without an initial value.','Lesson: Work with arrays and array methods (push, pop, map, filter, reduce, find)\n\n> Note: Live JavaScript editor runs in the browser. Avoid `require`, `process`, and server startup code here.\n\nUseful Resources:\n\n- https://developer.mozilla.org/en-US/docs/Web/JavaScript/Reference/Global_Objects/Array\n\n- https://developer.mozilla.org/en-US/docs/Web/JavaScript/Reference/Global_Objects/Array/map\n\n- https://developer.mozilla.org/en-US/docs/Web/JavaScript/Reference/Global_Objects/Array/reduce\n\n{{video: https://www.youtube.com/watch?v=R8rmfD9Y5-c}}\n\nExample:\n\n```code\nconst nums = [1, 2, 3, 4];\n\n// map creates a new array\nconst doubled = nums.map(n => n * 2);\n\n// filter selects values\nconst evens = doubled.filter(n => n % 2 === 0);\n\n// reduce aggregates\nconst total = evens.reduce((a, b) => a + b, 0);\n\nconsole.log(total);\n```\n\nLive Coding Task:\n\nRun the starter code, then complete the TODOs.\n\n{{starter:\n// initial array const numbers = [1, 2, 3, 4, 5, 6]; // push then pop (demonstrates mutation) numbers.push(7); numbers.pop(); // map to squares const squares = numbers.map(n => n * n); // filter even squares const evenSquares = squares.filter(s => s % 2 === 0); // reduce sum of even squares const sumEven = evenSquares.reduce((acc, cur) => acc + cur, 0); // find first square greater than 10 const firstOver10 = squares.find(s => s > 10); // final summary output (single lowercase sentence, no punctuation) console.log(\'even squares \' + evenSquares.join(\' \') + \' sum \' + sumEven + \' first over 10 \' + firstOver10);\n}}\n\n{{answer: even squares 4 16 36 sum 56 first over 10 16}}','https://www.youtube.com/watch?v=R8rmfD9Y5-c',3,15,0,'2026-05-16 17:22:56','2026-05-16 17:22:56',NULL,'javascript'),('bbd0ecf6-5132-11f1-9abe-6c02e0d26821','bbcc42ff-5132-11f1-9abe-6c02e0d26821','Use JSON to serialize and parse data','code_example',1,'This lesson demonstrates converting JavaScript objects to JSON strings with JSON.stringify and converting JSON back with JSON.parse. Youظـزظــظ¤ش┬ظـز╪زll learn when to serialize for network transfer or storage, how to preserve data types, and how to avoid common pitfalls like losing functions and prototype methods. Includes a small browser-safe example, safe parsing patterns, and quick tips for handling errors and malformed JSON during data exchange.','Lesson: Use JSON to serialize and parse data\n\n> Note: Live JavaScript editor runs in the browser. Avoid `require`, `process`, and server startup code here.\n\nUseful Resources:\n\n- https://developer.mozilla.org/en-US/docs/Web/JavaScript/Reference/Global_Objects/JSON/stringify\n\n- https://developer.mozilla.org/en-US/docs/Web/JavaScript/Reference/Global_Objects/JSON/parse\n\n- https://developer.mozilla.org/en-US/docs/Learn/JavaScript/Objects/JSON\n\n{{video: https://www.youtube.com/watch?v=iiADhChRriM}}\n\nExample:\n\n```code\nconst data = {\n  id: 1,\n  title: \'note\',\n  tags: [\'personal\', \'todo\']\n};\n\nconst str = JSON.stringify(data);\nconst back = JSON.parse(str);\nconsole.log(back.title + \' \' + back.tags.join(\' \'));\n```\n\nLive Coding Task:\n\nRun the starter code, then complete the TODOs.\n\n{{starter:\n// Create an object to serialize const user = { name: \'alice\', age: 30, skills: [\'js\', \'html\'] }; // Convert to JSON string const jsonString = JSON.stringify(user); // Parse JSON back to object const parsed = JSON.parse(jsonString); // Log a simple lowercase, punctuation-free string console.log(parsed.name + \' \' + parsed.age + \' \' + parsed.skills.join(\' \'));\n}}\n\n{{answer: alice 30 js html}}','https://www.youtube.com/watch?v=iiADhChRriM',4,12,0,'2026-05-16 17:22:56','2026-05-16 17:22:56',NULL,'javascript'),('bbd175f7-5132-11f1-9abe-6c02e0d26821','bbcc42ff-5132-11f1-9abe-6c02e0d26821','Implement immutability patterns with spread and Object.assign','code_example',1,'Learn how to create updated copies of objects and arrays using JavaScriptظـزظــظ¤ش┬ظـز╪زs spread syntax and Object.assign to avoid unintended mutations. This lesson explains why immutability produces predictable state, shows shallow-copy pitfalls for nested structures, and demonstrates patterns to copy nested arrays/objects safely. Practice the starter code to produce independent copies and avoid accidental shared references when updating data.','Lesson: Implement immutability patterns with spread and Object.assign\n\n> Note: Live JavaScript editor runs in the browser. Avoid `require`, `process`, and server startup code here.\n\nUseful Resources:\n\n- https://developer.mozilla.org/en-US/docs/Web/JavaScript/Reference/Global_Objects/Array/slice\n\n{{video: https://www.youtube.com/watch?v=vR4o6WNzQ2k}}\n\nExample:\n\n```code\nconst user = { name: \'alice\', hobbies: [\'reading\'] };\n\nconst newUser = { ...user, name: \'bob\' };\n\nconst extended = { ...user, hobbies: [...user.hobbies, \'swimming\'] };\n\nconsole.log(user.name, newUser.name, user.hobbies.length, extended.hobbies.length);\n```\n\nLive Coding Task:\n\nRun the starter code, then complete the TODOs.\n\n{{starter:\nconst original = { name: \'alice\', age: 30, hobbies: [\'reading\', \'hiking\'] }; const updatedSpread = { ...original, name: \'bob\' }; const updatedDeep = { ...original, hobbies: [...original.hobbies, \'swimming\'] }; console.log( original.name + \' \' + updatedSpread.name + \' \' + original.hobbies[0] + \' \' + updatedDeep.hobbies[2] );\n}}\n\n{{answer: alice bob reading swimming}}','https://www.youtube.com/watch?v=vR4o6WNzQ2k',5,15,0,'2026-05-16 17:22:56','2026-05-16 17:22:56',NULL,'javascript'),('bbd24eeb-5132-11f1-9abe-6c02e0d26821','bbd21409-5132-11f1-9abe-6c02e0d26821','Select and modify DOM elements with querySelector and classList','code_example',1,'Learn how to query and modify DOM elements using querySelector and classList to change content and style. This lesson shows selecting elements, updating textContent and attributes, and toggling or adding classes to control presentation. You\'ll practice safe selection, avoid null errors by checking results, and learn the common pitfall of manipulating nodes before they exist in the DOM. Focused, hands-on steps for beginner-friendly DOM updates.','Lesson: Select and modify DOM elements with querySelector and classList\n\n> Note: Live JavaScript editor runs in the browser. Avoid `require`, `process`, and server startup code here.\n\nUseful Resources:\n\n- https://developer.mozilla.org/en-US/docs/Web/API/Document/querySelector\n\n- https://developer.mozilla.org/en-US/docs/Web/API/Element/classList\n\n- https://developer.mozilla.org/en-US/docs/Web/API/Node/textContent\n\n{{video: https://www.youtube.com/watch?v=0ik6X4DJKCc}}\n\nExample:\n\n```code\n// find an element and safely update it\nconst header = document.querySelector(\'h1\');\nif (header) {\n  header.textContent = \'Welcome\';\n  header.classList.toggle(\'visible\');\n}\n```\n\nLive Coding Task:\n\nRun the starter code, then complete the TODOs.\n\n{{starter:\n// create elements so the example is deterministic const message = document.createElement(\'p\'); message.id = \'message\'; message.textContent = \'Original\'; const button = document.createElement(\'button\'); button.className = \'cta\'; button.textContent = \'Click me\'; document.body.appendChild(message); document.body.appendChild(button); // select elements using querySelector const msg = document.querySelector(\'#message\'); const btn = document.querySelector(\'.cta\'); // modify text and classes msg.textContent = \'Hello World\'; btn.classList.add(\'active\', \'highlighted\'); // log final state (expected output shown in the lesson quiz) const classes = Array.from(btn.classList).join(\' \'); console.log(msg.textContent.toLowerCase() + \' \' + classes);\n}}\n\n{{answer: hello world cta active highlighted}}','https://www.youtube.com/watch?v=0ik6X4DJKCc',1,15,0,'2026-05-16 17:22:56','2026-05-16 17:22:56',NULL,'javascript'),('bbd2c3e8-5132-11f1-9abe-6c02e0d26821','bbd21409-5132-11f1-9abe-6c02e0d26821','Handle user interactions with addEventListener and event objects','code_example',1,'This lesson shows how to attach event listeners with addEventListener, use the event object to read properties (like target and defaultPrevented), and control propagation with stopPropagation and preventDefault. Youظـزظــظ¤ش┬ظـز╪زll build a small example that distinguishes bubbling from target handling and prevents default link behavior. Common pitfall: forgetting to stop propagation or prevent default, causing duplicate or unwanted actions in nested elements.','Lesson: Handle user interactions with addEventListener and event objects\n\n> Note: Live JavaScript editor runs in the browser. Avoid `require`, `process`, and server startup code here.\n\nUseful Resources:\n\n- https://developer.mozilla.org/en-US/docs/Web/API/EventTarget/addEventListener\n\n- https://developer.mozilla.org/en-US/docs/Web/API/Event/preventDefault\n\n- https://developer.mozilla.org/en-US/docs/Web/API/Event/stopPropagation\n\nExample:\n\n```code\n// add a listener that stops propagation\nbtnStop.addEventListener(\'click\', function (e) {\n  console.log(\'button clicked\');\n  e.stopPropagation();\n});\n\n// container still listens, but won\'t run when stopPropagation was used\ncontainer.addEventListener(\'click\', function (e) {\n  console.log(\'container clicked\');\n});\n```\n\nLive Coding Task:\n\nRun the starter code, then complete the TODOs.\n\n{{starter:\n// create a container and add it to the page const container = document.createElement(\'div\'); container.id = \'container\'; container.style.padding = \'12px\'; container.style.border = \'1px solid #333\'; document.body.appendChild(container); // create a button that will stop propagation const btnStop = document.createElement(\'button\'); btnStop.id = \'btn-stop\'; btnStop.textContent = \'Stop Propagation\'; container.appendChild(btnStop); // create a second button that allows bubbling const btnBubble = document.createElement(\'button\'); btnBubble.id = \'btn-bubble\'; btnBubble.textContent = \'Allows Bubbling\'; container.appendChild(btnBubble); // create a link to demonstrate preventDefault const link = document.createElement(\'a\'); link.href = \'https://example.com\'; link.id = \'link\'; link.textContent = \'Go to example (prevented)\'; link.style.display = \'block\'; link.style.marginTop = \'8px\'; container.appendChild(link); // container listener demonstrates bubbling behavior container.addEventListener(\'click\', function (e) { console.log(\'container clicked\'); }); // button that stops propagation: only this should log when clicked btnStop.addEventListener(\'click\', function (e) { console.log(\'button clicked\'); e.stopPropagation(); }); // button that bubbles: both button and container will log when clicked btnBubble.addEventListener(\'click\', function (e) { console.log(\'button clicked\'); }); // link listener prevents default navigation link.addEventListener(\'click\', function (e) { e.preventDefault(); console.log(\'link clicked prevented\'); });\n}}\n\n{{answer: button clicked}}',NULL,2,12,0,'2026-05-16 17:22:56','2026-05-16 17:22:56',NULL,'javascript'),('bbd40923-5132-11f1-9abe-6c02e0d26821','bbd21409-5132-11f1-9abe-6c02e0d26821','Build and update dynamic UI fragments using createElement and innerHTML','code_example',1,'Learn how to programmatically build and update UI fragments using Document.createElement, textContent, innerHTML and insertAdjacentHTML. This lesson covers when to prefer createElement for safe incremental updates versus innerHTML for fast templating, and demonstrates replacing or appending fragments. Watch out for performance and XSS risks when using innerHTML and remember to update only affected nodes to avoid reflows.','Lesson: Build and update dynamic UI fragments using createElement and innerHTML\n\n> Note: Live JavaScript editor runs in the browser. Avoid `require`, `process`, and server startup code here.\n\nUseful Resources:\n\n- https://developer.mozilla.org/en-US/docs/Web/API/Document/createElement\n\n- https://developer.mozilla.org/en-US/docs/Web/API/Element/innerHTML\n\n- https://developer.mozilla.org/en-US/docs/Web/API/Node/appendChild\n\nExample:\n\n```code\n// create a ul with createElement\nconst ul = document.createElement(\'ul\');\nconst li = document.createElement(\'li\');\nli.textContent = \'orange\';\nul.appendChild(li);\n\n// faster fragment insertion with innerHTML\nconst fragment = \'<ul><li>grape</li></ul>\';\nroot.insertAdjacentHTML(\'beforeend\', fragment);\n```\n\nLive Coding Task:\n\nRun the starter code, then complete the TODOs.\n\n{{starter:\n// initial data to render const items = [\'apple\', \'banana\']; // create root container and append to document body const root = document.createElement(\'div\'); root.id = \'root\'; document.body.appendChild(root); // helper that builds a list using createElement safely function buildListUsingCreateElement(listItems) { const ul = document.createElement(\'ul\'); listItems.forEach(text => { const li = document.createElement(\'li\'); li.textContent = text; ul.appendChild(li); }); return ul; } // render initial UI using createElement root.appendChild(buildListUsingCreateElement(items)); // append additional fragment quickly using innerHTML/insertAdjacentHTML root.insertAdjacentHTML(\'beforeend\', \'<ul><li>cherry</li></ul>\'); // replace content of the first list with a combined set using innerHTML const firstList = root.querySelector(\'ul\'); firstList.innerHTML = \'<li>apple</li><li>banana</li><li>cherry</li>\'; // final console output used by the quiz (lowercase, no punctuation) console.log(\'rendered 3 items\');\n}}\n\n{{answer: rendered 3 items}}',NULL,3,15,0,'2026-05-16 17:22:56','2026-05-16 17:22:56',NULL,'javascript'),('bbd4e78f-5132-11f1-9abe-6c02e0d26821','bbd21409-5132-11f1-9abe-6c02e0d26821','Persist data in the browser using localStorage and sessionStorage','code_example',1,'Learn how to store, retrieve, and remove JSON-serializable data using localStorage and sessionStorage to add simple persistence to client-side apps. This lesson explains when to use each API, JSON.stringify/parse usage, and updating or clearing stored state. Watch for common pitfalls like storage limits, JSON.parse errors when values are null, and different lifetimes and scope between localStorage and sessionStorage.','Lesson: Persist data in the browser using localStorage and sessionStorage\n\n> Note: Live JavaScript editor runs in the browser. Avoid `require`, `process`, and server startup code here.\n\nUseful Resources:\n\n- https://developer.mozilla.org/en-US/docs/Web/API/Window/localStorage\n\n- https://developer.mozilla.org/en-US/docs/Web/API/Window/sessionStorage\n\n- https://developer.mozilla.org/en-US/docs/Web/JavaScript/Reference/Global_Objects/JSON\n\n{{video: https://www.youtube.com/watch?v=HkflnK9vW2g}}\n\nExample:\n\n```code\n// example: store settings\nconst settings = { theme: \'dark\', fontSize: 14 };\n\n// persist\nlocalStorage.setItem(\'settings\', JSON.stringify(settings));\n\n// read back safely\nconst saved = JSON.parse(localStorage.getItem(\'settings\') || \'{}\');\n\nconsole.log(saved.theme, saved.fontSize);\n```\n\nLive Coding Task:\n\nRun the starter code, then complete the TODOs.\n\n{{starter:\n// create a simple object to persist const player = { name: \'alice\', score: 42 }; // save the object to both storages as JSON localStorage.setItem(\'player\', JSON.stringify(player)); sessionStorage.setItem(\'player\', JSON.stringify(player)); // retrieve from localStorage and parse safely const savedLocal = JSON.parse(localStorage.getItem(\'player\') || \'null\'); // update the retrieved object and persist back if (savedLocal) { savedLocal.score += 8; localStorage.setItem(\'player\', JSON.stringify(savedLocal)); } // remove the session copy (simulating end of session) sessionStorage.removeItem(\'player\'); // single, final console output used for quizzes and checks console.log(`local data name ${savedLocal.name} score ${savedLocal.score}`);\n}}\n\n{{answer: local data name alice score 50}}','https://www.youtube.com/watch?v=HkflnK9vW2g',4,12,0,'2026-05-16 17:22:56','2026-05-16 17:22:56',NULL,'javascript'),('bbd56938-5132-11f1-9abe-6c02e0d26821','bbd21409-5132-11f1-9abe-6c02e0d26821','Perform client-side form validation and manage submission with JavaScript','code_example',1,'Learn to validate form inputs in the browser, provide user feedback, and manage submission flow using plain JavaScript. This lesson shows how to check required fields and email patterns, display simple feedback, prevent submission on invalid data, and handle programmatic submission for testing. Why: keep bad data out of your app and improve UX. Pitfall: relying only on client-side checksظـزظــظ¤ش┬ظ¤ش╪شalways validate on the server as well.','Lesson: Perform client-side form validation and manage submission with JavaScript\n\n> Note: Live JavaScript editor runs in the browser. Avoid `require`, `process`, and server startup code here.\n\nUseful Resources:\n\n- https://developer.mozilla.org/en-US/docs/Learn/Forms\n\n- https://developer.mozilla.org/en-US/docs/Learn/Forms/Form_validation\n\n- https://developer.mozilla.org/en-US/docs/Web/API/FormData\n\n{{video: https://www.youtube.com/watch?v=3PHXvlpOkf4}}\n\nExample:\n\n```code\n// submit handler snippet (core idea)\nform.addEventListener(\'submit\', function(event) {\n  event.preventDefault();\n\nif (!validateForm(form)) return; // stop if invalid\n\n// on valid data, proceed (e.g., send to server)\n  console.log(\'form submitted\');\n});\n```\n\nLive Coding Task:\n\nRun the starter code, then complete the TODOs.\n\n{{starter:\n// create a simple form dynamically so this runs standalone const form = document.createElement(\'form\'); form.id = \'signupForm\'; const nameInput = document.createElement(\'input\'); nameInput.name = \'name\'; nameInput.required = true; nameInput.placeholder = \'Full name\'; form.appendChild(nameInput); const emailInput = document.createElement(\'input\'); emailInput.name = \'email\'; emailInput.type = \'email\'; emailInput.required = true; emailInput.placeholder = \'Email\'; form.appendChild(emailInput); const submitBtn = document.createElement(\'button\'); submitBtn.type = \'submit\'; submitBtn.textContent = \'Submit\'; form.appendChild(submitBtn); document.body.appendChild(form); // simple validation helper function validateForm(form) { const name = form.elements[\'name\'].value.trim(); const email = form.elements[\'email\'].value.trim(); const emailValid = /^[^\\s@]+@[^\\s@]+\\.[^\\s@]+$/.test(email); return name.length > 0 && emailValid; } // submit handler: prevent submission on invalid data and log on success form.addEventListener(\'submit\', function(event) { event.preventDefault(); if (!validateForm(form)) { // lightweight feedback: use browser\'s validity interface form.elements[\'email\'].setCustomValidity(\'\'); if (!form.elements[\'email\'].checkValidity()) { form.elements[\'email\'].setCustomValidity(\'invalid\'); } return; // do not proceed when invalid } // success path (could send fetch here) console.log(\'form submitted\'); }); // preset valid values and programmatically submit to demonstrate the flow form.elements[\'name\'].value = \'Alice\'; form.elements[\'email\'].value = \'alice@example.com\'; form.requestSubmit();\n}}\n\n{{answer: form submitted}}','https://www.youtube.com/watch?v=3PHXvlpOkf4',5,15,0,'2026-05-16 17:22:56','2026-05-16 17:22:56',NULL,'javascript'),('bbd618a2-5132-11f1-9abe-6c02e0d26821','bbd5ee54-5132-11f1-9abe-6c02e0d26821','Work with callbacks, Promises, and async/await to handle asynchronous code','code_example',1,'Learn to convert callback-based APIs into Promises and async/await for clearer asynchronous flows. This lesson shows why Promises improve error handling and composition, demonstrates a simple promisify pattern, then uses async/await for sequential logic. You\'ll practice preserving execution order and avoiding callback hell. Pitfall: promisifying without proper error handling can hide rejections ظـزظــظ¤ش┬ظ¤ش╪ش always forward errors and reject when callbacks signal failure and debugging strategies.','Lesson: Work with callbacks, Promises, and async/await to handle asynchronous code\n\n> Note: Live JavaScript editor runs in the browser. Avoid `require`, `process`, and server startup code here.\n\nUseful Resources:\n\n- https://developer.mozilla.org/en-US/docs/Glossary/Callback_function\n\n- https://developer.mozilla.org/en-US/docs/Web/JavaScript/Guide/Using_promises\n\n- https://developer.mozilla.org/en-US/docs/Web/JavaScript/Reference/Statements/async_function\n\n{{video: https://www.youtube.com/watch?v=V_Kr9OSfDeU}}\n\nExample:\n\n```code\n// promisify pattern example\nfunction oldApi(arg, cb) {\n  setTimeout(() => cb(null, \'ok\'), 100);\n}\n\nfunction promisified(arg) {\n  return new Promise((resolve, reject) => {\n    oldApi(arg, (err, res) => err ? reject(err) : resolve(res));\n  });\n}\n\n(async function run() {\n  const r = await promisified(\'x\');\n  console.log(r);\n})();\n```\n\nLive Coding Task:\n\nRun the starter code, then complete the TODOs.\n\n{{starter:\n// callback-based API simulation function fetchDataCallback(url, cb) { setTimeout(() => { cb(null, \'loaded\'); }, 300); } // simple promisify wrapper that converts the callback API to a Promise function fetchDataPromise(url) { return new Promise((resolve, reject) => { fetchDataCallback(url, (err, data) => { if (err) reject(err); else resolve(data); }); }); } // run sequence: callback -> promise -> async/await fetchDataCallback(\'/api\', (err, result) => { if (err) return; console.log(\'callback result \' + result); fetchDataPromise(\'/api\').then((res) => { console.log(\'promise result \' + res); (async function() { const final = await fetchDataPromise(\'/api\'); console.log(\'async await result \' + final); })(); }); });\n}}\n\n{{answer: callback result loaded promise result loaded async await result loaded}}','https://www.youtube.com/watch?v=V_Kr9OSfDeU',1,15,0,'2026-05-16 17:22:56','2026-05-16 17:22:56',NULL,'javascript'),('bbd67c22-5132-11f1-9abe-6c02e0d26821','bbd5ee54-5132-11f1-9abe-6c02e0d26821','Fetch API: request JSON and handle errors','code_example',1,'Learn to request remote data with the Fetch API, parse JSON responses, and implement robust error handling using async/await. This lesson explains why checking response.ok and catching JSON parsing or network errors matter, and demonstrates common pitfalls like assuming fetch rejects on HTTP errors. Youظـزظــظ¤ش┬ظـز╪زll see a concise example and a starter script to practice safe API calls in the browser.','Lesson: Fetch API: request JSON and handle errors\n\n> Note: Live JavaScript editor runs in the browser. Avoid `require`, `process`, and server startup code here.\n\nUseful Resources:\n\n- https://developer.mozilla.org/en-US/docs/Web/API/Fetch_API\n\n- https://developer.mozilla.org/en-US/docs/Web/JavaScript/Reference/Global_Objects/Promise\n\n- https://developer.mozilla.org/en-US/docs/Web/API/Response/json\n\n{{video: https://www.youtube.com/watch?v=cuEtnrL9-H0}}\n\nExample:\n\n```code\nasync function fetchData() {\n  const res = await fetch(\'https://jsonplaceholder.typicode.com/todos/1\');\n\nif (!res.ok) {\n    throw new Error(\'network response was not ok\');\n  }\n\nconst json = await res.json();\n  console.log(json.title);\n}\n\nfetchData().catch(err => console.error(\'error\', err.message));\n```\n\nLive Coding Task:\n\nRun the starter code, then complete the TODOs.\n\n{{starter:\n// Fetch a todo item, check HTTP status, parse JSON, and handle errors async function fetchTodo() { try { const res = await fetch(\'https://jsonplaceholder.typicode.com/todos/1\'); if (!res.ok) throw new Error(\'http error \' + res.status); const data = await res.json(); // normalized log: lowercase and no punctuation console.log(`todo title ${data.title}`.toLowerCase()); } catch (err) { console.error(\'fetch failed\', err.message); } } // run the fetch fetchTodo();\n}}\n\n{{answer: todo title delectus aut autem}}','https://www.youtube.com/watch?v=cuEtnrL9-H0',2,15,0,'2026-05-16 17:22:56','2026-05-16 17:22:56',NULL,'javascript'),('bbd6cdf2-5132-11f1-9abe-6c02e0d26821','bbd5ee54-5132-11f1-9abe-6c02e0d26821','Modularize code using ES modules (import/export)','code_example',1,'Learn how to split JavaScript into ES modules using export and import statements to organize, reuse, and test code across files. This lesson demonstrates creating named and default exports, using dynamic browser-safe imports for runnable demos, and proper file paths/extensions. Why: modules improve maintainability and dependency clarity. Pitfall: mixing named and default exports, incorrect import paths, or forgetting module type will cause runtime import errors.','Lesson: Modularize code using ES modules (import/export)\n\n> Note: Live JavaScript editor runs in the browser. Avoid `require`, `process`, and server startup code here.\n\nUseful Resources:\n\n- https://developer.mozilla.org/en-US/docs/Web/JavaScript/Guide/Modules\n\n- https://developer.mozilla.org/en-US/docs/Web/JavaScript/Reference/Statements/export\n\n- https://nodejs.org/api/esm.html\n\n{{video: https://www.youtube.com/watch?v=2IGhWmY8r2E}}\n\nExample:\n\n```code\n// math.js\nexport function add(a, b) {\n  return a + b\n}\n\n// greet.js\nexport default function greet(name) {\n  return \'hello \' + name\n}\n\n// main.js\nimport { add } from \'./math.js\'\nimport greet from \'./greet.js\'\n\nconsole.log(\'sum \' + add(3,4))\nconsole.log(greet(\'alice\'))\n```\n\nLive Coding Task:\n\nRun the starter code, then complete the TODOs.\n\n{{starter:\n// Create two ES module sources as strings const mathModule = `export function add(a, b) { return a + b } `; const greetModule = `export default function greet(name) { return \'hello \' + name } `; // Create blob URLs for each module const mathBlob = new Blob([mathModule], { type: \'text/javascript\' }); const greetBlob = new Blob([greetModule], { type: \'text/javascript\' }); const mathUrl = URL.createObjectURL(mathBlob); const greetUrl = URL.createObjectURL(greetBlob); // Dynamically import both modules and use their exports Promise.all([import(mathUrl), import(greetUrl)]).then(([math, greet]) => { const sum = math.add(3, 4); const message = greet.default(\'alice\'); console.log(\'sum \' + sum + \' greeting \' + message); });\n}}\n\n{{answer: sum 7 greeting hello alice}}','https://www.youtube.com/watch?v=2IGhWmY8r2E',3,15,0,'2026-05-16 17:22:56','2026-05-16 17:22:56',NULL,'javascript'),('bbd82c52-5132-11f1-9abe-6c02e0d26821','bbd5ee54-5132-11f1-9abe-6c02e0d26821','Use npm and a bundler to install dependencies and build a JavaScript project','code_example',1,'Learn to initialize an npm project, install packages, and configure a bundler (like webpack or Rollup) to produce a browser-ready bundle. You\'ll see why bundling and a build script are essential for module support, asset handling, and production optimization. Includes common pitfalls: mismatched module formats, incorrect entry/output paths, and forgetting to add build scripts to package.json. By the end you\'ll have a reproducible build workflow.','Lesson: Use npm and a bundler to install dependencies and build a JavaScript project\n\n> Note: Live JavaScript editor runs in the browser. Avoid `require`, `process`, and server startup code here.\n\nUseful Resources:\n\n- https://nodejs.org/en/knowledge/getting-started/npm/what-is-npm/\n\n- https://nodejs.org/api/packages.html\n\n{{video: https://www.youtube.com/watch?v=IZGNcSuwBZs}}\n\nExample:\n\n```code\n// package.json (scripts section)\n{\n  \"scripts\": {\n    \"build\": \"webpack --mode production\"\n  }\n}\n\n// webpack.config.js (minimal)\nconst path = require(\'path\');\n\nmodule.exports = {\n  entry: \'./src/index.js\',\n  output: {\n    filename: \'bundle.js\',\n    path: path.resolve(__dirname, \'dist\')\n  }\n};\n```\n\nLive Coding Task:\n\nRun the starter code, then complete the TODOs.\n\n{{starter:\n/* src/index.js - browser-safe code to verify the build */ const message = \'project built successfully\'; // Log a single, unambiguous status message that the build produced console.log(message);\n}}\n\n{{answer: project built successfully}}','https://www.youtube.com/watch?v=IZGNcSuwBZs',4,15,0,'2026-05-16 17:22:56','2026-05-16 17:22:56',NULL,'javascript'),('bbd89fcd-5132-11f1-9abe-6c02e0d26821','bbd5ee54-5132-11f1-9abe-6c02e0d26821','Deploy a static JavaScript app to GitHub Pages','code_example',1,'Prepare and publish a static JavaScript application to GitHub Pages: repository setup, choosing branch or GitHub Pages source, and publishing build artifacts. Learn why GitHub Pages is great for free static hosting and how to configure the correct homepage/base path to avoid broken asset links. Pitfall: forgetting to set the correct base path or not committing built files will cause 404s and a non-working live site.','Lesson: Deploy a static JavaScript app to GitHub Pages\n\n> Note: Live JavaScript editor runs in the browser. Avoid `require`, `process`, and server startup code here.\n\nUseful Resources:\n\n- https://developer.mozilla.org/en-US/docs/Learn/Getting_started_with_the_web/Publishing_your_website\n\n- https://developer.mozilla.org/en-US/docs/Learn/HTML/Introduction_to_HTML\n\n{{video: https://www.youtube.com/watch?v=3z0Kp1uR1Qw}}\n\nExample:\n\n```code\n// detect GitHub Pages base path and log it\nconst pathParts = window.location.pathname.split(\'/\');\nconst basePath = pathParts[1] || \'\';\n\nif (basePath) {\n  console.log(\'running on github pages at base\', basePath);\n} else {\n  console.log(\'running at root\');\n}\n```\n\nLive Coding Task:\n\nRun the starter code, then complete the TODOs.\n\n{{starter:\n// simple app script for a static site const appTitle = \'My Static App\'; // create a visible title in the page const titleEl = document.createElement(\'h1\'); titleEl.textContent = appTitle; document.body.appendChild(titleEl); // mark that the app script ran console.log(\'app deployed\');\n}}\n\n{{answer: app deployed}}','https://www.youtube.com/watch?v=3z0Kp1uR1Qw',5,15,0,'2026-05-16 17:22:56','2026-05-16 17:22:56',NULL,'javascript'),('c51d465e-507d-11f1-9abe-6c02e0d26821','c51cc579-507d-11f1-9abe-6c02e0d26821','Create a basic HTML document structure','code_example',1,'Teach how to create a valid HTML5 document: include <!DOCTYPE>, <html>, <head>, and <body> sections. Students learn the purpose of doctype, charset meta, and title. Why: a correct skeleton ensures browser compatibility and accessibility. Pitfall: missing doctype or incorrect charset causes rendering quirks and encoding issues; also avoid putting visible content inside head. The lesson includes a ready HTML example and a runnable JS starter check.','Lesson: Create a basic HTML document structure\n\n> Note: Live JavaScript editor runs in the browser. Avoid `require`, `process`, and server startup code here.\n\nUseful Resources:\n\n- https://developer.mozilla.org/en-US/docs/Web/HTML/Document\n\n- https://developer.mozilla.org/en-US/docs/Web/HTML/Element/html\n\n- https://developer.mozilla.org/en-US/docs/Glossary/Doctype\n\n{{video: https://www.youtube.com/watch?v=UB1O30fR-EE}}\n\nExample:\n\n```code\n<!DOCTYPE html>\n<html lang=\"en\">\n<head>\n  <meta charset=\"utf-8\">\n  <meta name=\"viewport\" content=\"width=device-width, initial-scale=1\">\n  <title>My Page</title>\n</head>\n<body>\n  <h1>Hello, world!</h1>\n</body>\n</html>\n```\n\nLive Coding Task:\n\nRun the starter code, then complete the TODOs.\n\n{{starter:\n/* Starter: simulate creating a basic HTML5 document and signal success */ const html = `<!DOCTYPE html> <html lang=\"en\"> <head> <meta charset=\"utf-8\"> <title>Document</title> </head> <body> <!-- content --> </body> </html>`; // In a real workflow you\'d write html to a file. Here we log a simple confirmation message: console.log(\'valid html5 document created\');\n}}\n\n{{answer: valid html5 document created}}','https://www.youtube.com/watch?v=UB1O30fR-EE',1,15,0,'2026-05-15 19:47:33','2026-05-15 19:47:33',NULL,'javascript'),('c521164f-507d-11f1-9abe-6c02e0d26821','c51cc579-507d-11f1-9abe-6c02e0d26821','Add metadata using head elements (meta, title, link)','code_example',1,'Teach how to add document metadata using head elements: title, meta (charset and viewport), and link for external stylesheets. Explain why metadata affects accessibility, SEO, and correct rendering, and illustrate a common pitfall: forgetting charset or wrong href paths that break styling. Students will set a page title, declare utf-8 encoding, and reliably link CSS. Practice examples and tips solidify habits.','Lesson: Add metadata using head elements (meta, title, link)\n\n> Note: Live JavaScript editor runs in the browser. Avoid `require`, `process`, and server startup code here.\n\nUseful Resources:\n\n- https://developer.mozilla.org/en-US/docs/Web/HTML/Element/meta\n\n- https://developer.mozilla.org/en-US/docs/Web/HTML/Element/title\n\n- https://developer.mozilla.org/en-US/docs/Web/HTML/Element/link\n\n{{video: https://www.youtube.com/watch?v=pQN-pnXPaVg}}\n\nExample:\n\n```code\n<head>\n  <meta charset=\"utf-8\">\n  <title>my site</title>\n  <link rel=\"stylesheet\" href=\"styles.css\">\n</head>\n```\n\nLive Coding Task:\n\nRun the starter code, then complete the TODOs.\n\n{{starter:\n// Add metadata to document.head const head = document.head; // create and append meta charset const meta = document.createElement(\'meta\'); meta.setAttribute(\'charset\', \'utf-8\'); head.appendChild(meta); // set title const title = document.createElement(\'title\'); title.textContent = \'my site\'; head.appendChild(title); // link stylesheet const link = document.createElement(\'link\'); link.setAttribute(\'rel\', \'stylesheet\'); link.setAttribute(\'href\', \'styles.css\'); head.appendChild(link); // Normalize values for a clean console output (lowercase, no punctuation) const charset = meta.getAttribute(\'charset\').replace(\'-\', \'\'); const href = link.getAttribute(\'href\').replace(\'.\', \' \'); console.log(`${document.title} ${charset} ${href}`);\n}}\n\n{{answer: my site utf8 styles css}}','https://www.youtube.com/watch?v=pQN-pnXPaVg',2,12,0,'2026-05-15 19:47:33','2026-05-15 19:47:33',NULL,'javascript'),('c522a241-507d-11f1-9abe-6c02e0d26821','c51cc579-507d-11f1-9abe-6c02e0d26821','Insert text content with headings, paragraphs, and lists','code_example',1,'Learn how to structure text in HTML using headings, paragraphs, ordered and unordered lists. This lesson shows practical markup and a DOM example to insert h1, p, and ul/li elements so content is semantic and accessible. Why: proper structure improves readability, SEO, and screen-reader navigation. Pitfall: avoid using headings merely for presentationظـزظــظ¤ش┬ظ¤ش╪شuse CSS instead of misusing heading levels or lists for layout.','Lesson: Insert text content with headings, paragraphs, and lists\n\n> Note: Live JavaScript editor runs in the browser. Avoid `require`, `process`, and server startup code here.\n\nUseful Resources:\n\n- https://developer.mozilla.org/en-US/docs/Web/HTML/Element/Heading_Elements\n\n- https://developer.mozilla.org/en-US/docs/Web/HTML/Element/p\n\n- https://developer.mozilla.org/en-US/docs/Web/HTML/Element/ul\n\n{{video: https://www.youtube.com/watch?v=PkZNo7MFNFg}}\n\nExample:\n\n```code\n<!DOCTYPE html>\n<html>\n  <body>\n    <h1>Welcome to My Page</h1>\n    <p>This is an introductory paragraph</p>\n    <ul>\n      <li>First item</li>\n      <li>Second item</li>\n    </ul>\n  </body>\n</html>\n```\n\nLive Coding Task:\n\nRun the starter code, then complete the TODOs.\n\n{{starter:\nconst container = document.createElement(\'div\'); const h1 = document.createElement(\'h1\'); h1.textContent = \'Welcome to My Page\'; const p = document.createElement(\'p\'); p.textContent = \'This is an introductory paragraph\'; const ul = document.createElement(\'ul\'); const li1 = document.createElement(\'li\'); li1.textContent = \'First item\'; const li2 = document.createElement(\'li\'); li2.textContent = \'Second item\'; ul.appendChild(li1); ul.appendChild(li2); container.appendChild(h1); container.appendChild(p); container.appendChild(ul); console.log(container.textContent.trim().toLowerCase());\n}}\n\n{{answer: welcome to my page this is an introductory paragraph first item second item}}','https://www.youtube.com/watch?v=PkZNo7MFNFg',3,15,0,'2026-05-15 19:47:33','2026-05-15 19:47:33',NULL,'javascript'),('c5230ab7-507d-11f1-9abe-6c02e0d26821','c51cc579-507d-11f1-9abe-6c02e0d26821','Include images and captions using img and figure/figcaption','code_example',1,'Learn to embed images with the <img> element and provide semantic captions using <figure> and <figcaption>. This lesson shows how to write meaningful alt text for accessibility, place captions correctly, and avoid presentational markup. Why it matters: better accessibility, semantics, and SEO. Common pitfall: using empty or decorative alt text incorrectlyظـزظــظ¤ش┬ظ¤ش╪شknow when to use descriptive alt versus an empty alt attribute.','Lesson: Include images and captions using img and figure/figcaption\n\n> Note: Live JavaScript editor runs in the browser. Avoid `require`, `process`, and server startup code here.\n\nUseful Resources:\n\n- https://developer.mozilla.org/en-US/docs/Web/HTML/Element/img\n\n- https://developer.mozilla.org/en-US/docs/Web/HTML/Element/figure\n\n- https://developer.mozilla.org/en-US/Learn/Accessibility/Images\n\nExample:\n\n```code\n<!-- Semantic image with caption -->\n<figure>\n  <img src=\"cat.jpg\" alt=\"cute orange cat on a fence\" width=\"400\">\n  <figcaption>A cute orange cat sitting on a wooden fence.</figcaption>\n</figure>\n```\n\nLive Coding Task:\n\nRun the starter code, then complete the TODOs.\n\n{{starter:\n// Create a semantic figure with an image and caption const figure = document.createElement(\'figure\'); const img = document.createElement(\'img\'); img.src = \'https://example.com/cat.jpg\'; img.alt = \'cute orange cat on a fence\'; img.width = 400; const caption = document.createElement(\'figcaption\'); caption.textContent = \'A cute orange cat sitting on a wooden fence.\'; figure.appendChild(img); figure.appendChild(caption); document.body.appendChild(figure); console.log(\'image added with alt \' + img.alt);\n}}\n\n{{answer: image added with alt cute orange cat on a fence}}',NULL,4,15,0,'2026-05-15 19:47:33','2026-05-15 19:47:33',NULL,'javascript'),('c5234b84-507d-11f1-9abe-6c02e0d26821','c51cc579-507d-11f1-9abe-6c02e0d26821','Build links and navigation with anchor tags and nav','code_example',1,'Create internal and external links and assemble a basic site navigation using <nav>. Learn href, target, rel, and fragment links so users and search engines navigate predictably. Why: clear navigation improves UX and accessibility. Pitfall: forgetting rel=\"noopener noreferrer\" on target=\"_blank\" or using broken relative paths. Also consider accessible link text and keyboard focus order to avoid usability problems.','Lesson: Build links and navigation with anchor tags and nav\n\n> Note: Live JavaScript editor runs in the browser. Avoid `require`, `process`, and server startup code here.\n\nUseful Resources:\n\n- https://developer.mozilla.org/en-US/docs/Web/HTML/Element/a\n\n- https://developer.mozilla.org/en-US/docs/Web/HTML/Element/nav\n\n- https://developer.mozilla.org/en-US/docs/Learn/HTML/Introduction_to_HTML/Creating_hyperlinks\n\nExample:\n\n```code\n<nav>\n  <a href=\"index.html\">Home</a>\n  <a href=\"about.html\">About</a>\n  <a href=\"contact.html\">Contact</a>\n  <a href=\"https://example.com\" target=\"_blank\" rel=\"noopener noreferrer\">External</a>\n</nav>\n```\n\nLive Coding Task:\n\nRun the starter code, then complete the TODOs.\n\n{{starter:\n// Starter: simulate reading visible nav text from the DOM const navText = \'Home About Contact External\'; // Lowercase output to match expected console behavior console.log(navText.toLowerCase());\n}}\n\n{{answer: home about contact external}}',NULL,5,12,0,'2026-05-15 19:47:33','2026-05-15 19:47:33',NULL,'javascript'),('c523dcce-507d-11f1-9abe-6c02e0d26821','c523bee3-507d-11f1-9abe-6c02e0d26821','Use semantic sectioning elements (header, main, section, article, aside, footer)','code_example',1,'This lesson shows how to use semantic sectioning elements ظـزظــظ¤ش┬ظ¤ش╪ش header, main, section, article, aside, and footer ظـزظــظ¤ش┬ظ¤ش╪ش to create a clear document outline. You will learn when to use each element, how they improve accessibility and SEO, and common pitfalls such as confusing section and article or overusing generic divs. After practising these patterns you will structure pages so screen readers and search engines interpret page purpose correctly.','Lesson: Use semantic sectioning elements (header, main, section, article, aside, footer)\n\n> Note: Live JavaScript editor runs in the browser. Avoid `require`, `process`, and server startup code here.\n\nUseful Resources:\n\n- https://developer.mozilla.org/en-US/docs/Web/HTML/Element/section\n\n- https://developer.mozilla.org/en-US/docs/Web/HTML/Element/article\n\n- https://developer.mozilla.org/en-US/docs/Web/HTML/Element/header\n\nExample:\n\n```code\n<!doctype html>\n<html lang=\"en\">\n  <body>\n    <header>\n      <h1>Site Title</h1>\n    </header>\n    <main>\n      <section>\n        <article>Primary article content</article>\n      </section>\n      <aside>Sidebar / related info</aside>\n    </main>\n    <footer>Footer information</footer>\n  </body>\n</html>\n```\n\nLive Coding Task:\n\nRun the starter code, then complete the TODOs.\n\n{{starter:\nconst header = document.createElement(\'header\'); const h1 = document.createElement(\'h1\'); h1.textContent = \'Page Title\'; header.appendChild(h1); const main = document.createElement(\'main\'); const section = document.createElement(\'section\'); const article = document.createElement(\'article\'); article.textContent = \'Article content\'; section.appendChild(article); main.appendChild(section); const aside = document.createElement(\'aside\'); aside.textContent = \'Related links\'; const footer = document.createElement(\'footer\'); footer.textContent = \'╪╕┬ج╪┤ظـزظûْ 2026 Example\'; document.body.append(header, main, aside, footer); console.log(\'structure created\');\n}}\n\n{{answer: structure created}}',NULL,1,15,0,'2026-05-15 19:47:33','2026-05-15 19:47:33',NULL,'javascript'),('c5244543-507d-11f1-9abe-6c02e0d26821','c523bee3-507d-11f1-9abe-6c02e0d26821','Apply semantic grouping with div and span when needed','text',0,'Learn when to use semantic HTML elements versus generic containers like div and span. This lesson explains what semantic grouping communicates to browsers, assistive tech, and search engines; why div/span remain necessary for styling, scripting, or when no semantic element fits; and the pitfall of overusing non-semantic containers that reduce accessibility and document clarity. You\'ll get concrete examples and quick rules-of-thumb for choosing appropriately.','Lesson: Apply semantic grouping with div and span when needed\n\nUseful Resources:\n\n- https://developer.mozilla.org/en-US/docs/Glossary/Semantics\n\n- https://developer.mozilla.org/en-US/docs/Web/HTML/Element/div\n\n- https://developer.mozilla.org/en-US/docs/Web/HTML/Element/span\n\n{{video: https://www.youtube.com/watch?v=1Rs2ND1ryYc}}\n\nExample:\n\n```code\n<!DOCTYPE html>\n<html lang=\"en\">\n  <body>\n    <article>\n      <h2>Article Title</h2>\n      <p>Semantic content that screen readers can navigate.</p>\n    </article>\n\n<div class=\"card\">\n      <h3>Card title</h3>\n      <p><span class=\"muted\">Meta:</span> This uses div and span for layout and small inline text.</p>\n    </div>\n  </body>\n</html>\n```','https://www.youtube.com/watch?v=1Rs2ND1ryYc',2,10,0,'2026-05-15 19:47:33','2026-05-15 19:47:33',NULL,'javascript'),('c5246be6-507d-11f1-9abe-6c02e0d26821','c523bee3-507d-11f1-9abe-6c02e0d26821','Create accessible forms with labels, inputs, and fieldset','code_example',1,'Build accessible HTML forms by associating labels with inputs and grouping related controls using fieldset and legend. This lesson shows two association patternsظـزظــظ¤ش┬ظ¤ش╪شlabel with for/id and label wrappingظـزظــظ¤ش┬ظ¤ش╪شexplains why screen readers and keyboard users depend on them, and demonstrates grouping with fieldset/legend. Follow best practices for required fields and focus states. Pitfall: unlabeled inputs or incorrect for attributes break accessibility and confuse assistive technologies.','Lesson: Create accessible forms with labels, inputs, and fieldset\n\n> Note: Live JavaScript editor runs in the browser. Avoid `require`, `process`, and server startup code here.\n\nUseful Resources:\n\n- https://developer.mozilla.org/en-US/docs/Web/HTML/Element/label\n\n- https://developer.mozilla.org/en-US/docs/Web/HTML/Element/fieldset\n\n- https://developer.mozilla.org/en-US/docs/Web/HTML/Element/legend\n\n{{video: https://www.youtube.com/watch?v=7l3V7Q8q0Ic}}\n\nExample:\n\n```code\n<form>\n  <fieldset>\n    <legend>Contact</legend>\n    <label for=\"email\">Email</label>\n    <input id=\"email\" name=\"email\" type=\"email\">\n    <label>Phone <input name=\"phone\" type=\"tel\"></label>\n  </fieldset>\n</form>\n```\n\nLive Coding Task:\n\nRun the starter code, then complete the TODOs.\n\n{{starter:\nconst formHTML = ` <form id=\"signup\"> <fieldset> <legend>Account</legend> <!-- label associated via for/id --> <label for=\"username\">Username</label> <input id=\"username\" name=\"username\" /> <!-- label wrapping the input --> <label>Password <input id=\"password\" name=\"password\" /></label> <!-- unlabeled input to illustrate a pitfall --> <input id=\"noLabel\" name=\"noLabel\" /> </fieldset> </form> `; // Render the form into the document (browser-safe) document.body.innerHTML = formHTML; // Count labels that are properly associated with a control const labels = Array.from(document.querySelectorAll(\'label\')); const associated = labels.filter(label => { const forId = label.getAttribute(\'for\'); if (forId) return !!document.getElementById(forId); return !!label.querySelector(\'input,select,textarea\'); }); const count = associated.length; const output = count === 2 ? \'two labels associated\' : (count === 1 ? \'one label associated\' : `${count} labels associated`); console.log(output);\n}}\n\n{{answer: two labels associated}}','https://www.youtube.com/watch?v=7l3V7Q8q0Ic',3,15,0,'2026-05-15 19:47:33','2026-05-15 19:47:33',NULL,'javascript'),('c5254d75-507d-11f1-9abe-6c02e0d26821','c523bee3-507d-11f1-9abe-6c02e0d26821','Implement tables for tabular data with thead, tbody, tr, th, td','code_example',1,'Teach how to mark up tabular data using semantic table elements (table, caption, thead, tbody, tr, th, td). Explain why headers and grouping improve accessibility, screen-reader navigation and data interpretation. Show the correct structure and contrast it with misused tables for layout ظـزظــظ¤ش┬ظ¤ش╪ش a common pitfall that harms semantics and accessibility. Provide a live JavaScript starter that builds a sample table and logs a confirmation.','Lesson: Implement tables for tabular data with thead, tbody, tr, th, td\n\n> Note: Live JavaScript editor runs in the browser. Avoid `require`, `process`, and server startup code here.\n\nUseful Resources:\n\n- https://developer.mozilla.org/en-US/docs/Learn/HTML/Tables/Basics\n\n- https://developer.mozilla.org/en-US/docs/Web/HTML/Element/table\n\n- https://developer.mozilla.org/en-US/docs/Web/HTML/Element/caption\n\n{{video: https://www.youtube.com/watch?v=3qBXWUpoPHo}}\n\nExample:\n\n```code\n<table>\n  <caption>Monthly Sales</caption>\n  <thead>\n    <tr>\n      <th>Product</th>\n      <th>Jan</th>\n      <th>Feb</th>\n      <th>Mar</th>\n    </tr>\n  </thead>\n  <tbody>\n    <tr><td>Widget A</td><td>30</td><td>25</td><td>40</td></tr>\n    <tr><td>Widget B</td><td>20</td><td>22</td><td>18</td></tr>\n    <tr><td>Widget C</td><td>15</td><td>10</td><td>12</td></tr>\n  </tbody>\n</table>\n```\n\nLive Coding Task:\n\nRun the starter code, then complete the TODOs.\n\n{{starter:\n// Build a table with a caption, a thead, and a tbody containing 3 rows and 4 columns const table = document.createElement(\'table\'); const caption = document.createElement(\'caption\'); caption.textContent = \'Monthly Sales\'; table.appendChild(caption); const thead = document.createElement(\'thead\'); const headerRow = document.createElement(\'tr\'); [\'Product\',\'Jan\',\'Feb\',\'Mar\'].forEach(text => { const th = document.createElement(\'th\'); th.textContent = text; headerRow.appendChild(th); }); thead.appendChild(headerRow); table.appendChild(thead); const tbody = document.createElement(\'tbody\'); for (let i = 0; i < 3; i++) { const tr = document.createElement(\'tr\'); for (let j = 0; j < 4; j++) { const td = document.createElement(\'td\'); td.textContent = `r${i+1}c${j+1}`; tr.appendChild(td); } tbody.appendChild(tr); } table.appendChild(tbody); document.body.appendChild(table); // This exact string is used as the expected console output for the lesson console.log(\'table created with 3 rows and 4 columns\');\n}}\n\n{{answer: table created with 3 rows and 4 columns}}','https://www.youtube.com/watch?v=3qBXWUpoPHo',4,15,0,'2026-05-15 19:47:33','2026-05-15 19:47:33',NULL,'javascript'),('c52670e2-507d-11f1-9abe-6c02e0d26821','c523bee3-507d-11f1-9abe-6c02e0d26821','Add ARIA roles and attributes to enhance accessibility','text',0,'Learn how to add common ARIA roles and attributes to HTML (examples: role, aria-label, aria-hidden, aria-labelledby, aria-describedby, aria-live) to improve support for screen readers and other assistive technologies while preserving native element semantics. The lesson shows practical patterns, markup examples, and testing tips. You will also learn key pitfalls: donظـزظــظ¤ش┬ظـز╪زt replace semantic HTML with ARIA, avoid redundant roles, and prevent exposing hidden content unintentionally.','Lesson: Add ARIA roles and attributes to enhance accessibility\n\nUseful Resources:\n\n- https://developer.mozilla.org/en-US/docs/Web/Accessibility/ARIA\n\n- https://developer.mozilla.org/en-US/docs/Web/Accessibility/ARIA/Roles\n\n- https://developer.mozilla.org/en-US/docs/Web/Accessibility/ARIA/Attributes\n\n{{video: https://www.youtube.com/watch?v=INuS5wQYq-M}}\n\nExample:\n\n```code\n<!-- Navigation with native semantics enhanced by ARIA -->\n<nav role=\"navigation\" aria-label=\"Main menu\">\n  <ul>\n    <li><a href=\"/\">Home</a></li>\n  </ul>\n</nav>\n\n<section aria-labelledby=\"features-heading\" id=\"features\">\n  <h2 id=\"features-heading\">Features</h2>\n  <p id=\"summary\">Summary text</p>\n  <div role=\"region\" aria-describedby=\"summary\">Interactive feature details</div>\n</section>\n\n<button aria-pressed=\"false\">Toggle</button>\n<span role=\"status\" aria-live=\"polite\">No new notifications</span>\n```','https://www.youtube.com/watch?v=INuS5wQYq-M',5,10,0,'2026-05-15 19:47:33','2026-05-15 19:47:33',NULL,'javascript'),('c526c875-507d-11f1-9abe-6c02e0d26821','c526ac8d-507d-11f1-9abe-6c02e0d26821','Embed audio and video using audio and video elements','code_example',1,'Show how to embed playable audio and video using the HTML5 audio and video elements, including controls, multiple source formats, and fallback content for unsupported browsers. Students learn why providing multiple codecs and accessible fallback matters for cross-browser compatibility and accessibility. Common pitfall: forgetting controls, missing MIME types, or omitting fallback text which causes media to be inaccessible on some devices.','Lesson: Embed audio and video using audio and video elements\n\n> Note: Live JavaScript editor runs in the browser. Avoid `require`, `process`, and server startup code here.\n\nUseful Resources:\n\n- https://developer.mozilla.org/en-US/docs/Web/HTML/Element/audio\n\n- https://developer.mozilla.org/en-US/docs/Web/HTML/Element/video\n\n- https://developer.mozilla.org/en-US/docs/Web/Media/Formats\n\n{{video: https://www.youtube.com/watch?v=8R6u6pKqZ3k}}\n\nExample:\n\n```code\n<audio controls>\n  <source src=\"media/sample-audio.mp3\" type=\"audio/mpeg\">\n  <source src=\"media/sample-audio.ogg\" type=\"audio/ogg\">\n  Your browser does not support the audio element.\n</audio>\n\n<video controls width=\"640\">\n  <source src=\"media/sample-video.mp4\" type=\"video/mp4\">\n  <source src=\"media/sample-video.webm\" type=\"video/webm\">\n  Your browser does not support the video element.\n</video>\n```\n\nLive Coding Task:\n\nRun the starter code, then complete the TODOs.\n\n{{starter:\n// Create and append audio element const audio = document.createElement(\'audio\'); audio.controls = true; const audioSrc = document.createElement(\'source\'); audioSrc.src = \'media/sample-audio.mp3\'; audioSrc.type = \'audio/mpeg\'; audio.appendChild(audioSrc); audio.innerText = \'Your browser does not support the audio element.\'; document.body.appendChild(audio); // Create and append video element const video = document.createElement(\'video\'); video.controls = true; video.width = 640; const videoSrc = document.createElement(\'source\'); videoSrc.src = \'media/sample-video.mp4\'; videoSrc.type = \'video/mp4\'; video.appendChild(videoSrc); video.innerText = \'Your browser does not support the video element.\'; document.body.appendChild(video); console.log(\'audio and video elements added\');\n}}\n\n{{answer: audio and video elements added}}','https://www.youtube.com/watch?v=8R6u6pKqZ3k',1,12,0,'2026-05-15 19:47:33','2026-05-15 19:47:33',NULL,'javascript'),('c526fec3-507d-11f1-9abe-6c02e0d26821','c526ac8d-507d-11f1-9abe-6c02e0d26821','Integrate external content securely with iframe and object','code_example',1,'Learn how to embed external pages and objects safely using iframe and object tags. This lesson covers sandboxing, srcdoc, and object type/data usage plus responsive sizing strategies to preserve layout. Youظـزظــظ¤ش┬ظـز╪زll see why sandboxing reduces attack surface, how cross-origin constraints affect embedding, and pitfalls like broken layouts, blocked features, and unsafe allow tokens.','Lesson: Integrate external content securely with iframe and object\n\n> Note: Live JavaScript editor runs in the browser. Avoid `require`, `process`, and server startup code here.\n\nUseful Resources:\n\n- https://developer.mozilla.org/en-US/docs/Web/HTML/Element/iframe\n\n- https://developer.mozilla.org/en-US/docs/Web/HTML/Element/object\n\n- https://developer.mozilla.org/en-US/docs/Web/HTML/Element/iframe#attr-sandbox\n\n{{video: https://www.youtube.com/watch?v=ImwrezYhw4w}}\n\nExample:\n\n```code\n<!-- Basic iframe with sandbox and sizing -->\n<iframe src=\"https://example.com\"\n  sandbox=\"allow-scripts allow-same-origin\"\n  style=\"width:100%;max-width:800px;height:450px;border:1px solid #ccc;\">\n</iframe>\n\n<!-- Object embedding an SVG or other resource -->\n<object data=\"image.svg\" type=\"image/svg+xml\" width=\"100%\" height=\"200\"></object>\n\n<!-- Responsive iframe using aspect ratio container -->\n<div style=\"position:relative;padding-top:56.25%;\">\n  <iframe src=\"https://player.example/\" style=\"position:absolute;inset:0;width:100%;height:100%;border:0;\" sandbox></iframe>\n</div>\n```\n\nLive Coding Task:\n\nRun the starter code, then complete the TODOs.\n\n{{starter:\n/* Starter: create a sandboxed iframe and report the applied policy */ const iframe = document.createElement(\'iframe\'); iframe.id = \'demo-frame\'; iframe.src = \'about:blank\'; // Set sandbox tokens (keep canonical tokens internally) iframe.sandbox = \'allow-scripts allow-same-origin\'; iframe.style.width = \'100%\'; iframe.style.maxWidth = \'800px\'; iframe.style.height = \'400px\'; iframe.style.border = \'1px solid #ccc\'; document.body.appendChild(iframe); // Log a normalized message (demo output) console.log(\'sandbox set allow scripts allow same origin\');\n}}\n\n{{answer: sandbox set allow scripts allow same origin}}','https://www.youtube.com/watch?v=ImwrezYhw4w',2,15,0,'2026-05-15 19:47:33','2026-05-15 19:47:33',NULL,'javascript'),('c5273473-507d-11f1-9abe-6c02e0d26821','c526ac8d-507d-11f1-9abe-6c02e0d26821','Use picture and srcset to deliver responsive images','code_example',1,'Learn how to use the picture element and the img srcset/sizes attributes to provide multiple image sources and format choices so browsers can select optimal images for different viewport widths and device pixel ratios. This improves performance and visual quality while reducing bandwidth. Pitfall: incorrect width descriptors or sizes values lead to wrong selections or extra downloadsظـزظــظ¤ش┬ظ¤ش╪شalways test across DPRs and viewports.','Lesson: Use picture and srcset to deliver responsive images\n\n> Note: Live JavaScript editor runs in the browser. Avoid `require`, `process`, and server startup code here.\n\nUseful Resources:\n\n- https://developer.mozilla.org/en-US/docs/Web/HTML/Element/picture\n\n- https://developer.mozilla.org/en-US/docs/Web/HTML/Element/img#attr-srcset\n\n- https://developer.mozilla.org/en-US/docs/Web/HTML/Element/img#attr-sizes\n\n{{video: https://www.youtube.com/watch?v=H8uF9YQ2ZKs}}\n\nExample:\n\n```code\n<picture>\n  <source\n    type=\"image/webp\"\n    srcset=\"hero-800w.webp 800w, hero-1600w.webp 1600w, hero-3200w.webp 3200w\"\n    sizes=\"(max-width: 600px) 100vw, 50vw\">\n  <source\n    srcset=\"hero-800w.jpg 800w, hero-1600w.jpg 1600w, hero-3200w.jpg 3200w\"\n    sizes=\"(max-width: 600px) 100vw, 50vw\">\n  <img src=\"hero-1600w.jpg\" alt=\"Hero image showing product\">\n</picture>\n```\n\nLive Coding Task:\n\nRun the starter code, then complete the TODOs.\n\n{{starter:\nconst srcset = [ { url: \'hero-800w.jpg\', w: 800 }, { url: \'hero-1600w.jpg\', w: 1600 }, { url: \'hero-3200w.jpg\', w: 3200 } ]; function chooseFor(dpr, cssWidth) { const needed = dpr * cssWidth; // device pixel ratio times CSS display width let chosen = srcset[srcset.length - 1]; for (const c of srcset) { if (c.w >= needed) { chosen = c; break; } } // normalize to a simple lowercase label without punctuation for this lesson\'s output return chosen.url.replace(/\\./g, \' \').replace(/-/g, \' \').toLowerCase(); } // Assume a device pixel ratio of 2 and a CSS display width of 800px console.log(chooseFor(2, 800));\n}}\n\n{{answer: hero 1600w jpg}}','https://www.youtube.com/watch?v=H8uF9YQ2ZKs',3,12,0,'2026-05-15 19:47:33','2026-05-15 19:47:33',NULL,'javascript'),('c5281185-507d-11f1-9abe-6c02e0d26821','c526ac8d-507d-11f1-9abe-6c02e0d26821','Optimize images with attributes (alt, width/height, loading=\'lazy\')','code_example',1,'Learn to optimize images by adding descriptive alt text, explicit width and height attributes, and native lazy loading. This lesson explains what each attribute does, why specifying dimensions prevents layout shifts and improves CLS, and how lazy loading defers offscreen images to speed page load. Beware: incorrect widths can distort images and redundant or empty alt text harms accessibilityظـزظــظ¤ش┬ظ¤ش╪شfollow size, aspect ratio, and meaningful alt text best practices.','Lesson: Optimize images with attributes (alt, width/height, loading=\'lazy\')\n\n> Note: Live JavaScript editor runs in the browser. Avoid `require`, `process`, and server startup code here.\n\nUseful Resources:\n\n- https://developer.mozilla.org/en-US/docs/Web/Performance/Lazy_loading\n\n- https://developer.mozilla.org/en-US/docs/Learn/HTML/Multimedia_and_embedding/Responsive_images\n\n{{video: https://www.youtube.com/watch?v=3w0J3qY0bSE}}\n\nExample:\n\n```code\n<!-- Example HTML showing optimized image attributes -->\n<img\n  src=\"photo.jpg\"\n  alt=\"mountain sunrise\"\n  width=\"800\"\n  height=\"600\"\n  loading=\"lazy\"\n>\n<!-- Specify real intrinsic image sizes to avoid layout shifts and use meaningful alt text -->\n```\n\nLive Coding Task:\n\nRun the starter code, then complete the TODOs.\n\n{{starter:\n// This script creates an image element, sets common optimization attributes, // and prints a single-line summary to the console. const img = document.createElement(\'img\'); img.src = \'photo.jpg\'; img.alt = \'mountain sunrise\'; img.width = 800; img.height = 600; img.loading = \'lazy\'; const output = `alt ${img.alt} width ${img.width} height ${img.height} loading ${img.loading}`; console.log(output);\n}}\n\n{{answer: alt mountain sunrise width 800 height 600 loading lazy}}','https://www.youtube.com/watch?v=3w0J3qY0bSE',4,15,0,'2026-05-15 19:47:33','2026-05-15 19:47:33',NULL,'javascript'),('c5289926-507d-11f1-9abe-6c02e0d26821','c526ac8d-507d-11f1-9abe-6c02e0d26821','Link and preload resources with link, script, and rel attributes','code_example',1,'Learn to include and hint resource loading using link rel values (preload, prefetch, stylesheet) and script attributes (defer, async). This lesson explains when and why to use each hint to improve performance, how to set as/type correctly, and best practices for script placement. Pitfall: incorrect as values, redundant preloads, or overusing async/defer can break execution order or waste bandwidthظـزظــظ¤ش┬ظ¤ش╪شuse hints sparingly for critical assets only.','Lesson: Link and preload resources with link, script, and rel attributes\n\n> Note: Live JavaScript editor runs in the browser. Avoid `require`, `process`, and server startup code here.\n\nUseful Resources:\n\n- https://developer.mozilla.org/en-US/docs/Web/HTML/Link_types/preload\n\n- https://developer.mozilla.org/en-US/docs/Web/HTML/Element/script\n\n{{video: https://www.youtube.com/watch?v=3cH1cBq8mvs}}\n\nExample:\n\n```code\n<!doctype html>\n<html lang=\"en\">\n<head>\n  <meta charset=\"utf-8\">\n  <!-- hint the browser to fetch a critical stylesheet early -->\n  <link rel=\"preload\" href=\"/css/styles.css\" as=\"style\">\n  <!-- hint for probable next navigation -->\n  <link rel=\"prefetch\" href=\"/js/next-page.js\">\n  <!-- place non-blocking scripts in head with defer -->\n  <script src=\"/js/lib.js\" defer></script>\n</head>\n<body>\n  <!-- critical inline script remains blocking if necessary -->\n  <script>\n    console.log(\'critical inline behavior\');\n  </script>\n  <script src=\"/js/app.js\" defer></script>\n</body>\n</html>\n```\n\nLive Coding Task:\n\nRun the starter code, then complete the TODOs.\n\n{{starter:\nconsole.log(\'preload hint applied\'); console.log(\'inline script executed\'); setTimeout(() => { console.log(\'deferred script executed\'); }, 0); if (document.readyState === \'loading\') { document.addEventListener(\'DOMContentLoaded\', () => { console.log(\'dom content loaded\'); }); } else { console.log(\'dom content loaded\'); }\n}}\n\n{{answer: preload hint applied inline script executed dom content loaded deferred script executed}}','https://www.youtube.com/watch?v=3cH1cBq8mvs',5,15,0,'2026-05-15 19:47:33','2026-05-15 19:47:33',NULL,'javascript'),('c52908c9-507d-11f1-9abe-6c02e0d26821','c528e565-507d-11f1-9abe-6c02e0d26821','Create form controls: text, password, checkbox, radio, select, textarea','code_example',1,'Assemble common HTML form controls ظـزظــظ¤ش┬ظ¤ش╪ش text, password, checkbox, radio, select, and textarea ظـزظــظ¤ش┬ظ¤ش╪ش and learn when each is appropriate. Why: choosing the right control improves user experience, semantics, and data quality. Pitfall: missing name attributes, poor label associations, or mismatched types break accessibility and submissions; also rely on server-side validation since client-side checks can be bypassed.','Lesson: Create form controls: text, password, checkbox, radio, select, textarea\n\n> Note: Live JavaScript editor runs in the browser. Avoid `require`, `process`, and server startup code here.\n\nUseful Resources:\n\n- https://developer.mozilla.org/en-US/docs/Learn/Forms/Introduction_to_forms\n\n- https://developer.mozilla.org/en-US/docs/Web/HTML/Element/input\n\n- https://developer.mozilla.org/en-US/docs/Learn/Forms/How_to_structure_a_web_form_for_accessibility\n\nExample:\n\n```code\n<form>\n  <label>Name: <input type=\"text\" name=\"name\"></label>\n  <label>Password: <input type=\"password\" name=\"password\"></label>\n  <label><input type=\"checkbox\" name=\"newsletter\"> Subscribe</label>\n  <fieldset>\n    <legend>Gender</legend>\n    <label><input type=\"radio\" name=\"gender\" value=\"female\"> Female</label>\n    <label><input type=\"radio\" name=\"gender\" value=\"male\"> Male</label>\n  </fieldset>\n  <label>Color:\n    <select name=\"color\">\n      <option value=\"red\">Red</option>\n      <option value=\"green\">Green</option>\n    </select>\n  </label>\n  <label>Comments: <textarea name=\"comments\"></textarea></label>\n</form>\n```\n\nLive Coding Task:\n\nRun the starter code, then complete the TODOs.\n\n{{starter:\n// build form const formHtml = ` <form id=\"demoForm\"> <label> Name <input name=\"name\" type=\"text\" value=\"alice\"></label> <label> Password <input name=\"password\" type=\"password\" value=\"secret\"></label> <label> Newsletter <input name=\"newsletter\" type=\"checkbox\" checked></label> <fieldset> <legend>Gender</legend> <label><input name=\"gender\" type=\"radio\" value=\"female\" checked> Female</label> <label><input name=\"gender\" type=\"radio\" value=\"male\"> Male</label> </fieldset> <label>Color <select name=\"color\"> <option value=\"red\">Red</option> <option value=\"green\" selected>Green</option> </select> </label> <label>Comments <textarea name=\"comments\">hello</textarea> </label> <button type=\"submit\">Send</button> </form> `; document.body.innerHTML = formHtml; document.getElementById(\'demoForm\').addEventListener(\'submit\', function(e) { e.preventDefault(); const f = e.target; const data = { name: f.name.value, password: f.password.value, newsletter: f.newsletter.checked ? \'checked\' : \'unchecked\', gender: f.gender.value, color: f.color.value, comments: f.comments.value.trim() }; console.log(`form submitted name ${data.name} password ${data.password} newsletter ${data.newsletter} gender ${data.gender} color ${data.color} comments ${data.comments}`); }); document.getElementById(\'demoForm\').requestSubmit();\n}}\n\n{{answer: form submitted name alice password secret newsletter checked gender female color green comments hello}}',NULL,1,15,0,'2026-05-15 19:47:33','2026-05-15 19:47:33',NULL,'javascript'),('c5296959-507d-11f1-9abe-6c02e0d26821','c528e565-507d-11f1-9abe-6c02e0d26821','Use semantic input types (email, url, number, date) for improved UX','code_example',1,'Choose semantic input typesظـزظــظ¤ش┬ظ¤ش╪شemail, url, number, and dateظـزظــظ¤ش┬ظ¤ش╪شto enable native keyboards, pickers, and built-in validation that improve accessibility and mobile UX. This lesson shows practical selection criteria, HTML patterns, and a live example that leverages browser constraints. Learn common pitfalls: browsersظـزظــظ¤ش┬ظـز╪ز validations are helpful but inconsistent, so combine semantic types with explicit checks and friendly messages to avoid false security assumptions or poor cross-browser behavior.','Lesson: Use semantic input types (email, url, number, date) for improved UX\n\n> Note: Live JavaScript editor runs in the browser. Avoid `require`, `process`, and server startup code here.\n\nUseful Resources:\n\n- https://developer.mozilla.org/en-US/docs/Web/HTML/Element/input#attr-type\n\n- https://developer.mozilla.org/en-US/docs/Learn/Forms/Form_validation\n\nExample:\n\n```code\n<form id=\"contact\">\n  <label>Email: <input type=\"email\" name=\"email\" required></label>\n  <label>Website: <input type=\"url\" name=\"website\" required></label>\n  <label>Age: <input type=\"number\" name=\"age\" min=\"1\" max=\"120\" required></label>\n  <label>Appointment: <input type=\"date\" name=\"appointment\" required></label>\n  <button type=\"submit\">Submit</button>\n</form>\n```\n\nLive Coding Task:\n\nRun the starter code, then complete the TODOs.\n\n{{starter:\n// Insert a small form with semantic input types and set valid values document.body.innerHTML = ` <form id=\"contact\"> <label>Email: <input type=\"email\" id=\"email\" required></label> <label>Website: <input type=\"url\" id=\"site\" required></label> <label>Age: <input type=\"number\" id=\"age\" min=\"1\" max=\"120\" required></label> <label>Appointment: <input type=\"date\" id=\"appt\" required></label> </form> `; const form = document.getElementById(\'contact\'); // Populate with valid example values document.getElementById(\'email\').value = \'user@example.com\'; document.getElementById(\'site\').value = \'https://example.com\'; document.getElementById(\'age\').value = \'30\'; document.getElementById(\'appt\').value = \'2025-01-01\'; // Use the browser\'s built-in validity check if (form.checkValidity()) { console.log(\'form valid\'); } else { console.log(\'form invalid\'); }\n}}\n\n{{answer: form valid}}',NULL,2,15,0,'2026-05-15 19:47:33','2026-05-15 19:47:33',NULL,'javascript'),('c529c04f-507d-11f1-9abe-6c02e0d26821','c528e565-507d-11f1-9abe-6c02e0d26821','Build accessible forms: associate labels, legends, placeholders, and tabindex','code_example',1,'Show how to make forms navigable and understandable by associating label elements with inputs, grouping related fields with fieldset and legend, providing helpful placeholders, and controlling tab order with tabindex. Learn why explicit labels improve screen-reader semantics and how groupings communicate structure. Pitfall: using placeholders as sole labels or non-sequential tabindex values that break predictable keyboard navigation.','Lesson: Build accessible forms: associate labels, legends, placeholders, and tabindex\n\n> Note: Live JavaScript editor runs in the browser. Avoid `require`, `process`, and server startup code here.\n\nUseful Resources:\n\n- https://developer.mozilla.org/en-US/docs/Web/HTML/Global_attributes/tabindex\n\n{{video: https://www.youtube.com/watch?v=8t0DLm1T2iI}}\n\nExample:\n\n```code\n<form>\n  <fieldset>\n    <legend>Contact info</legend>\n    <label for=\"name\">Full name</label>\n    <input id=\"name\" name=\"name\" placeholder=\"Jane Doe\" tabindex=\"1\">\n    <label>Email\n      <input type=\"email\" name=\"email\" placeholder=\"you@example.com\" tabindex=\"2\">\n    </label>\n    <button type=\"submit\" tabindex=\"3\">Send</button>\n  </fieldset>\n</form>\n```\n\nLive Coding Task:\n\nRun the starter code, then complete the TODOs.\n\n{{starter:\n// Insert an accessible form into the page and count focusable elements const formHtml = ` <form id=\"contact\"> <fieldset> <legend>Contact information</legend> <label for=\"name\">Full name</label> <input id=\"name\" name=\"name\" placeholder=\"Jane Doe\" tabindex=\"1\"> <label>Email <input type=\"email\" name=\"email\" placeholder=\"you@example.com\" tabindex=\"2\"> </label> <label for=\"subscribe\">Subscribe</label> <input id=\"subscribe\" type=\"checkbox\" name=\"subscribe\" tabindex=\"3\"> <label for=\"message\">Message</label> <textarea id=\"message\" name=\"message\" placeholder=\"Your message\" tabindex=\"4\"></textarea> <button type=\"submit\" tabindex=\"5\">Send</button> </fieldset> </form> `; document.body.innerHTML = formHtml; const focusable = document.querySelectorAll( \'a[href], button, input, textarea, select, [tabindex]:not([tabindex=\"-1\"])\' ); console.log(\'focusable elements \' + focusable.length);\n}}\n\n{{answer: focusable elements 5}}','https://www.youtube.com/watch?v=8t0DLm1T2iI',3,15,0,'2026-05-15 19:47:33','2026-05-15 19:47:33',NULL,'javascript'),('c52a2951-507d-11f1-9abe-6c02e0d26821','c528e565-507d-11f1-9abe-6c02e0d26821','Implement client-side validation with required, pattern, minlength, and maxlength','code_example',1,'This lesson demonstrates using HTML validation attributes required, pattern, minlength, and maxlength to enforce input constraints before form submission. You will learn practical attribute usage, crafting patterns for common formats, and combining length limits for better UX. Why: reduces invalid submissions and gives immediate feedback. Pitfall: client-side checks are convenient but can be bypassed ظـزظــظ¤ش┬ظ¤ش╪ش always validate on the server and test edge-case patterns.','Lesson: Implement client-side validation with required, pattern, minlength, and maxlength\n\n> Note: Live JavaScript editor runs in the browser. Avoid `require`, `process`, and server startup code here.\n\nUseful Resources:\n\n- https://developer.mozilla.org/en-US/docs/Web/HTML/Attributes/pattern\n\n{{video: https://www.youtube.com/watch?v=3ydv7p9tGvI}}\n\nExample:\n\n```code\n<form id=\"signup\">\n  <label>\n    Username\n    <input name=\"username\" required minlength=\"3\" maxlength=\"15\">\n  </label>\n\n<label>\n    Email\n    <input name=\"email\" type=\"email\" required pattern=\"^[a-zA-Z0-9._%+-]+@[a-zA-Z0-9.-]+\\.[a-zA-Z]{2,}$\">\n  </label>\n\n<label>\n    Code (3 digits)\n    <input name=\"code\" pattern=\"^\\d{3}$\" minlength=\"3\" maxlength=\"3\" required>\n  </label>\n\n<button type=\"submit\">Submit</button>\n</form>\n```\n\nLive Coding Task:\n\nRun the starter code, then complete the TODOs.\n\n{{starter:\ndocument.addEventListener(\'DOMContentLoaded\', function() { var form = document.getElementById(\'signup\'); form.addEventListener(\'submit\', function(event) { event.preventDefault(); if (form.checkValidity()) { console.log(\'form valid\'); } else { console.log(\'form invalid\'); form.reportValidity(); } }); });\n}}\n\n{{answer: form valid}}','https://www.youtube.com/watch?v=3ydv7p9tGvI',4,15,0,'2026-05-15 19:47:33','2026-05-15 19:47:33',NULL,'javascript'),('c52a8299-507d-11f1-9abe-6c02e0d26821','c528e565-507d-11f1-9abe-6c02e0d26821','Handle file inputs and understand multipart/form-data basics','code_example',1,'Show how to add file upload controls, set the required form attributes, and use FormData on the client to prepare multipart/form-data submissions. Learn why enctype matters for files, how to accept single or multiple files, and how to avoid common pitfalls like forgetting enctype or relying solely on input filenames. Includes a short JS example demonstrating programmatic File creation and form data assembly.','Lesson: Handle file inputs and understand multipart/form-data basics\n\n> Note: Live JavaScript editor runs in the browser. Avoid `require`, `process`, and server startup code here.\n\nUseful Resources:\n\n- https://developer.mozilla.org/en-US/docs/Web/HTML/Element/input/file\n\n- https://developer.mozilla.org/en-US/docs/Web/API/FormData\n\n- https://developer.mozilla.org/en-US/docs/Web/HTML/Element/form#attr-enctype\n\n{{video: https://www.youtube.com/watch?v=3IStx12b5yA}}\n\nExample:\n\n```code\n<!-- Minimal form with file input and JS to build FormData -->\n<form id=\"uploadForm\" enctype=\"multipart/form-data\">\n  <input id=\"fileInput\" name=\"file\" type=\"file\" multiple>\n  <button type=\"submit\">Upload</button>\n</form>\n\n<script>\n  const form = document.getElementById(\'uploadForm\');\n  form.addEventListener(\'submit\', event => {\n    event.preventDefault();\n    const fd = new FormData(form); // will include file(s) when enctype is correct\n    for (const [name, value] of fd.entries()) {\n      console.log(name, value.name || value);\n    }\n  });\n</script>\n```\n\nLive Coding Task:\n\nRun the starter code, then complete the TODOs.\n\n{{starter:\n// create a file object and append it to a FormData instance const file = new File([\'hello world\'], \'exampletxt\', { type: \'text/plain\' }); const fd = new FormData(); fd.append(\'file\', file); const uploaded = fd.get(\'file\'); console.log(uploaded.name);\n}}\n\n{{answer: exampletxt}}','https://www.youtube.com/watch?v=3IStx12b5yA',5,15,0,'2026-05-15 19:47:33','2026-05-15 19:47:33',NULL,'javascript'),('ced9a220-5066-11f1-9abe-6c02e0d26821','ced93aab-5066-11f1-9abe-6c02e0d26821','Install Node.js and scaffold an Express project','mixed',0,'Walk through initializing a new Express project: install Node, run npm init, add Express, and create a minimal reproducible folder structure (package.json, src/index.js, .gitignore). This lesson shows best-practice commands, why reproducible scaffolding matters for collaboration and deployments, and a common pitfall: committing node_modules or missing the correct main entry in package.json which breaks npm start. It also demonstrates adding npm scripts and devDependencies like nodemon to speed development.','Lesson: Install Node.js and scaffold an Express project\n\n> Note: Live JavaScript editor runs in the browser. Avoid `require`, `process`, and server startup code here.\n\nUseful Resources:\n\n- https://nodejs.org/en/download/\n\n- https://expressjs.com/en/starter/installing.html\n\n- https://developer.mozilla.org/en-US/docs/Learn/Server-side/Express_Nodejs/Introduction\n\n{{video: https://www.youtube.com/watch?v=L72fhGm1tfE}}\n\nLive Coding Task:\n\nRun the starter code, then complete the TODOs.\n','https://www.youtube.com/watch?v=L72fhGm1tfE',1,15,1,'2026-05-15 17:03:11','2026-05-23 16:37:19',NULL,'javascript'),('cedb8d71-5066-11f1-9abe-6c02e0d26821','ced93aab-5066-11f1-9abe-6c02e0d26821','Initialize an Express server and manage environments','mixed',0,'Initialize an Express server and manage environment variables for correct development and production behavior. This lesson shows how to read NODE_ENV and PORT, choose sensible defaults, and conditionally load .env in development. It explains why separating environment configs improves security and performance and highlights pitfalls: missing PORT defaults (resulting in undefined), misreading NODE_ENV casing, and accidentally committing .envظـزظــظ¤ش┬ظ¤ش╪شkeep secrets out of source control.','Lesson: Initialize an Express server and manage environments\n\n> Note: Live JavaScript editor runs in the browser. Avoid `require`, `process`, and server startup code here.\n\nUseful Resources:\n\n- https://expressjs.com/en/starter/hello-world.html\n\n- https://nodejs.org/api/process.html#process_process_env\n\n- https://nodejs.org/en/knowledge/command-line/how-to-read-environment-variables/\n\n{{video: https://www.youtube.com/watch?v=L72fhGm1tfE}}\n\nLive Coding Task:\n\nRun the starter code, then complete the TODOs.\n\n','https://www.youtube.com/watch?v=L72fhGm1tfE',2,15,1,'2026-05-15 17:03:11','2026-05-23 16:31:23',NULL,'javascript'),('cedbda52-5066-11f1-9abe-6c02e0d26821','ced93aab-5066-11f1-9abe-6c02e0d26821','Define routes using express.Router and modularize endpoints','mixed',0,'Create modular route modules with express.Router and mount them to the main app to keep endpoints organized and maintainable. Learn how separating routers improves testability and team ownership while keeping app.js small. Watch out for common pitfalls: forgetting to export the router, mounting in the wrong order, or applying middleware at the wrong level which can make routes unreachable.','Lesson: Define routes using express.Router and modularize endpoints\n\n> Note: Live JavaScript editor runs in the browser. Avoid `require`, `process`, and server startup code here.\n\nUseful Resources:\n\n- https://expressjs.com/en/guide/routing.html\n\n- https://expressjs.com/en/4x/api.html#router\n\n- https://nodejs.org/api/http.html\n\n{{video: https://www.youtube.com/watch?v=l8WPWK9mS5M}}\n\nLive Coding Task:\n\nRun the starter code, then complete the TODOs.\n','https://www.youtube.com/watch?v=l8WPWK9mS5M',3,15,1,'2026-05-15 17:03:11','2026-05-23 16:31:38',NULL,'javascript'),('cedc4214-5066-11f1-9abe-6c02e0d26821','ced93aab-5066-11f1-9abe-6c02e0d26821','Handle route and query parameters in handlers','text',0,'Learn to extract, validate, and use route (req.params) and query (req.query) parameters inside Express request handlers. This lesson shows practical patterns for defaulting, parsing types, and guarding against invalid input to avoid runtime errors and security issues. You\'ll also see a common pitfall: treating query values as numbers without validation, which leads to unexpected NaN behavior. Follow the example to implement robust parameter handling.','Lesson: Handle route and query parameters in handlers\n\n> Note: Live JavaScript editor runs in the browser. Avoid `require`, `process`, and server startup code here.\n\nUseful Resources:\n\n- https://expressjs.com/en/4x/api.html#req.params\n\n- https://expressjs.com/en/4x/api.html#req.query\n\n- https://developer.mozilla.org/en-US/docs/Web/API/URLSearchParams\n\n',NULL,4,15,1,'2026-05-15 17:03:11','2026-05-23 16:37:29',NULL,'javascript'),('cedca602-5066-11f1-9abe-6c02e0d26821','ced93aab-5066-11f1-9abe-6c02e0d26821','Apply built-in middleware for static files and request logging','mixed',0,'Learn to serve static assets and add basic request logging in Express by combining express.static with simple logger middleware. This lesson shows what built-in static handling does, why lightweight logging helps development, and a common pitfall: ordering middleware ظـزظــظ¤ش┬ظ¤ش╪ش static must be mounted before or after logging depending on whether you want logs for static requests. Practice with a small simulated example to see console output and flow.','Lesson: Apply built-in middleware for static files and request logging\n\n> Note: Live JavaScript editor runs in the browser. Avoid `require`, `process`, and server startup code here.\n\nUseful Resources:\n\n- https://expressjs.com/en/starter/static-files.html\n\n- https://expressjs.com/en/guide/writing-middleware.html\n\n- https://nodejs.org/en/docs/guides/anatomy-of-an-http-transaction/\n\n{{video: https://www.youtube.com/watch?v=gnsO8-xJ8rs}}\n\n','https://www.youtube.com/watch?v=gnsO8-xJ8rs',5,12,1,'2026-05-15 17:03:11','2026-05-23 16:37:25',NULL,'javascript'),('cedfe8c0-5066-11f1-9abe-6c02e0d26821','cedd13cc-5066-11f1-9abe-6c02e0d26821','Parse JSON and URL-encoded bodies with express.json and express.urlencoded','text',0,'Configure Express to parse application/json and application/x-www-form-urlencoded bodies using express.json and express.urlencoded, enabling req.body for downstream handlers. Learn why proper order and error handling matter (e.g., invalid JSON or large payloads) and a common pitfall: middleware order and duplicate parsing leading to unexpected values. Includes safe parsing patterns and how to surface parsing errors to clients.','Lesson: Parse JSON and URL-encoded bodies with express.json and express.urlencoded\n\n> Note: Live JavaScript editor runs in the browser. Avoid `require`, `process`, and server startup code here.\n\nUseful Resources:\n\n- https://expressjs.com/en/api.html#express.json\n\n- https://expressjs.com/en/api.html#express.urlencoded\n',NULL,1,15,1,'2026-05-15 17:03:11','2026-05-23 16:37:54',NULL,'javascript'),('cee033ea-5066-11f1-9abe-6c02e0d26821','cedd13cc-5066-11f1-9abe-6c02e0d26821','Handle file uploads using multer middleware','mixed',0,'Learn how to accept and process multipart/form-data uploads securely using multer in Express. This lesson covers configuring storage (disk vs memory), setting field limits and file filters, handling single, array, and multiple-field uploads, and streaming large files to cloud storage. Why: reduce attack surface and avoid blocking the event loop. Pitfalls: trusting client filenames, missing size/type limits, and synchronous disk operations.','Lesson: Handle file uploads using multer middleware\n\nUseful Resources:\n\n- https://github.com/expressjs/multer\n\n- https://developer.mozilla.org/en-US/docs/Web/API/FormData\n\n- https://nodejs.org/api/stream.html\n\n{{video: https://www.youtube.com/watch?v=Z1ktxiqyiLA}}','https://www.youtube.com/watch?v=Z1ktxiqyiLA',2,10,1,'2026-05-15 17:03:11','2026-05-23 16:38:04',NULL,'javascript'),('cee08058-5066-11f1-9abe-6c02e0d26821','cedd13cc-5066-11f1-9abe-6c02e0d26821','Validate and sanitize incoming data with express-validator','mixed',0,'Use validation and sanitization chains to enforce request shape and return clear, consistent validation errors. This lesson demonstrates defining checks, trimming and normalizing fields, and producing structured error responses so clients can correct input. Why: prevents malformed data from reaching business logic and DB. Pitfall: relying only on client-side checks or forgetting sanitization which causes inconsistent stored values and subtle bugs.','Lesson: Validate and sanitize incoming data with express-validator\n\nUseful Resources:\n\n- https://expressjs.com/en/guide/using-middleware.html\n\n- https://expressjs.com/en/4x/api.html#req\n\n- https://developer.mozilla.org/en-US/docs/Glossary/HTTP_status_code\n\n{{video: https://www.youtube.com/watch?v=1tRLveSyNz8}}','https://www.youtube.com/watch?v=1tRLveSyNz8',3,15,1,'2026-05-15 17:03:11','2026-05-23 16:38:12',NULL,'javascript'),('cee0ae47-5066-11f1-9abe-6c02e0d26821','cedd13cc-5066-11f1-9abe-6c02e0d26821','Implement centralized error handling middleware','mixed',0,'Implement a centralized Express error-handling middleware to capture errors from routes and middleware, normalize responses, and return consistent JSON to API clients. This lesson demonstrates wiring an error handler (must accept err, req, res, next), why consistent error shape aids client handling and logging, and the common pitfall: defining the handler without the err parameter or failing to call next(err), which prevents Express from invoking your centralized handler.','Lesson: Implement centralized error handling middleware\n\n> Note: Live JavaScript editor runs in the browser. Avoid `require`, `process`, and server startup code here.\n\nUseful Resources:\n\n- https://expressjs.com/en/guide/error-handling.html\n\n- https://nodejs.org/api/errors.html\n\n{{video: https://www.youtube.com/watch?v=PkZNo7MFNFg}}\n\n','https://www.youtube.com/watch?v=PkZNo7MFNFg',4,15,1,'2026-05-15 17:03:11','2026-05-23 16:38:26',NULL,'javascript'),('cee143ff-5066-11f1-9abe-6c02e0d26821','cee1053e-5066-11f1-9abe-6c02e0d26821','Connect to MongoDB with Mongoose and define schemas','mixed',0,'Learn how to connect an Express app to MongoDB using Mongoose, define schemas and models, and perform basic create/find operations. This lesson shows why schemas enforce consistent data shapes and simplify querying, and demonstrates a minimal workflow to verify a connection and model usage. Pitfall: avoid assuming connection successظـزظــظ¤ش┬ظ¤ش╪شalways handle async connection errors and validate schemas to prevent inconsistent documents.','Lesson: Connect to MongoDB with Mongoose and define schemas\n\n> Note: Live JavaScript editor runs in the browser. Avoid `require`, `process`, and server startup code here.\n\nUseful Resources:\n\n- https://developer.mozilla.org/en-US/docs/Web/JavaScript/Reference/Global_Objects/Promise\n\n- https://expressjs.com/en/guide/database-integration.html\n\n- https://nodejs.org/api/util.html#utilpromisifyoriginal\n\n{{video: https://www.youtube.com/watch?v=WDrU305J1yw}}\n\n','https://www.youtube.com/watch?v=WDrU305J1yw',1,15,1,'2026-05-15 17:03:11','2026-05-23 16:38:40',NULL,'javascript'),('cee1a0a5-5066-11f1-9abe-6c02e0d26821','cee1053e-5066-11f1-9abe-6c02e0d26821','Implement CRUD endpoints following REST principles','text',0,'Implement RESTful CRUD endpoints that map HTTP verbs to resource actions, return appropriate status codes, and follow URL conventions. This lesson shows how to design create, read, update, and delete handlers, choose 201/200/204/404 codes correctly, and structure endpoints for clarity. Learn why consistent responses and idempotency matter, and beware common pitfalls: using wrong status codes, ignoring idempotency for PUT, or returning bodies with 204 responses.','Lesson: Implement CRUD endpoints following REST principles\n\n> Note: Live JavaScript editor runs in the browser. Avoid `require`, `process`, and server startup code here.\n\nUseful Resources:\n\n- https://developer.mozilla.org/en-US/docs/Web/HTTP/Status\n\n- https://expressjs.com/en/api.html#res.status\n',NULL,2,15,1,'2026-05-15 17:03:11','2026-05-23 16:38:53',NULL,'javascript'),('cee20b17-5066-11f1-9abe-6c02e0d26821','cee1053e-5066-11f1-9abe-6c02e0d26821','Handle asynchronous errors and use transactions with Mongoose','mixed',0,'Learn how to handle async/await errors in Express route handlers and use Mongoose-style transactions to keep multi-document operations consistent. This lesson shows the why: unhandled promises break routes and cause partial writes, and the how: structured try/catch, returning errors to next(), and transaction patterns to commit or rollback. Pitfall: forgetting to await a session or to abort on failure can leave inconsistent database state.','Lesson: Handle asynchronous errors and use transactions with Mongoose\n\n> Note: Live JavaScript editor runs in the browser. Avoid `require`, `process`, and server startup code here.\n\nUseful Resources:\n\n- https://developer.mozilla.org/en-US/docs/Web/JavaScript/Reference/Statements/async_function\n\n{{video: https://www.youtube.com/watch?v=2aAqZ9Q2V1Q}}\n\n','https://www.youtube.com/watch?v=2aAqZ9Q2V1Q',3,12,1,'2026-05-15 17:03:11','2026-05-23 16:39:04',NULL,'javascript'),('cee27818-5066-11f1-9abe-6c02e0d26821','cee246fd-5066-11f1-9abe-6c02e0d26821','Authenticate users with JSON Web Tokens (JWT)','mixed',0,'Learn to issue, verify, and refresh JSON Web Tokens (JWTs) in Express APIs using browser-safe Web Crypto calls. This lesson demonstrates creating an HS256 JWT, verifying its signature, and the basic refresh pattern for long-lived sessions. Why: JWTs enable stateless authentication across services. Pitfall: cryptographic mistakes and insecure secret handling ظـزظــظ¤ش┬ظ¤ش╪ش always use HTTPS, rotate secrets, and validate algorithm and exp claims server-side.','Lesson: Authenticate users with JSON Web Tokens (JWT)\n\n> Note: Live JavaScript editor runs in the browser. Avoid `require`, `process`, and server startup code here.\n\nUseful Resources:\n\n- https://developer.mozilla.org/en-US/docs/Web/API/Web_Crypto_API\n\n- https://expressjs.com/\n\n- https://nodejs.org/api/crypto.html\n\n{{video: https://www.youtube.com/watch?v=7Q17ubqLfaM}}\n','https://www.youtube.com/watch?v=7Q17ubqLfaM',1,15,1,'2026-05-15 17:03:11','2026-05-23 16:39:20',NULL,'javascript'),('cee2df18-5066-11f1-9abe-6c02e0d26821','cee246fd-5066-11f1-9abe-6c02e0d26821','Authorize requests using role-based access control middleware','mixed',0,'Implement middleware that enforces role- or permission-based access to routes. This lesson shows a compact authorize middleware factory for Express-style apps, why centralizing RBAC in middleware simplifies route logic and reduces duplication, and the common pitfall of trusting client-provided role data or forgetting to attach authenticated user info to req. You\'ll simulate requests to verify allow/deny behavior and learn safe checks to prevent elevation','Lesson: Authorize requests using role-based access control middleware\n\n> Note: Live JavaScript editor runs in the browser. Avoid `require`, `process`, and server startup code here.\n\nUseful Resources:\n\n- https://developer.mozilla.org/en-US/docs/Web/HTTP/Authentication\n\n{{video: https://www.youtube.com/watch?v=fBNz5xF-Kx4}}\n','https://www.youtube.com/watch?v=fBNz5xF-Kx4',2,15,1,'2026-05-15 17:03:11','2026-05-23 16:39:34',NULL,'javascript'),('cee31769-5066-11f1-9abe-6c02e0d26821','cee246fd-5066-11f1-9abe-6c02e0d26821','Harden APIs with Helmet, CORS, and Rate Limiting','text',0,'Apply Helmet headers, enforce CORS policies, and add rate limiting to harden your Express APIs. This lesson shows what each middleware does, why they reduce common attacks (XSS, clickjacking, cross-origin abuse, brute-force), and a simulated example to avoid environment-specific issues. Watch for misconfigured CORS (too-permissive origins) and overly strict rate limits that block legitimate clientsظـزظــظ¤ش┬ظ¤ش╪شcommon pitfalls covered with practical guidance and a runnable simulation.','Lesson: Harden APIs with Helmet, CORS, and Rate Limiting\n\n> Note: Live JavaScript editor runs in the browser. Avoid `require`, `process`, and server startup code here.\n\nUseful Resources:\n\n- https://expressjs.com/en/advanced/best-practice-security.html\n\n- https://developer.mozilla.org/en-US/docs/Web/HTTP/CORS\n\n- https://nodejs.org/en/docs/guides/security/\n\n','https://www.youtube.com/watch?v=vjf774RKrLc',3,15,1,'2026-05-15 17:03:11','2026-05-23 16:39:45',NULL,'javascript'),('cee35352-5066-11f1-9abe-6c02e0d26821','cee246fd-5066-11f1-9abe-6c02e0d26821','Test Express routes with Jest and Supertest','text',0,'Write unit and integration tests for Express routes using Jest and Supertest to assert status codes, response bodies, and side effects. Learn when to mock dependencies versus running the full app and why integration tests validate real middleware and routing. Pitfall: failing to close servers or reset shared state (DB/connections) between tests causes hanging or flaky test runs.','Lesson: Test Express routes with Jest and Supertest\n\n> Note: Live JavaScript editor runs in the browser. Avoid `require`, `process`, and server startup code here.\n\nUseful Resources:\n\n- https://expressjs.com/en/guide/testing.html\n\n- https://nodejs.org/api/assert.html\n\n- https://developer.mozilla.org/en-US/docs/Web/JavaScript/Guide/Using_promises\n\n',NULL,4,15,1,'2026-05-15 17:03:11','2026-05-23 16:40:00',NULL,'javascript'),('d7fb5c35-4fc3-11f1-9abe-6c02e0d26821','1f4967f9-4fbe-11f1-9abe-6c02e0d26821','Lesson 1.3: npm, package.json & Project Setup','mixed',1,'npm is the package manager for Node.js. package.json is the heart of every Node project.','## Commands:\n```mkdir my-backend-app\ncd my-backend-app\nnpm init -y```\n\n## Example package.json:\n\n```{\n  \"name\": \"backend-fundamentals\",\n  \"version\": \"1.0.0\",\n  \"main\": \"app.js\",\n  \"scripts\": {\n    \"start\": \"node app.js\",\n    \"dev\": \"nodemon app.js\"\n  },\n  \"dependencies\": {},\n  \"devDependencies\": {}\n}```\n\n## Install useful packages:\n\n```npm install lodash\nnpm install --save-dev nodemon```\n\n## Question:\nwrite a code that showes the project information(name,version, description)\n### Note that:\nProject Name: backend-fundamentals\nVersion: 1.0.0\nDescription: My first Node.js backend course project\n\n\n\n{{starter:\nconst project = {\n  name: \"\",\n  version: \"\",\n  description: \"\"\n};\n\n// continue here\nconsole.log(\"Project Name:\");\nconsole.log(\"Version:\");\nconsole.log(\"Description:\");\n}}\n\n\n{{answer:\nProject Name: backend-fundamentals\nVersion: 1.0.0\nDescription: My first Node.js backend course project\n}}',NULL,3,20,1,'2026-05-14 21:36:38','2026-05-14 21:37:06',NULL,'javascript'),('eeb08b04-20b0-11f1-97b2-6c02e0d26821','603620ee-20b0-11f1-97b2-6c02e0d26821','Variables and Data Types','text',1,NULL,'Variables store data values.\n### Example\nname = \"Lane\"\nage = 22\nheight = 1.65\n\n### Common Data Types:\nType     	     Example\nInteger	          10\nFloat	           3.14\nString	          \"Hello\"\nBoolean      	 True / False\n\n### Practice:\nCreate variables for this and print the result:\nname is Mika\nage is 27\nfavorite color gray\n{{starter:\nprint(f\"My name is {name}, I am {age} years old, and my favorite color is {favorite_color}.\")}}\n\n{{answer:\nMy name is Mika, I am 27 years old, and my favorite color is gray.\n}}',NULL,1,10,1,'2026-03-15 22:52:51','2026-04-01 01:06:21',NULL,'python'),('f49dab1e-207c-11f1-97b2-6c02e0d26821','7c0ea9ec-2079-11f1-97b2-6c02e0d26821','What is Python?','mixed',1,NULL,'Python is a high-level, interpreted programming language known for its simplicity and readability. It is widely used in many fields such as:\n\nWeb development\nData science\nArtificial intelligence\nAutomation\nSoftware development\n\nPython was designed to make programming easier to learn and faster to develop.\n\n## Example:\n\nA simple Python program:\n```print(\"Hello, World!\")```\nWrite a Python program that prints : \"Welcome to the Python course!\"\n{{starter:\nprint(\"\")\n}}\n{{answer:\nWelcome to the Python course!\n}}\n{{video:https://youtu.be/vE7Cy5csYbQ}}\n\n\n',NULL,1,5,1,'2026-03-15 16:40:47','2026-04-01 00:56:57',NULL,'python');
/*!40000 ALTER TABLE `lesson` ENABLE KEYS */;
UNLOCK TABLES;

--
-- Table structure for table `lesson_quiz_attempt`
--

DROP TABLE IF EXISTS `lesson_quiz_attempt`;
/*!40101 SET @saved_cs_client     = @@character_set_client */;
/*!50503 SET character_set_client = utf8mb4 */;
CREATE TABLE `lesson_quiz_attempt` (
  `id` varchar(36) CHARACTER SET utf8mb4 COLLATE utf8mb4_unicode_ci NOT NULL,
  `courseId` varchar(36) CHARACTER SET utf8mb4 COLLATE utf8mb4_unicode_ci NOT NULL,
  `lessonId` varchar(36) CHARACTER SET utf8mb4 COLLATE utf8mb4_unicode_ci NOT NULL,
  `studentId` varchar(36) CHARACTER SET utf8mb4 COLLATE utf8mb4_unicode_ci NOT NULL,
  `totalQuestions` int NOT NULL,
  `correctAnswers` int NOT NULL,
  `scorePercentage` decimal(5,2) NOT NULL,
  `submittedAt` datetime DEFAULT CURRENT_TIMESTAMP,
  `createdAt` datetime DEFAULT CURRENT_TIMESTAMP,
  PRIMARY KEY (`id`),
  KEY `idx_lesson_quiz_course` (`courseId`),
  KEY `idx_lesson_quiz_lesson` (`lessonId`),
  KEY `idx_lesson_quiz_student` (`studentId`),
  KEY `idx_lesson_quiz_submitted` (`submittedAt`),
  CONSTRAINT `lesson_quiz_attempt_ibfk_1` FOREIGN KEY (`courseId`) REFERENCES `course` (`id`) ON DELETE CASCADE ON UPDATE CASCADE,
  CONSTRAINT `lesson_quiz_attempt_ibfk_2` FOREIGN KEY (`lessonId`) REFERENCES `lesson` (`id`) ON DELETE CASCADE ON UPDATE CASCADE,
  CONSTRAINT `lesson_quiz_attempt_ibfk_3` FOREIGN KEY (`studentId`) REFERENCES `user` (`id`) ON DELETE CASCADE ON UPDATE CASCADE
) ENGINE=InnoDB DEFAULT CHARSET=utf8mb4 COLLATE=utf8mb4_unicode_ci;
/*!40101 SET character_set_client = @saved_cs_client */;

--
-- Dumping data for table `lesson_quiz_attempt`
--

LOCK TABLES `lesson_quiz_attempt` WRITE;
/*!40000 ALTER TABLE `lesson_quiz_attempt` DISABLE KEYS */;
INSERT INTO `lesson_quiz_attempt` VALUES ('0567e602-58e8-448c-964a-0c286aa3fb66','4f0dd6ed-2076-11f1-97b2-6c02e0d26821','f49dab1e-207c-11f1-97b2-6c02e0d26821','4826ef9b-51f7-11f1-ba5b-00090ffe0001',5,1,20.00,'2026-05-28 23:09:51','2026-05-28 23:09:51'),('5c63acbb-2be9-4af0-bc1b-6073963f9163','4f0dd6ed-2076-11f1-97b2-6c02e0d26821','f49dab1e-207c-11f1-97b2-6c02e0d26821','1a9ccdcb-5ded-11f1-8b3d-00090ffe0001',5,2,40.00,'2026-06-01 22:46:23','2026-06-01 22:46:23'),('8d2a171c-b7c0-4d7c-bdb4-ec645b531ea7','4f0dd6ed-2076-11f1-97b2-6c02e0d26821','f49dab1e-207c-11f1-97b2-6c02e0d26821','d819eca3-56c6-11f1-ba5b-00090ffe0001',10,8,80.00,'2026-05-23 20:21:09','2026-05-23 20:21:09'),('ed45211e-c166-45e7-8f96-ecc7c38b3fba','4f0dd6ed-2076-11f1-97b2-6c02e0d26821','eeb08b04-20b0-11f1-97b2-6c02e0d26821','d819eca3-56c6-11f1-ba5b-00090ffe0001',5,4,80.00,'2026-05-23 20:33:57','2026-05-23 20:33:57');
/*!40000 ALTER TABLE `lesson_quiz_attempt` ENABLE KEYS */;
UNLOCK TABLES;

--
-- Table structure for table `lesson_quiz_attempt_answer`
--

DROP TABLE IF EXISTS `lesson_quiz_attempt_answer`;
/*!40101 SET @saved_cs_client     = @@character_set_client */;
/*!50503 SET character_set_client = utf8mb4 */;
CREATE TABLE `lesson_quiz_attempt_answer` (
  `id` varchar(36) CHARACTER SET utf8mb4 COLLATE utf8mb4_unicode_ci NOT NULL,
  `attemptId` varchar(36) CHARACTER SET utf8mb4 COLLATE utf8mb4_unicode_ci NOT NULL,
  `questionBankId` varchar(36) CHARACTER SET utf8mb4 COLLATE utf8mb4_unicode_ci DEFAULT NULL,
  `questionType` enum('multiple_choice','written','true_false') CHARACTER SET utf8mb4 COLLATE utf8mb4_unicode_ci NOT NULL DEFAULT 'multiple_choice',
  `questionText` text CHARACTER SET utf8mb4 COLLATE utf8mb4_unicode_ci NOT NULL,
  `optionsJson` json NOT NULL,
  `selectedOptionIndex` tinyint DEFAULT NULL,
  `selectedTextAnswer` text CHARACTER SET utf8mb4 COLLATE utf8mb4_unicode_ci,
  `correctOptionIndex` tinyint unsigned NOT NULL,
  `isCorrect` tinyint(1) NOT NULL,
  `createdAt` datetime DEFAULT CURRENT_TIMESTAMP,
  PRIMARY KEY (`id`),
  KEY `idx_lesson_attempt_answer` (`attemptId`),
  KEY `idx_lesson_question_bank` (`questionBankId`),
  CONSTRAINT `lesson_quiz_attempt_answer_ibfk_1` FOREIGN KEY (`attemptId`) REFERENCES `lesson_quiz_attempt` (`id`) ON DELETE CASCADE ON UPDATE CASCADE,
  CONSTRAINT `lesson_quiz_attempt_answer_ibfk_2` FOREIGN KEY (`questionBankId`) REFERENCES `course_question_bank` (`id`) ON DELETE SET NULL ON UPDATE CASCADE
) ENGINE=InnoDB DEFAULT CHARSET=utf8mb4 COLLATE=utf8mb4_unicode_ci;
/*!40101 SET character_set_client = @saved_cs_client */;

--
-- Dumping data for table `lesson_quiz_attempt_answer`
--

LOCK TABLES `lesson_quiz_attempt_answer` WRITE;
/*!40000 ALTER TABLE `lesson_quiz_attempt_answer` DISABLE KEYS */;
INSERT INTO `lesson_quiz_attempt_answer` VALUES ('04c01b44-c499-45a8-b39c-a3ceb53a45a8','8d2a171c-b7c0-4d7c-bdb4-ec645b531ea7','f45b3d59-56c9-11f1-ba5b-00090ffe0001','multiple_choice','Which of the following IDEs is NOT mentioned in the course as a Python IDE?','[\"VS Code\", \"PyCharm\", \"Jupyter\", \"Sublime Text\"]',3,NULL,3,1,'2026-05-23 20:21:09'),('09176a6c-2d28-4c92-b9d2-311b92bd37d7','8d2a171c-b7c0-4d7c-bdb4-ec645b531ea7','6a15eba9-56ca-11f1-ba5b-00090ffe0001','true_false','True or False: The course states that Python is an interpreted language.','[\"True\", \"False\"]',0,NULL,0,1,'2026-05-23 20:21:09'),('0c9aaeeb-ff52-4e83-98a0-1fae2fd0a79c','0567e602-58e8-448c-964a-0c286aa3fb66','6a1a94e5-56ca-11f1-ba5b-00090ffe0001','written','Write the exact Python statement that prints the following text to the console: Welcome to the Python course!','[\"print(\\\"Welcome to the Python course!\\\")\"]',NULL,'غغ',0,0,'2026-05-28 23:09:51'),('0eff474f-2050-44c8-9590-42cde09f7924','ed45211e-c166-45e7-8f96-ecc7c38b3fba','36d93e9d-56cd-11f1-ba5b-00090ffe0001','multiple_choice','Which terminal command will most directly show the installed Python version on your system?','[\"python --version\", \"python -version\", \"pip --version\", \"python --check\"]',0,NULL,0,1,'2026-05-23 20:33:57'),('1415ce9f-8963-4d91-981a-afbe50dade6d','5c63acbb-2be9-4af0-bc1b-6073963f9163','6a1a94e5-56ca-11f1-ba5b-00090ffe0001','written','Write the exact Python statement that prints the following text to the console: Welcome to the Python course!','[\"print(\\\"Welcome to the Python course!\\\")\"]',NULL,'ui',0,0,'2026-06-01 22:46:23'),('2f13d05d-faa5-4dc6-baa0-eaff2fc6ac18','8d2a171c-b7c0-4d7c-bdb4-ec645b531ea7','6a03e6be-56ca-11f1-ba5b-00090ffe0001','multiple_choice','Which of the following is a common field where Python is widely used (as stated in the course)?','[\"Web development\", \"Concrete mixing\", \"Hairdressing\", \"Automobile assembly line work\"]',0,NULL,0,1,'2026-05-23 20:21:09'),('327d7b14-1fd4-4ebb-9bf9-2d8baacfb276','ed45211e-c166-45e7-8f96-ecc7c38b3fba','36de96af-56cd-11f1-ba5b-00090ffe0001','multiple_choice','Given these variable assignments: name = \"Lane\", age = 22, height = 1.65 — what is the data type of height?','[\"Integer\", \"Float\", \"String\", \"Boolean\"]',1,NULL,1,1,'2026-05-23 20:33:57'),('4d29f060-d69b-40f5-9f7d-0343e9a0b12e','8d2a171c-b7c0-4d7c-bdb4-ec645b531ea7','f45490ea-56c9-11f1-ba5b-00090ffe0001','multiple_choice','Which of the following is NOT listed as a common Python data type in the course content?','[\"Integer\", \"Float\", \"Boolean\", \"Character\"]',3,NULL,3,1,'2026-05-23 20:21:09'),('4f7857dc-f215-44d5-bb5b-cc87f7800c95','8d2a171c-b7c0-4d7c-bdb4-ec645b531ea7','f4603412-56c9-11f1-ba5b-00090ffe0001','true_false','True or False: Python is a high-level, interpreted programming language known for its simplicity and readability.','[\"True\", \"False\"]',0,NULL,0,1,'2026-05-23 20:21:09'),('5101f788-342b-4c10-80e4-6bc7975c6154','8d2a171c-b7c0-4d7c-bdb4-ec645b531ea7','f2ebc085-56c9-11f1-ba5b-00090ffe0001','written','Write the exact output produced by this Python statement: print(\"Welcome to the Python course!\")','[\"Welcome to the Python course!\"]',NULL,'y',0,0,'2026-05-23 20:21:09'),('53e56227-ae06-4f52-aefb-767622e9d1bb','8d2a171c-b7c0-4d7c-bdb4-ec645b531ea7','6a1a94e5-56ca-11f1-ba5b-00090ffe0001','written','Write the exact Python statement that prints the following text to the console: Welcome to the Python course!','[\"print(\\\"Welcome to the Python course!\\\")\"]',NULL,'ff',0,0,'2026-05-23 20:21:09'),('5bffc0bb-6d1a-49ec-94bd-ab6d4867a44e','5c63acbb-2be9-4af0-bc1b-6073963f9163','6a15eba9-56ca-11f1-ba5b-00090ffe0001','true_false','True or False: The course states that Python is an interpreted language.','[\"True\", \"False\"]',0,NULL,0,1,'2026-06-01 22:46:23'),('657d945f-e63c-4821-ae1b-2515040b2bc6','8d2a171c-b7c0-4d7c-bdb4-ec645b531ea7','6a0f8cd3-56ca-11f1-ba5b-00090ffe0001','multiple_choice','How does the course describe Python?','[\"Low-level and compiled\", \"High-level and interpreted\", \"High-level and a markup language\", \"Compiled only\"]',1,NULL,1,1,'2026-05-23 20:21:09'),('69cae1cc-ef90-441a-b739-704ab538ce3f','ed45211e-c166-45e7-8f96-ecc7c38b3fba','36d348f5-56cd-11f1-ba5b-00090ffe0001','multiple_choice','Which of the following is the correct way to print the text Hello, World! in Python 3?','[\"print(\\\"Hello, World!\\\")\", \"echo \\\"Hello, World!\\\"\", \"System.out.println(\\\"Hello, World!\\\")\", \"printf(\\\"Hello, World!\\\")\"]',0,NULL,0,1,'2026-05-23 20:33:57'),('6a90646e-ca2a-449f-81a4-fc62f269720d','5c63acbb-2be9-4af0-bc1b-6073963f9163','6a03e6be-56ca-11f1-ba5b-00090ffe0001','multiple_choice','Which of the following is a common field where Python is widely used (as stated in the course)?','[\"Web development\", \"Concrete mixing\", \"Hairdressing\", \"Automobile assembly line work\"]',0,NULL,0,1,'2026-06-01 22:46:23'),('8d46831b-44db-4e4e-b9ab-53a79962aabf','ed45211e-c166-45e7-8f96-ecc7c38b3fba','36e3cab0-56cd-11f1-ba5b-00090ffe0001','true_false','In Python, indentation is used to define blocks of code (for example, the body of a function or a loop).','[\"True\", \"False\"]',0,NULL,0,1,'2026-05-23 20:33:57'),('977fe025-273f-44e5-8b93-6b2c8ceeb05f','5c63acbb-2be9-4af0-bc1b-6073963f9163','f2ebc085-56c9-11f1-ba5b-00090ffe0001','written','Write the exact output produced by this Python statement: print(\"Welcome to the Python course!\")','[\"Welcome to the Python course!\"]',NULL,'ui',0,0,'2026-06-01 22:46:23'),('b00e6e5c-db29-4472-89f3-cf22a2113e16','ed45211e-c166-45e7-8f96-ecc7c38b3fba','36e84b57-56cd-11f1-ba5b-00090ffe0001','written','What is the exact output produced by this Python statement? print(\"Welcome to the Python course!\")','[\"Welcome to the Python course!\"]',NULL,'لل',0,0,'2026-05-23 20:33:57'),('b8338d3e-49ca-40a6-8d65-ba135575aaee','5c63acbb-2be9-4af0-bc1b-6073963f9163','f4603412-56c9-11f1-ba5b-00090ffe0001','true_false','True or False: Python is a high-level, interpreted programming language known for its simplicity and readability.','[\"True\", \"False\"]',1,NULL,0,0,'2026-06-01 22:46:23'),('c3e208e1-681b-48e6-9f9c-61c0e0337394','0567e602-58e8-448c-964a-0c286aa3fb66','f45b3d59-56c9-11f1-ba5b-00090ffe0001','multiple_choice','Which of the following IDEs is NOT mentioned in the course as a Python IDE?','[\"VS Code\", \"PyCharm\", \"Jupyter\", \"Sublime Text\"]',3,NULL,3,1,'2026-05-28 23:09:51'),('c58c349e-ae55-4053-9558-340d35a01dfb','0567e602-58e8-448c-964a-0c286aa3fb66','f4603412-56c9-11f1-ba5b-00090ffe0001','true_false','True or False: Python is a high-level, interpreted programming language known for its simplicity and readability.','[\"True\", \"False\"]',1,NULL,0,0,'2026-05-28 23:09:51'),('d04e185c-9a74-433e-82f0-cce173f3d38b','0567e602-58e8-448c-964a-0c286aa3fb66','f2ebc085-56c9-11f1-ba5b-00090ffe0001','written','Write the exact output produced by this Python statement: print(\"Welcome to the Python course!\")','[\"Welcome to the Python course!\"]',NULL,'عه',0,0,'2026-05-28 23:09:51'),('d9888e54-6d68-4529-ae90-792e1e944e34','0567e602-58e8-448c-964a-0c286aa3fb66','f44d9595-56c9-11f1-ba5b-00090ffe0001','multiple_choice','Which command does the course recommend you run in the terminal to verify that Python is installed?','[\"python --version\", \"pip --version\", \"python -m pip --version\", \"pyproject.toml --version\"]',2,NULL,0,0,'2026-05-28 23:09:51'),('e5d4b4f5-7a04-4e02-adee-fa98ed50ead4','8d2a171c-b7c0-4d7c-bdb4-ec645b531ea7','f44d9595-56c9-11f1-ba5b-00090ffe0001','multiple_choice','Which command does the course recommend you run in the terminal to verify that Python is installed?','[\"python --version\", \"pip --version\", \"python -m pip --version\", \"pyproject.toml --version\"]',0,NULL,0,1,'2026-05-23 20:21:09'),('fc793ac7-5919-42e3-a55b-59efe418338e','8d2a171c-b7c0-4d7c-bdb4-ec645b531ea7','6a096f81-56ca-11f1-ba5b-00090ffe0001','multiple_choice','Which command should you run in the terminal to verify that Python is installed (per the course instructions)?','[\"python --version\", \"pip --version\", \"python -install\", \"version python\"]',0,NULL,0,1,'2026-05-23 20:21:09');
/*!40000 ALTER TABLE `lesson_quiz_attempt_answer` ENABLE KEYS */;
UNLOCK TABLES;

--
-- Table structure for table `lesson_study_session`
--

DROP TABLE IF EXISTS `lesson_study_session`;
/*!40101 SET @saved_cs_client     = @@character_set_client */;
/*!50503 SET character_set_client = utf8mb4 */;
CREATE TABLE `lesson_study_session` (
  `id` varchar(36) CHARACTER SET utf8mb4 COLLATE utf8mb4_unicode_ci NOT NULL,
  `enrollmentId` varchar(36) CHARACTER SET utf8mb4 COLLATE utf8mb4_unicode_ci NOT NULL,
  `lessonId` varchar(36) CHARACTER SET utf8mb4 COLLATE utf8mb4_unicode_ci NOT NULL,
  `startedAt` datetime NOT NULL,
  `endedAt` datetime DEFAULT NULL,
  `createdAt` datetime DEFAULT CURRENT_TIMESTAMP,
  PRIMARY KEY (`id`),
  KEY `idx_lss_enrollment` (`enrollmentId`),
  KEY `idx_lss_lesson` (`lessonId`),
  KEY `idx_lss_started` (`startedAt`),
  KEY `idx_lss_ended` (`endedAt`),
  CONSTRAINT `fk_lss_enrollment` FOREIGN KEY (`enrollmentId`) REFERENCES `enrollment` (`id`) ON DELETE CASCADE ON UPDATE CASCADE,
  CONSTRAINT `fk_lss_lesson` FOREIGN KEY (`lessonId`) REFERENCES `lesson` (`id`) ON DELETE CASCADE ON UPDATE CASCADE
) ENGINE=InnoDB DEFAULT CHARSET=utf8mb4 COLLATE=utf8mb4_unicode_ci;
/*!40101 SET character_set_client = @saved_cs_client */;

--
-- Dumping data for table `lesson_study_session`
--

LOCK TABLES `lesson_study_session` WRITE;
/*!40000 ALTER TABLE `lesson_study_session` DISABLE KEYS */;
INSERT INTO `lesson_study_session` VALUES ('0291fe16-51d5-11f1-ba5b-00090ffe0001','9c2c7629-514b-11f1-9abe-6c02e0d26821','1bec2d8a-5147-11f1-9abe-6c02e0d26821','2026-05-17 12:44:33','2026-05-17 12:46:39','2026-05-17 12:44:33'),('07ad1ab0-56cb-11f1-ba5b-00090ffe0001','10c69edf-56c7-11f1-ba5b-00090ffe0001','812b4936-207f-11f1-97b2-6c02e0d26821','2026-05-23 20:15:43','2026-05-23 20:18:00','2026-05-23 20:15:43'),('12781e4f-56c7-11f1-ba5b-00090ffe0001','10c69edf-56c7-11f1-ba5b-00090ffe0001','f49dab1e-207c-11f1-97b2-6c02e0d26821','2026-05-23 19:47:23','2026-05-23 19:48:09','2026-05-23 19:47:23'),('1716ed52-5ad1-11f1-ba5b-00090ffe0001','8fa10c2d-51f8-11f1-ba5b-00090ffe0001','812b4936-207f-11f1-97b2-6c02e0d26821','2026-05-28 23:09:10','2026-05-28 23:09:12','2026-05-28 23:09:10'),('185b66fc-5ad1-11f1-ba5b-00090ffe0001','8fa10c2d-51f8-11f1-ba5b-00090ffe0001','812b4936-207f-11f1-97b2-6c02e0d26821','2026-05-28 23:09:12','2026-05-28 23:10:04','2026-05-28 23:09:12'),('19d239f4-56ce-11f1-ba5b-00090ffe0001','10c69edf-56c7-11f1-ba5b-00090ffe0001','eeb08b04-20b0-11f1-97b2-6c02e0d26821','2026-05-23 20:37:42','2026-05-23 20:38:14','2026-05-23 20:37:42'),('1bb5f187-56ac-11f1-9abe-6c02e0d26821','74167832-56a9-11f1-9abe-6c02e0d26821','ced9a220-5066-11f1-9abe-6c02e0d26821','2026-05-23 16:34:22','2026-05-23 16:34:51','2026-05-23 16:34:22'),('2d0c1798-56ac-11f1-9abe-6c02e0d26821','74167832-56a9-11f1-9abe-6c02e0d26821','ced9a220-5066-11f1-9abe-6c02e0d26821','2026-05-23 16:34:51','2026-05-23 16:34:59','2026-05-23 16:34:51'),('2d558e19-56ce-11f1-ba5b-00090ffe0001','10c69edf-56c7-11f1-ba5b-00090ffe0001','eeb08b04-20b0-11f1-97b2-6c02e0d26821','2026-05-23 20:38:14','2026-05-23 20:38:17','2026-05-23 20:38:14'),('2ddcd1ec-56c7-11f1-ba5b-00090ffe0001','10c69edf-56c7-11f1-ba5b-00090ffe0001','f49dab1e-207c-11f1-97b2-6c02e0d26821','2026-05-23 19:48:09','2026-05-23 19:48:11','2026-05-23 19:48:09'),('2efa96fe-56ce-11f1-ba5b-00090ffe0001','10c69edf-56c7-11f1-ba5b-00090ffe0001','f49dab1e-207c-11f1-97b2-6c02e0d26821','2026-05-23 20:38:17','2026-05-24 19:07:28','2026-05-23 20:38:17'),('2f52e533-56c7-11f1-ba5b-00090ffe0001','10c69edf-56c7-11f1-ba5b-00090ffe0001','f49dab1e-207c-11f1-97b2-6c02e0d26821','2026-05-23 19:48:11','2026-05-23 19:48:32','2026-05-23 19:48:11'),('319b52e1-56ac-11f1-9abe-6c02e0d26821','74167832-56a9-11f1-9abe-6c02e0d26821','ced9a220-5066-11f1-9abe-6c02e0d26821','2026-05-23 16:34:59','2026-05-23 16:35:15','2026-05-23 16:34:59'),('3757600e-5ad1-11f1-ba5b-00090ffe0001','8fa10c2d-51f8-11f1-ba5b-00090ffe0001','812b4936-207f-11f1-97b2-6c02e0d26821','2026-05-28 23:10:04','2026-05-28 23:11:23','2026-05-28 23:10:04'),('389b928f-5ded-11f1-8b3d-00090ffe0001','36711aa3-5ded-11f1-8b3d-00090ffe0001','f49dab1e-207c-11f1-97b2-6c02e0d26821','2026-06-01 22:08:06','2026-06-01 22:08:11','2026-06-01 22:08:06'),('3be1d400-5ded-11f1-8b3d-00090ffe0001','36711aa3-5ded-11f1-8b3d-00090ffe0001','f49dab1e-207c-11f1-97b2-6c02e0d26821','2026-06-01 22:08:11','2026-06-01 22:08:26','2026-06-01 22:08:11'),('3c635494-56ac-11f1-9abe-6c02e0d26821','74167832-56a9-11f1-9abe-6c02e0d26821','cedb8d71-5066-11f1-9abe-6c02e0d26821','2026-05-23 16:35:17','2026-05-23 16:35:18','2026-05-23 16:35:17'),('3cb311cb-56c7-11f1-ba5b-00090ffe0001','10c69edf-56c7-11f1-ba5b-00090ffe0001','812b4936-207f-11f1-97b2-6c02e0d26821','2026-05-23 19:48:34','2026-05-23 19:58:14','2026-05-23 19:48:34'),('3cc0aa4f-514e-11f1-9abe-6c02e0d26821','9c2c7629-514b-11f1-9abe-6c02e0d26821','1bebc57c-5147-11f1-9abe-6c02e0d26821','2026-05-16 20:39:49','2026-05-16 20:39:52','2026-05-16 20:39:49'),('3d796292-56ac-11f1-9abe-6c02e0d26821','74167832-56a9-11f1-9abe-6c02e0d26821','ced9a220-5066-11f1-9abe-6c02e0d26821','2026-05-23 16:35:19','2026-05-23 16:35:22','2026-05-23 16:35:19'),('3e9bf717-514e-11f1-9abe-6c02e0d26821','9c2c7629-514b-11f1-9abe-6c02e0d26821','1bebc57c-5147-11f1-9abe-6c02e0d26821','2026-05-16 20:39:52','2026-05-16 20:39:57','2026-05-16 20:39:52'),('3f527c92-56ac-11f1-9abe-6c02e0d26821','74167832-56a9-11f1-9abe-6c02e0d26821','cedb8d71-5066-11f1-9abe-6c02e0d26821','2026-05-23 16:35:22','2026-05-23 16:35:27','2026-05-23 16:35:22'),('41b3ade2-56cd-11f1-ba5b-00090ffe0001','10c69edf-56c7-11f1-ba5b-00090ffe0001','eeb08b04-20b0-11f1-97b2-6c02e0d26821','2026-05-23 20:31:39','2026-05-23 20:31:41','2026-05-23 20:31:39'),('4237d071-56ac-11f1-9abe-6c02e0d26821','74167832-56a9-11f1-9abe-6c02e0d26821','cedbda52-5066-11f1-9abe-6c02e0d26821','2026-05-23 16:35:27','2026-05-23 16:35:28','2026-05-23 16:35:27'),('42d786d2-56cd-11f1-ba5b-00090ffe0001','10c69edf-56c7-11f1-ba5b-00090ffe0001','eeb08b04-20b0-11f1-97b2-6c02e0d26821','2026-05-23 20:31:41','2026-05-23 20:33:22','2026-05-23 20:31:41'),('4317d735-56ac-11f1-9abe-6c02e0d26821','74167832-56a9-11f1-9abe-6c02e0d26821','ced9a220-5066-11f1-9abe-6c02e0d26821','2026-05-23 16:35:28','2026-05-23 16:35:30','2026-05-23 16:35:28'),('4368200a-514e-11f1-9abe-6c02e0d26821','9c2c7629-514b-11f1-9abe-6c02e0d26821','1bec2d8a-5147-11f1-9abe-6c02e0d26821','2026-05-16 20:40:00','2026-05-17 12:43:44','2026-05-16 20:40:00'),('44120bf2-56ac-11f1-9abe-6c02e0d26821','74167832-56a9-11f1-9abe-6c02e0d26821','cedb8d71-5066-11f1-9abe-6c02e0d26821','2026-05-23 16:35:30','2026-05-23 16:35:31','2026-05-23 16:35:30'),('44c24a02-56ac-11f1-9abe-6c02e0d26821','74167832-56a9-11f1-9abe-6c02e0d26821','cedbda52-5066-11f1-9abe-6c02e0d26821','2026-05-23 16:35:31','2026-05-23 16:35:32','2026-05-23 16:35:31'),('450c61a4-51d6-11f1-ba5b-00090ffe0001','44e386b1-51d6-11f1-ba5b-00090ffe0001','f49dab1e-207c-11f1-97b2-6c02e0d26821','2026-05-17 12:53:34','2026-05-17 12:56:38','2026-05-17 12:53:34'),('4554d9e1-56ac-11f1-9abe-6c02e0d26821','74167832-56a9-11f1-9abe-6c02e0d26821','cedc4214-5066-11f1-9abe-6c02e0d26821','2026-05-23 16:35:32','2026-05-23 16:46:53','2026-05-23 16:35:32'),('46091e34-5ded-11f1-8b3d-00090ffe0001','36711aa3-5ded-11f1-8b3d-00090ffe0001','812b4936-207f-11f1-97b2-6c02e0d26821','2026-06-01 22:08:28','2026-06-01 22:45:49','2026-06-01 22:08:28'),('4bf7fbd6-56cc-11f1-ba5b-00090ffe0001','10c69edf-56c7-11f1-ba5b-00090ffe0001','812b4936-207f-11f1-97b2-6c02e0d26821','2026-05-23 20:24:47','2026-05-23 20:24:49','2026-05-23 20:24:47'),('4d02f092-56cc-11f1-ba5b-00090ffe0001','10c69edf-56c7-11f1-ba5b-00090ffe0001','812b4936-207f-11f1-97b2-6c02e0d26821','2026-05-23 20:24:49','2026-05-23 20:24:52','2026-05-23 20:24:49'),('4d526c71-51d5-11f1-ba5b-00090ffe0001','9c2c7629-514b-11f1-9abe-6c02e0d26821','1bec2d8a-5147-11f1-9abe-6c02e0d26821','2026-05-17 12:46:39','2026-05-17 12:47:04','2026-05-17 12:46:39'),('50f7286c-56cc-11f1-ba5b-00090ffe0001','10c69edf-56c7-11f1-ba5b-00090ffe0001','eeb08b04-20b0-11f1-97b2-6c02e0d26821','2026-05-23 20:24:55','2026-05-23 20:26:37','2026-05-23 20:24:55'),('5402031c-4ec8-11f1-9abe-6c02e0d26821','4662344d-4ebd-11f1-9abe-6c02e0d26821','f49dab1e-207c-11f1-97b2-6c02e0d26821','2026-05-13 15:36:13',NULL,'2026-05-13 15:36:13'),('598653dc-56cb-11f1-ba5b-00090ffe0001','10c69edf-56c7-11f1-ba5b-00090ffe0001','812b4936-207f-11f1-97b2-6c02e0d26821','2026-05-23 20:18:00','2026-05-23 20:19:28','2026-05-23 20:18:00'),('5c94290f-51d5-11f1-ba5b-00090ffe0001','9c2c7629-514b-11f1-9abe-6c02e0d26821','1bebc57c-5147-11f1-9abe-6c02e0d26821','2026-05-17 12:47:04','2026-05-17 12:47:07','2026-05-17 12:47:04'),('5e0c5567-51d5-11f1-ba5b-00090ffe0001','9c2c7629-514b-11f1-9abe-6c02e0d26821','1bf01185-5147-11f1-9abe-6c02e0d26821','2026-05-17 12:47:07',NULL,'2026-05-17 12:47:07'),('611372c7-51da-11f1-ba5b-00090ffe0001','44e386b1-51d6-11f1-ba5b-00090ffe0001','812b4936-207f-11f1-97b2-6c02e0d26821','2026-05-17 13:22:59','2026-05-17 13:25:09','2026-05-17 13:22:59'),('6671be99-5ad1-11f1-ba5b-00090ffe0001','8fa10c2d-51f8-11f1-ba5b-00090ffe0001','812b4936-207f-11f1-97b2-6c02e0d26821','2026-05-28 23:11:23',NULL,'2026-05-28 23:11:23'),('73ab1b60-56c9-11f1-ba5b-00090ffe0001','10c69edf-56c7-11f1-ba5b-00090ffe0001','812b4936-207f-11f1-97b2-6c02e0d26821','2026-05-23 20:04:25','2026-05-23 20:04:26','2026-05-23 20:04:25'),('749cb5fe-56c9-11f1-ba5b-00090ffe0001','10c69edf-56c7-11f1-ba5b-00090ffe0001','812b4936-207f-11f1-97b2-6c02e0d26821','2026-05-23 20:04:27','2026-05-23 20:12:30','2026-05-23 20:04:27'),('7dc3f2c2-5df2-11f1-8b3d-00090ffe0001','36711aa3-5ded-11f1-8b3d-00090ffe0001','812b4936-207f-11f1-97b2-6c02e0d26821','2026-06-01 22:45:49','2026-06-01 22:45:52','2026-06-01 22:45:49'),('7f567ca1-56cd-11f1-ba5b-00090ffe0001','10c69edf-56c7-11f1-ba5b-00090ffe0001','eeb08b04-20b0-11f1-97b2-6c02e0d26821','2026-05-23 20:33:22','2026-05-23 20:34:06','2026-05-23 20:33:22'),('7f75e689-5df2-11f1-8b3d-00090ffe0001','36711aa3-5ded-11f1-8b3d-00090ffe0001','812b4936-207f-11f1-97b2-6c02e0d26821','2026-06-01 22:45:52',NULL,'2026-06-01 22:45:52'),('8dc260eb-56cc-11f1-ba5b-00090ffe0001','10c69edf-56c7-11f1-ba5b-00090ffe0001','812b4936-207f-11f1-97b2-6c02e0d26821','2026-05-23 20:26:37','2026-05-23 20:28:29','2026-05-23 20:26:37'),('8e212a39-56cb-11f1-ba5b-00090ffe0001','10c69edf-56c7-11f1-ba5b-00090ffe0001','812b4936-207f-11f1-97b2-6c02e0d26821','2026-05-23 20:19:28','2026-05-23 20:19:30','2026-05-23 20:19:28'),('8f6b276d-56cb-11f1-ba5b-00090ffe0001','10c69edf-56c7-11f1-ba5b-00090ffe0001','812b4936-207f-11f1-97b2-6c02e0d26821','2026-05-23 20:19:30','2026-05-23 20:19:43','2026-05-23 20:19:30'),('94b307e3-56ca-11f1-ba5b-00090ffe0001','10c69edf-56c7-11f1-ba5b-00090ffe0001','812b4936-207f-11f1-97b2-6c02e0d26821','2026-05-23 20:12:30','2026-05-23 20:12:32','2026-05-23 20:12:30'),('96318efc-56ca-11f1-ba5b-00090ffe0001','10c69edf-56c7-11f1-ba5b-00090ffe0001','812b4936-207f-11f1-97b2-6c02e0d26821','2026-05-23 20:12:32','2026-05-23 20:14:24','2026-05-23 20:12:32'),('96dcd6f9-56c8-11f1-ba5b-00090ffe0001','10c69edf-56c7-11f1-ba5b-00090ffe0001','812b4936-207f-11f1-97b2-6c02e0d26821','2026-05-23 19:58:14','2026-05-23 19:58:17','2026-05-23 19:58:14'),('971a480d-56cb-11f1-ba5b-00090ffe0001','10c69edf-56c7-11f1-ba5b-00090ffe0001','812b4936-207f-11f1-97b2-6c02e0d26821','2026-05-23 20:19:43','2026-05-23 20:19:45','2026-05-23 20:19:43'),('9843c079-56cb-11f1-ba5b-00090ffe0001','10c69edf-56c7-11f1-ba5b-00090ffe0001','812b4936-207f-11f1-97b2-6c02e0d26821','2026-05-23 20:19:45','2026-05-23 20:21:55','2026-05-23 20:19:45'),('9847b3c6-56c8-11f1-ba5b-00090ffe0001','10c69edf-56c7-11f1-ba5b-00090ffe0001','812b4936-207f-11f1-97b2-6c02e0d26821','2026-05-23 19:58:17','2026-05-23 20:04:25','2026-05-23 19:58:17'),('992ef046-56cd-11f1-ba5b-00090ffe0001','10c69edf-56c7-11f1-ba5b-00090ffe0001','eeb08b04-20b0-11f1-97b2-6c02e0d26821','2026-05-23 20:34:06','2026-05-23 20:34:08','2026-05-23 20:34:06'),('9a93d7d5-56cd-11f1-ba5b-00090ffe0001','10c69edf-56c7-11f1-ba5b-00090ffe0001','eeb08b04-20b0-11f1-97b2-6c02e0d26821','2026-05-23 20:34:08','2026-05-23 20:34:20','2026-05-23 20:34:08'),('9fbffbcb-514b-11f1-9abe-6c02e0d26821','9c2c7629-514b-11f1-9abe-6c02e0d26821','1bebc57c-5147-11f1-9abe-6c02e0d26821','2026-05-16 20:21:06','2026-05-16 20:21:31','2026-05-16 20:21:06'),('a1d077d6-56cd-11f1-ba5b-00090ffe0001','10c69edf-56c7-11f1-ba5b-00090ffe0001','eeb08b04-20b0-11f1-97b2-6c02e0d26821','2026-05-23 20:34:20','2026-05-23 20:34:53','2026-05-23 20:34:20'),('a2535cf8-5ad1-11f1-ba5b-00090ffe0001','74167832-56a9-11f1-9abe-6c02e0d26821','cedca602-5066-11f1-9abe-6c02e0d26821','2026-05-28 23:13:04',NULL,'2026-05-28 23:13:04'),('a9ae1920-578a-11f1-ba5b-00090ffe0001','10c69edf-56c7-11f1-ba5b-00090ffe0001','eeb08b04-20b0-11f1-97b2-6c02e0d26821','2026-05-24 19:07:28','2026-05-24 19:07:43','2026-05-24 19:07:28'),('ab815d4d-51d9-11f1-ba5b-00090ffe0001','44e386b1-51d6-11f1-ba5b-00090ffe0001','812b4936-207f-11f1-97b2-6c02e0d26821','2026-05-17 13:17:55','2026-05-17 13:20:15','2026-05-17 13:17:55'),('ae3b9f0e-514b-11f1-9abe-6c02e0d26821','9c2c7629-514b-11f1-9abe-6c02e0d26821','1bebc57c-5147-11f1-9abe-6c02e0d26821','2026-05-16 20:21:31','2026-05-16 20:39:49','2026-05-16 20:21:31'),('ae820e04-51da-11f1-ba5b-00090ffe0001','44e386b1-51d6-11f1-ba5b-00090ffe0001','812b4936-207f-11f1-97b2-6c02e0d26821','2026-05-17 13:25:09','2026-05-17 13:25:11','2026-05-17 13:25:09'),('afb650ed-51da-11f1-ba5b-00090ffe0001','44e386b1-51d6-11f1-ba5b-00090ffe0001','812b4936-207f-11f1-97b2-6c02e0d26821','2026-05-17 13:25:11','2026-05-17 13:25:15','2026-05-17 13:25:11'),('b2646b9f-51d6-11f1-ba5b-00090ffe0001','44e386b1-51d6-11f1-ba5b-00090ffe0001','f49dab1e-207c-11f1-97b2-6c02e0d26821','2026-05-17 12:56:38','2026-05-17 12:56:40','2026-05-17 12:56:38'),('b281b3f8-578a-11f1-ba5b-00090ffe0001','10c69edf-56c7-11f1-ba5b-00090ffe0001','eeb08b04-20b0-11f1-97b2-6c02e0d26821','2026-05-24 19:07:43','2026-05-24 19:08:00','2026-05-24 19:07:43'),('b30ca7fc-51da-11f1-ba5b-00090ffe0001','44e386b1-51d6-11f1-ba5b-00090ffe0001','eeb08b04-20b0-11f1-97b2-6c02e0d26821','2026-05-17 13:25:17','2026-05-17 13:25:54','2026-05-17 13:25:17'),('b37787dd-51d6-11f1-ba5b-00090ffe0001','44e386b1-51d6-11f1-ba5b-00090ffe0001','f49dab1e-207c-11f1-97b2-6c02e0d26821','2026-05-17 12:56:40','2026-05-17 12:57:00','2026-05-17 12:56:40'),('b57b6ec6-56cd-11f1-ba5b-00090ffe0001','10c69edf-56c7-11f1-ba5b-00090ffe0001','eeb08b04-20b0-11f1-97b2-6c02e0d26821','2026-05-23 20:34:53','2026-05-23 20:35:36','2026-05-23 20:34:53'),('b812983d-56b1-11f1-9abe-6c02e0d26821','74167832-56a9-11f1-9abe-6c02e0d26821','cedca602-5066-11f1-9abe-6c02e0d26821','2026-05-23 17:14:32','2026-05-23 17:14:35','2026-05-23 17:14:32'),('ba566f1c-56b1-11f1-9abe-6c02e0d26821','74167832-56a9-11f1-9abe-6c02e0d26821','cedca602-5066-11f1-9abe-6c02e0d26821','2026-05-23 17:14:36','2026-05-28 23:13:04','2026-05-23 17:14:36'),('bca191f1-578a-11f1-ba5b-00090ffe0001','10c69edf-56c7-11f1-ba5b-00090ffe0001','f49dab1e-207c-11f1-97b2-6c02e0d26821','2026-05-24 19:08:00',NULL,'2026-05-24 19:08:00'),('c06d6acb-51d6-11f1-ba5b-00090ffe0001','44e386b1-51d6-11f1-ba5b-00090ffe0001','812b4936-207f-11f1-97b2-6c02e0d26821','2026-05-17 12:57:01','2026-05-17 13:17:55','2026-05-17 12:57:01'),('c945a94e-51da-11f1-ba5b-00090ffe0001','44e386b1-51d6-11f1-ba5b-00090ffe0001','812b4936-207f-11f1-97b2-6c02e0d26821','2026-05-17 13:25:54','2026-05-17 16:39:20','2026-05-17 13:25:54'),('cee6d7bd-51f5-11f1-ba5b-00090ffe0001','44e386b1-51d6-11f1-ba5b-00090ffe0001','812b4936-207f-11f1-97b2-6c02e0d26821','2026-05-17 16:39:20',NULL,'2026-05-17 16:39:20'),('d052fd9e-56cc-11f1-ba5b-00090ffe0001','10c69edf-56c7-11f1-ba5b-00090ffe0001','eeb08b04-20b0-11f1-97b2-6c02e0d26821','2026-05-23 20:28:29','2026-05-23 20:31:39','2026-05-23 20:28:29'),('d8e90c85-56ca-11f1-ba5b-00090ffe0001','10c69edf-56c7-11f1-ba5b-00090ffe0001','812b4936-207f-11f1-97b2-6c02e0d26821','2026-05-23 20:14:24','2026-05-23 20:14:49','2026-05-23 20:14:24'),('dac63689-5ad0-11f1-ba5b-00090ffe0001','8fa10c2d-51f8-11f1-ba5b-00090ffe0001','f49dab1e-207c-11f1-97b2-6c02e0d26821','2026-05-28 23:07:29','2026-05-28 23:07:32','2026-05-28 23:07:29'),('db7ea572-56ad-11f1-9abe-6c02e0d26821','74167832-56a9-11f1-9abe-6c02e0d26821','cedc4214-5066-11f1-9abe-6c02e0d26821','2026-05-23 16:46:53','2026-05-23 16:46:57','2026-05-23 16:46:53'),('dc5079a9-5ad0-11f1-ba5b-00090ffe0001','8fa10c2d-51f8-11f1-ba5b-00090ffe0001','f49dab1e-207c-11f1-97b2-6c02e0d26821','2026-05-28 23:07:32','2026-05-28 23:07:49','2026-05-28 23:07:32'),('de1bd33b-56ad-11f1-9abe-6c02e0d26821','74167832-56a9-11f1-9abe-6c02e0d26821','cedc4214-5066-11f1-9abe-6c02e0d26821','2026-05-23 16:46:58','2026-05-23 16:47:05','2026-05-23 16:46:58'),('e32a9057-56ad-11f1-9abe-6c02e0d26821','74167832-56a9-11f1-9abe-6c02e0d26821','cedca602-5066-11f1-9abe-6c02e0d26821','2026-05-23 16:47:06','2026-05-23 17:14:32','2026-05-23 16:47:06'),('e5394b67-51d4-11f1-ba5b-00090ffe0001','9c2c7629-514b-11f1-9abe-6c02e0d26821','1bec2d8a-5147-11f1-9abe-6c02e0d26821','2026-05-17 12:43:44','2026-05-17 12:44:33','2026-05-17 12:43:44'),('e5b66a18-56cb-11f1-ba5b-00090ffe0001','10c69edf-56c7-11f1-ba5b-00090ffe0001','812b4936-207f-11f1-97b2-6c02e0d26821','2026-05-23 20:21:55','2026-05-23 20:21:57','2026-05-23 20:21:55'),('e689a3c3-56cb-11f1-ba5b-00090ffe0001','10c69edf-56c7-11f1-ba5b-00090ffe0001','812b4936-207f-11f1-97b2-6c02e0d26821','2026-05-23 20:21:57','2026-05-23 20:24:47','2026-05-23 20:21:57'),('e7e814aa-56ca-11f1-ba5b-00090ffe0001','10c69edf-56c7-11f1-ba5b-00090ffe0001','812b4936-207f-11f1-97b2-6c02e0d26821','2026-05-23 20:14:49','2026-05-23 20:14:52','2026-05-23 20:14:49'),('e82032db-4ec7-11f1-9abe-6c02e0d26821','4662344d-4ebd-11f1-9abe-6c02e0d26821','f49dab1e-207c-11f1-97b2-6c02e0d26821','2026-05-13 15:33:12','2026-05-13 15:36:13','2026-05-13 15:33:12'),('e953facd-56ca-11f1-ba5b-00090ffe0001','10c69edf-56c7-11f1-ba5b-00090ffe0001','812b4936-207f-11f1-97b2-6c02e0d26821','2026-05-23 20:14:52','2026-05-23 20:15:43','2026-05-23 20:14:52'),('ed2598fd-5ad0-11f1-ba5b-00090ffe0001','8fa10c2d-51f8-11f1-ba5b-00090ffe0001','812b4936-207f-11f1-97b2-6c02e0d26821','2026-05-28 23:08:00','2026-05-28 23:09:10','2026-05-28 23:08:00'),('efaf96e3-56cd-11f1-ba5b-00090ffe0001','10c69edf-56c7-11f1-ba5b-00090ffe0001','eeb08b04-20b0-11f1-97b2-6c02e0d26821','2026-05-23 20:36:31','2026-05-23 20:37:42','2026-05-23 20:36:31'),('fdb5a44d-56af-11f1-9abe-6c02e0d26821','fd4eb5a2-56af-11f1-9abe-6c02e0d26821','3c08ccfe-5478-11f1-9abe-6c02e0d26821','2026-05-23 17:02:10',NULL,'2026-05-23 17:02:10'),('ff100159-51d9-11f1-ba5b-00090ffe0001','44e386b1-51d6-11f1-ba5b-00090ffe0001','812b4936-207f-11f1-97b2-6c02e0d26821','2026-05-17 13:20:15','2026-05-17 13:22:59','2026-05-17 13:20:15');
/*!40000 ALTER TABLE `lesson_study_session` ENABLE KEYS */;
UNLOCK TABLES;

--
-- Table structure for table `lessonprogress`
--

DROP TABLE IF EXISTS `lessonprogress`;
/*!40101 SET @saved_cs_client     = @@character_set_client */;
/*!50503 SET character_set_client = utf8mb4 */;
CREATE TABLE `lessonprogress` (
  `id` varchar(36) CHARACTER SET utf8mb4 COLLATE utf8mb4_unicode_ci NOT NULL,
  `enrollmentId` varchar(36) CHARACTER SET utf8mb4 COLLATE utf8mb4_unicode_ci NOT NULL,
  `lessonId` varchar(36) CHARACTER SET utf8mb4 COLLATE utf8mb4_unicode_ci NOT NULL,
  `completed` tinyint(1) DEFAULT '0',
  `progressPercentage` decimal(5,2) DEFAULT '0.00',
  `startedAt` datetime DEFAULT NULL,
  `completedAt` datetime DEFAULT NULL,
  PRIMARY KEY (`id`),
  UNIQUE KEY `unique_progress` (`enrollmentId`,`lessonId`),
  KEY `lessonId` (`lessonId`),
  CONSTRAINT `lessonprogress_ibfk_1` FOREIGN KEY (`enrollmentId`) REFERENCES `enrollment` (`id`) ON DELETE CASCADE ON UPDATE CASCADE,
  CONSTRAINT `lessonprogress_ibfk_2` FOREIGN KEY (`lessonId`) REFERENCES `lesson` (`id`) ON DELETE CASCADE ON UPDATE CASCADE
) ENGINE=InnoDB DEFAULT CHARSET=utf8mb4 COLLATE=utf8mb4_unicode_ci;
/*!40101 SET character_set_client = @saved_cs_client */;

--
-- Dumping data for table `lessonprogress`
--

LOCK TABLES `lessonprogress` WRITE;
/*!40000 ALTER TABLE `lessonprogress` DISABLE KEYS */;
INSERT INTO `lessonprogress` VALUES ('1278ff98-56c7-11f1-ba5b-00090ffe0001','10c69edf-56c7-11f1-ba5b-00090ffe0001','f49dab1e-207c-11f1-97b2-6c02e0d26821',1,100.00,'2026-05-24 19:08:00','2026-05-23 19:48:32'),('1bb7acc9-56ac-11f1-9abe-6c02e0d26821','74167832-56a9-11f1-9abe-6c02e0d26821','ced9a220-5066-11f1-9abe-6c02e0d26821',1,100.00,'2026-05-23 16:35:28','2026-05-23 16:35:15'),('389c822d-5ded-11f1-8b3d-00090ffe0001','36711aa3-5ded-11f1-8b3d-00090ffe0001','f49dab1e-207c-11f1-97b2-6c02e0d26821',1,100.00,'2026-06-01 22:08:11','2026-06-01 22:08:26'),('3c7b58d5-56ac-11f1-9abe-6c02e0d26821','74167832-56a9-11f1-9abe-6c02e0d26821','cedb8d71-5066-11f1-9abe-6c02e0d26821',1,100.00,'2026-05-23 16:35:30','2026-05-23 16:35:18'),('3cb3a979-56c7-11f1-ba5b-00090ffe0001','10c69edf-56c7-11f1-ba5b-00090ffe0001','812b4936-207f-11f1-97b2-6c02e0d26821',1,100.00,'2026-05-23 20:26:37','2026-05-23 20:24:52'),('4239293a-56ac-11f1-9abe-6c02e0d26821','74167832-56a9-11f1-9abe-6c02e0d26821','cedbda52-5066-11f1-9abe-6c02e0d26821',1,100.00,'2026-05-23 16:35:31','2026-05-23 16:35:28'),('4369ead3-514e-11f1-9abe-6c02e0d26821','9c2c7629-514b-11f1-9abe-6c02e0d26821','1bec2d8a-5147-11f1-9abe-6c02e0d26821',0,0.00,'2026-05-17 12:46:39',NULL),('450ce6e5-51d6-11f1-ba5b-00090ffe0001','44e386b1-51d6-11f1-ba5b-00090ffe0001','f49dab1e-207c-11f1-97b2-6c02e0d26821',1,100.00,'2026-05-17 12:56:40','2026-05-17 12:57:00'),('45568619-56ac-11f1-9abe-6c02e0d26821','74167832-56a9-11f1-9abe-6c02e0d26821','cedc4214-5066-11f1-9abe-6c02e0d26821',1,100.00,'2026-05-23 16:46:58','2026-05-23 16:47:05'),('4609dc98-5ded-11f1-8b3d-00090ffe0001','36711aa3-5ded-11f1-8b3d-00090ffe0001','812b4936-207f-11f1-97b2-6c02e0d26821',0,0.00,'2026-06-01 22:45:52',NULL),('50f85763-56cc-11f1-ba5b-00090ffe0001','10c69edf-56c7-11f1-ba5b-00090ffe0001','eeb08b04-20b0-11f1-97b2-6c02e0d26821',1,100.00,'2026-05-24 19:07:43','2026-05-23 20:35:36'),('5e0cdcda-51d5-11f1-ba5b-00090ffe0001','9c2c7629-514b-11f1-9abe-6c02e0d26821','1bf01185-5147-11f1-9abe-6c02e0d26821',0,0.00,'2026-05-17 12:47:07',NULL),('9fc1b70a-514b-11f1-9abe-6c02e0d26821','9c2c7629-514b-11f1-9abe-6c02e0d26821','1bebc57c-5147-11f1-9abe-6c02e0d26821',1,100.00,'2026-05-17 12:47:04','2026-05-16 20:39:57'),('b30d2ae2-51da-11f1-ba5b-00090ffe0001','44e386b1-51d6-11f1-ba5b-00090ffe0001','eeb08b04-20b0-11f1-97b2-6c02e0d26821',1,100.00,'2026-05-17 13:25:17','2026-05-17 13:25:54'),('c06def4a-51d6-11f1-ba5b-00090ffe0001','44e386b1-51d6-11f1-ba5b-00090ffe0001','812b4936-207f-11f1-97b2-6c02e0d26821',1,100.00,'2026-05-17 16:39:20','2026-05-17 13:25:15'),('dac7f4eb-5ad0-11f1-ba5b-00090ffe0001','8fa10c2d-51f8-11f1-ba5b-00090ffe0001','f49dab1e-207c-11f1-97b2-6c02e0d26821',1,100.00,'2026-05-28 23:07:32','2026-05-28 23:07:49'),('e32c14b3-56ad-11f1-9abe-6c02e0d26821','74167832-56a9-11f1-9abe-6c02e0d26821','cedca602-5066-11f1-9abe-6c02e0d26821',0,0.00,'2026-05-28 23:13:04',NULL),('ed269fde-5ad0-11f1-ba5b-00090ffe0001','8fa10c2d-51f8-11f1-ba5b-00090ffe0001','812b4936-207f-11f1-97b2-6c02e0d26821',0,0.00,'2026-05-28 23:11:23',NULL),('fdb7c29f-56af-11f1-9abe-6c02e0d26821','fd4eb5a2-56af-11f1-9abe-6c02e0d26821','3c08ccfe-5478-11f1-9abe-6c02e0d26821',0,0.00,'2026-05-23 17:02:10',NULL);
/*!40000 ALTER TABLE `lessonprogress` ENABLE KEYS */;
UNLOCK TABLES;

--
-- Table structure for table `live_session`
--

DROP TABLE IF EXISTS `live_session`;
/*!40101 SET @saved_cs_client     = @@character_set_client */;
/*!50503 SET character_set_client = utf8mb4 */;
CREATE TABLE `live_session` (
  `id` varchar(36) CHARACTER SET utf8mb4 COLLATE utf8mb4_unicode_ci NOT NULL,
  `teacherId` varchar(36) CHARACTER SET utf8mb4 COLLATE utf8mb4_unicode_ci NOT NULL,
  `courseId` varchar(36) CHARACTER SET utf8mb4 COLLATE utf8mb4_unicode_ci NOT NULL,
  `title` varchar(191) CHARACTER SET utf8mb4 COLLATE utf8mb4_unicode_ci NOT NULL,
  `description` text CHARACTER SET utf8mb4 COLLATE utf8mb4_unicode_ci,
  `startAt` datetime NOT NULL,
  `endAt` datetime NOT NULL,
  `meetingLink` varchar(512) CHARACTER SET utf8mb4 COLLATE utf8mb4_unicode_ci DEFAULT NULL,
  `status` enum('scheduled','completed') CHARACTER SET utf8mb4 COLLATE utf8mb4_unicode_ci DEFAULT 'scheduled',
  `createdAt` datetime DEFAULT CURRENT_TIMESTAMP,
  `updatedAt` datetime DEFAULT CURRENT_TIMESTAMP ON UPDATE CURRENT_TIMESTAMP,
  PRIMARY KEY (`id`),
  KEY `idx_live_teacher` (`teacherId`),
  KEY `idx_live_course` (`courseId`),
  KEY `idx_live_start` (`startAt`),
  CONSTRAINT `live_session_ibfk_1` FOREIGN KEY (`teacherId`) REFERENCES `user` (`id`) ON DELETE CASCADE ON UPDATE CASCADE,
  CONSTRAINT `live_session_ibfk_2` FOREIGN KEY (`courseId`) REFERENCES `course` (`id`) ON DELETE CASCADE ON UPDATE CASCADE
) ENGINE=InnoDB DEFAULT CHARSET=utf8mb4 COLLATE=utf8mb4_unicode_ci;
/*!40101 SET character_set_client = @saved_cs_client */;

--
-- Dumping data for table `live_session`
--

LOCK TABLES `live_session` WRITE;
/*!40000 ALTER TABLE `live_session` DISABLE KEYS */;
INSERT INTO `live_session` VALUES ('02f74521-2126-482f-9854-e6a318a02bb6','454cfc91-4f80-11f1-ba5b-00090ffe0001','a2fe49a9-507b-11f1-9abe-6c02e0d26821','java meeting',NULL,'2026-06-11 14:30:00','2026-06-11 15:00:00','https://us05web.zoom.us/j/5602138649?pwd=RGQrenk2UWIweVc3bDBrdEhvaUZsdz09','scheduled','2026-05-20 18:31:06','2026-05-20 18:31:06'),('1670895c-755b-4c40-8fe9-bac68ccde9e0','fb9e6f39-4f78-11f1-ba5b-00090ffe0001','4f0dd6ed-2076-11f1-97b2-6c02e0d26821','weekly python meeting',NULL,'2026-05-28 15:00:00','2026-05-28 15:30:00','https://us05web.zoom.us/j/84719948705?pwd=iKTedZ22BqcJlmF6gj9JKGXgx0lDZe.1','scheduled','2026-05-20 14:31:20','2026-05-20 14:31:20'),('1d8002a4-ccb4-4841-abce-31ffaca4e95a','fb9e6f39-4f78-11f1-ba5b-00090ffe0001','4f0dd6ed-2076-11f1-97b2-6c02e0d26821','weekly python meeting',NULL,'2026-06-11 15:00:00','2026-06-11 15:30:00','https://us05web.zoom.us/j/84719948705?pwd=iKTedZ22BqcJlmF6gj9JKGXgx0lDZe.1','scheduled','2026-05-20 14:31:21','2026-05-20 14:31:21'),('1e838bb4-8dff-433a-9ade-40b39f436fb4','454cfc91-4f80-11f1-ba5b-00090ffe0001','5e6bb404-5476-11f1-9abe-6c02e0d26821','C Programming for Beginners','join this meeting','2026-06-01 15:00:00','2026-06-01 16:00:00','https://us05web.zoom.us/j/5602138649?pwd=RGQrenk2UWIweVc3bDBrdEhvaUZsdz09','scheduled','2026-05-26 13:52:44','2026-05-26 13:52:44'),('1ff4ed8d-39bf-45ba-b898-dd500f05e492','454cf356-4f80-11f1-ba5b-00090ffe0001','3f364be3-5143-11f1-9abe-6c02e0d26821','Database and SQL','join this meeting','2026-06-23 18:00:00','2026-06-23 19:00:00','https://us05web.zoom.us/j/5602138649?pwd=RGQrenk2UWIweVc3bDBrdEhvaUZsdz09','scheduled','2026-05-26 13:58:48','2026-05-26 13:58:48'),('270803a2-7f18-4e80-b7fb-a128c99d1cab','454cf356-4f80-11f1-ba5b-00090ffe0001','3f364be3-5143-11f1-9abe-6c02e0d26821','Database and SQL','join this meeting','2026-06-16 18:00:00','2026-06-16 19:00:00','https://us05web.zoom.us/j/5602138649?pwd=RGQrenk2UWIweVc3bDBrdEhvaUZsdz09','scheduled','2026-05-26 13:58:46','2026-05-26 13:58:46'),('2b12075c-f9a2-4def-a975-d04b4da93e35','454cf521-4f80-11f1-ba5b-00090ffe0001','6c78daa9-507d-11f1-9abe-6c02e0d26821','HTML Fundamentals','join this meeting','2026-06-16 22:00:00','2026-06-16 23:00:00','https://us05web.zoom.us/j/5602138649?pwd=RGQrenk2UWIweVc3bDBrdEhvaUZsdz09','scheduled','2026-05-26 13:55:49','2026-05-26 13:55:49'),('2fae838b-dca0-46d3-ad13-fc1d7ed09dfc','454cfc91-4f80-11f1-ba5b-00090ffe0001','a2fe49a9-507b-11f1-9abe-6c02e0d26821','java meeting',NULL,'2026-05-28 14:30:00','2026-05-28 15:00:00','https://us05web.zoom.us/j/5602138649?pwd=RGQrenk2UWIweVc3bDBrdEhvaUZsdz09','scheduled','2026-05-20 18:31:06','2026-05-20 18:31:06'),('39885e33-9081-4452-8505-2d0c0fdf87e9','fb9e6f39-4f78-11f1-ba5b-00090ffe0001','4f0dd6ed-2076-11f1-97b2-6c02e0d26821','weekly python meeting',NULL,'2026-06-04 15:00:00','2026-06-04 15:30:00','https://us05web.zoom.us/j/84719948705?pwd=iKTedZ22BqcJlmF6gj9JKGXgx0lDZe.1','scheduled','2026-05-20 14:31:21','2026-05-20 14:31:21'),('45a8f5f9-bb3a-4ca4-b794-d92c39366cf2','454cf356-4f80-11f1-ba5b-00090ffe0001','3f364be3-5143-11f1-9abe-6c02e0d26821','Database and SQL','join this meeting','2026-06-09 18:00:00','2026-06-09 19:00:00','https://us05web.zoom.us/j/5602138649?pwd=RGQrenk2UWIweVc3bDBrdEhvaUZsdz09','scheduled','2026-05-26 13:58:45','2026-05-26 13:58:45'),('6a649dea-5be9-46c5-94f4-4dcfcf030c1b','454cf521-4f80-11f1-ba5b-00090ffe0001','6c78daa9-507d-11f1-9abe-6c02e0d26821','HTML Fundamentals','join this meeting','2026-06-23 22:00:00','2026-06-23 23:00:00','https://us05web.zoom.us/j/5602138649?pwd=RGQrenk2UWIweVc3bDBrdEhvaUZsdz09','scheduled','2026-05-26 13:55:49','2026-05-26 13:55:49'),('6ab4aea2-08fe-4fd4-ad90-f9e8596c79a6','fb9e6f39-4f78-11f1-ba5b-00090ffe0001','4f0dd6ed-2076-11f1-97b2-6c02e0d26821','weekly python meeting',NULL,'2026-05-21 15:00:00','2026-05-21 15:30:00','https://us05web.zoom.us/j/84719948705?pwd=iKTedZ22BqcJlmF6gj9JKGXgx0lDZe.1','scheduled','2026-05-20 14:31:09','2026-05-20 14:31:09'),('8cc97de7-f3e6-4a19-b54a-0e5024e99844','454cf521-4f80-11f1-ba5b-00090ffe0001','6c78daa9-507d-11f1-9abe-6c02e0d26821','HTML Fundamentals','join this meeting','2026-06-02 22:00:00','2026-06-02 23:00:00','https://us05web.zoom.us/j/5602138649?pwd=RGQrenk2UWIweVc3bDBrdEhvaUZsdz09','scheduled','2026-05-26 13:55:49','2026-05-26 13:55:49'),('9b3ac0d1-61d8-4c6f-a7f3-53feb0761ed8','454cf521-4f80-11f1-ba5b-00090ffe0001','6c78daa9-507d-11f1-9abe-6c02e0d26821','HTML Fundamentals','join this meeting','2026-06-09 22:00:00','2026-06-09 23:00:00','https://us05web.zoom.us/j/5602138649?pwd=RGQrenk2UWIweVc3bDBrdEhvaUZsdz09','scheduled','2026-05-26 13:55:49','2026-05-26 13:55:49'),('cc1d4f1b-72cb-4f7d-a914-811db2bcf7fb','454cfc91-4f80-11f1-ba5b-00090ffe0001','a2fe49a9-507b-11f1-9abe-6c02e0d26821','java meeting',NULL,'2026-06-18 14:30:00','2026-06-18 15:00:00','https://us05web.zoom.us/j/5602138649?pwd=RGQrenk2UWIweVc3bDBrdEhvaUZsdz09','scheduled','2026-05-20 18:31:06','2026-05-20 18:31:06'),('e16c1abf-5c67-41e1-9ac2-f68cd1c56043','454cf356-4f80-11f1-ba5b-00090ffe0001','3f364be3-5143-11f1-9abe-6c02e0d26821','Database and SQL','join this meeting','2026-06-02 18:00:00','2026-06-02 19:00:00','https://us05web.zoom.us/j/5602138649?pwd=RGQrenk2UWIweVc3bDBrdEhvaUZsdz09','scheduled','2026-05-26 13:58:43','2026-05-26 13:58:43'),('e1dba493-986c-4964-9c17-b8fef8a3924b','454cfc91-4f80-11f1-ba5b-00090ffe0001','5e6bb404-5476-11f1-9abe-6c02e0d26821','C Programming for Beginners','join this meeting','2026-06-22 15:00:00','2026-06-22 16:00:00','https://us05web.zoom.us/j/5602138649?pwd=RGQrenk2UWIweVc3bDBrdEhvaUZsdz09','scheduled','2026-05-26 13:52:51','2026-05-26 13:52:51'),('e7e26642-ee1a-40e4-85ff-eb1a6fd4998f','454cfc91-4f80-11f1-ba5b-00090ffe0001','a2fe49a9-507b-11f1-9abe-6c02e0d26821','java meeting',NULL,'2026-06-04 14:30:00','2026-06-04 15:00:00','https://us05web.zoom.us/j/5602138649?pwd=RGQrenk2UWIweVc3bDBrdEhvaUZsdz09','scheduled','2026-05-20 18:31:06','2026-05-20 18:31:06'),('e9ea09e1-359e-4c89-b460-ef6de69250df','454cfc91-4f80-11f1-ba5b-00090ffe0001','a2fe49a9-507b-11f1-9abe-6c02e0d26821','java meeting',NULL,'2026-05-21 14:30:00','2026-05-21 15:00:00','https://us05web.zoom.us/j/5602138649?pwd=RGQrenk2UWIweVc3bDBrdEhvaUZsdz09','scheduled','2026-05-20 18:31:06','2026-05-20 18:31:06'),('ec838921-17a4-4e07-9725-2be8970026be','454cfc91-4f80-11f1-ba5b-00090ffe0001','5e6bb404-5476-11f1-9abe-6c02e0d26821','C Programming for Beginners','join this meeting','2026-06-08 15:00:00','2026-06-08 16:00:00','https://us05web.zoom.us/j/5602138649?pwd=RGQrenk2UWIweVc3bDBrdEhvaUZsdz09','scheduled','2026-05-26 13:52:46','2026-05-26 13:52:46'),('ee9c9d81-6401-4c15-bc17-0609d505cb73','454cfc91-4f80-11f1-ba5b-00090ffe0001','5e6bb404-5476-11f1-9abe-6c02e0d26821','C Programming for Beginners','join this meeting','2026-06-15 15:00:00','2026-06-15 16:00:00','https://us05web.zoom.us/j/5602138649?pwd=RGQrenk2UWIweVc3bDBrdEhvaUZsdz09','scheduled','2026-05-26 13:52:49','2026-05-26 13:52:49');
/*!40000 ALTER TABLE `live_session` ENABLE KEYS */;
UNLOCK TABLES;

--
-- Table structure for table `live_session_attendance`
--

DROP TABLE IF EXISTS `live_session_attendance`;
/*!40101 SET @saved_cs_client     = @@character_set_client */;
/*!50503 SET character_set_client = utf8mb4 */;
CREATE TABLE `live_session_attendance` (
  `id` varchar(36) CHARACTER SET utf8mb4 COLLATE utf8mb4_unicode_ci NOT NULL,
  `sessionId` varchar(36) CHARACTER SET utf8mb4 COLLATE utf8mb4_unicode_ci NOT NULL,
  `studentId` varchar(36) CHARACTER SET utf8mb4 COLLATE utf8mb4_unicode_ci NOT NULL,
  `attended` tinyint(1) DEFAULT '0',
  `markedAt` datetime DEFAULT NULL,
  PRIMARY KEY (`id`),
  UNIQUE KEY `unique_session_student` (`sessionId`,`studentId`),
  KEY `idx_att_session` (`sessionId`),
  KEY `idx_att_student` (`studentId`),
  CONSTRAINT `live_session_attendance_ibfk_1` FOREIGN KEY (`sessionId`) REFERENCES `live_session` (`id`) ON DELETE CASCADE ON UPDATE CASCADE,
  CONSTRAINT `live_session_attendance_ibfk_2` FOREIGN KEY (`studentId`) REFERENCES `user` (`id`) ON DELETE CASCADE ON UPDATE CASCADE
) ENGINE=InnoDB DEFAULT CHARSET=utf8mb4 COLLATE=utf8mb4_unicode_ci;
/*!40101 SET character_set_client = @saved_cs_client */;

--
-- Dumping data for table `live_session_attendance`
--

LOCK TABLES `live_session_attendance` WRITE;
/*!40000 ALTER TABLE `live_session_attendance` DISABLE KEYS */;
INSERT INTO `live_session_attendance` VALUES ('00754f9d-c7ba-4de1-af78-6148922da723','45a8f5f9-bb3a-4ca4-b794-d92c39366cf2','2f3a673d-514a-11f1-9abe-6c02e0d26821',0,NULL),('0aa28140-22f9-4a8a-a89a-c788a60516db','1e838bb4-8dff-433a-9ade-40b39f436fb4','2f3a673d-514a-11f1-9abe-6c02e0d26821',0,NULL),('12de05e6-76f3-4cab-8c55-48b8d6594c16','39885e33-9081-4452-8505-2d0c0fdf87e9','4826ef9b-51f7-11f1-ba5b-00090ffe0001',0,NULL),('2dff0e7c-d08b-4a9b-91f5-3098c922d3fa','e16c1abf-5c67-41e1-9ac2-f68cd1c56043','2f3a673d-514a-11f1-9abe-6c02e0d26821',0,NULL),('407485da-1f21-4a8f-aa3a-72ad4f17d49c','e1dba493-986c-4964-9c17-b8fef8a3924b','2f3a673d-514a-11f1-9abe-6c02e0d26821',0,NULL),('53a38bf5-59af-4107-8004-3b6c86ccbe60','1670895c-755b-4c40-8fe9-bac68ccde9e0','4826ef9b-51f7-11f1-ba5b-00090ffe0001',0,NULL),('67e0f2e9-1b09-4510-9589-d295e0acb643','6ab4aea2-08fe-4fd4-ad90-f9e8596c79a6','4826ef9b-51f7-11f1-ba5b-00090ffe0001',0,NULL),('68af1bfb-0859-44b1-a3dc-62f7dea2072a','ec838921-17a4-4e07-9725-2be8970026be','2f3a673d-514a-11f1-9abe-6c02e0d26821',0,NULL),('6c067930-5218-4b9f-870a-0b698a2aad1a','270803a2-7f18-4e80-b7fb-a128c99d1cab','2f3a673d-514a-11f1-9abe-6c02e0d26821',0,NULL),('769559df-f4e1-49bc-a590-a84823a6bc0b','1d8002a4-ccb4-4841-abce-31ffaca4e95a','4826ef9b-51f7-11f1-ba5b-00090ffe0001',0,NULL),('b9e98cd8-2f9e-4230-9292-c556763ce149','1ff4ed8d-39bf-45ba-b898-dd500f05e492','2f3a673d-514a-11f1-9abe-6c02e0d26821',0,NULL),('f5735fde-5a2e-49af-9041-55f4c8a8c02a','ee9c9d81-6401-4c15-bc17-0609d505cb73','2f3a673d-514a-11f1-9abe-6c02e0d26821',0,NULL);
/*!40000 ALTER TABLE `live_session_attendance` ENABLE KEYS */;
UNLOCK TABLES;

--
-- Table structure for table `module`
--

DROP TABLE IF EXISTS `module`;
/*!40101 SET @saved_cs_client     = @@character_set_client */;
/*!50503 SET character_set_client = utf8mb4 */;
CREATE TABLE `module` (
  `id` varchar(36) CHARACTER SET utf8mb4 COLLATE utf8mb4_unicode_ci NOT NULL,
  `courseId` varchar(36) CHARACTER SET utf8mb4 COLLATE utf8mb4_unicode_ci NOT NULL,
  `title` varchar(191) CHARACTER SET utf8mb4 COLLATE utf8mb4_unicode_ci NOT NULL,
  `description` text CHARACTER SET utf8mb4 COLLATE utf8mb4_unicode_ci,
  `orderNumber` int NOT NULL,
  `createdAt` datetime DEFAULT CURRENT_TIMESTAMP,
  `updatedAt` datetime DEFAULT CURRENT_TIMESTAMP ON UPDATE CURRENT_TIMESTAMP,
  PRIMARY KEY (`id`),
  UNIQUE KEY `unique_order` (`courseId`,`orderNumber`),
  CONSTRAINT `module_ibfk_1` FOREIGN KEY (`courseId`) REFERENCES `course` (`id`) ON DELETE CASCADE ON UPDATE CASCADE
) ENGINE=InnoDB DEFAULT CHARSET=utf8mb4 COLLATE=utf8mb4_unicode_ci;
/*!40101 SET character_set_client = @saved_cs_client */;

--
-- Dumping data for table `module`
--

LOCK TABLES `module` WRITE;
/*!40000 ALTER TABLE `module` DISABLE KEYS */;
INSERT INTO `module` VALUES ('1beb3952-5147-11f1-9abe-6c02e0d26821','3f364be3-5143-11f1-9abe-6c02e0d26821','Foundations of Databases & SQL','Introduce core database concepts, installation, and basic interactions with a relational DBMS.',1,'2026-05-16 19:48:47','2026-05-16 19:48:47'),('1befaa6b-5147-11f1-9abe-6c02e0d26821','3f364be3-5143-11f1-9abe-6c02e0d26821','Data Modeling and Schema Design','Teach entity-relationship modeling, normalization, and translating models into SQL schema.',2,'2026-05-16 19:48:47','2026-05-16 19:48:47'),('1bf2eec0-5147-11f1-9abe-6c02e0d26821','3f364be3-5143-11f1-9abe-6c02e0d26821','Querying Single Tables with SQL','Cover SELECT basics, filtering, sorting, expressions, and common functions on single-table queries.',3,'2026-05-16 19:48:47','2026-05-16 19:48:47'),('1bf75341-5147-11f1-9abe-6c02e0d26821','3f364be3-5143-11f1-9abe-6c02e0d26821','Aggregation, Grouping, and Advanced Aggregates','Teach grouping, HAVING, window functions, and advanced multi-level aggregation techniques.',4,'2026-05-16 19:48:47','2026-05-16 19:48:47'),('1bfa0ae5-5147-11f1-9abe-6c02e0d26821','3f364be3-5143-11f1-9abe-6c02e0d26821','Joins, Subqueries, and Set Operations','Explain how to combine data across tables using joins, subqueries, and set operators with performance considerations.',5,'2026-05-16 19:48:47','2026-05-16 19:48:47'),('1bfd52e9-5147-11f1-9abe-6c02e0d26821','3f364be3-5143-11f1-9abe-6c02e0d26821','Data Modification, Transactions, and Concurrency','Teach safe data modification, transactional control, isolation, locking, and upsert patterns.',6,'2026-05-16 19:48:47','2026-05-16 19:48:47'),('1bffe50a-5147-11f1-9abe-6c02e0d26821','3f364be3-5143-11f1-9abe-6c02e0d26821','Indexing, Performance Tuning, and Scaling','Focus on indexing strategies, query analysis, partitioning, and other performance-improving techniques.',7,'2026-05-16 19:48:47','2026-05-16 19:48:47'),('1c0259a6-5147-11f1-9abe-6c02e0d26821','3f364be3-5143-11f1-9abe-6c02e0d26821','Advanced SQL Features and Specialized Data Types','Cover JSON/JSONB, arrays, composite types, full-text search, and writing database-side functions.',8,'2026-05-16 19:48:47','2026-05-16 19:48:47'),('1c0561e7-5147-11f1-9abe-6c02e0d26821','3f364be3-5143-11f1-9abe-6c02e0d26821','Security, Operations, and Capstone Project','Teach security best practices, backup/replication, auditing, and apply everything in a practical capstone schema and query set.',9,'2026-05-16 19:48:47','2026-05-16 19:48:47'),('1f4967f9-4fbe-11f1-9abe-6c02e0d26821','d6476901-4fbb-11f1-9abe-6c02e0d26821','Introduction to Backend Development','This chapter explains what backend development is, how the internet works behind the scenes, and why Node.js became one of the most popular backend technologies.',1,'2026-05-14 20:55:41','2026-05-14 20:55:41'),('2b4f1c0b-4fc4-11f1-9abe-6c02e0d26821','d6476901-4fbb-11f1-9abe-6c02e0d26821','Node.js Fundamentals','In this chapter, students will master the core foundations of Node.js. They will learn about the CommonJS module system, how to create and export modules, and explore important built-in modules such as fs, path, os, and events. This chapter builds the essential skills needed to work effectively with Node.js before moving into more advanced topics.',2,'2026-05-14 21:38:58','2026-05-14 21:38:58'),('2f1e8078-5133-11f1-9abe-6c02e0d26821','ed1b33e8-5132-11f1-9abe-6c02e0d26821','TypeScript Essentials for the Web','Core TypeScript language features and compiler options applied to typical web development tasks.',1,'2026-05-16 17:26:10','2026-05-16 17:26:10'),('2f23c7bf-5133-11f1-9abe-6c02e0d26821','ed1b33e8-5132-11f1-9abe-6c02e0d26821','Tooling, Build, and Runtime Integration','Configure build tools, bundlers, and runtime integration to compile, lint, and ship TypeScript web applications.',2,'2026-05-16 17:26:10','2026-05-16 17:26:10'),('2f27500d-5133-11f1-9abe-6c02e0d26821','ed1b33e8-5132-11f1-9abe-6c02e0d26821','TypeScript with Modern Frontend Frameworks','Apply TypeScript patterns and best practices within popular frontend frameworks for building robust web UIs.',3,'2026-05-16 17:26:10','2026-05-16 17:26:10'),('2f2cd183-5133-11f1-9abe-6c02e0d26821','ed1b33e8-5132-11f1-9abe-6c02e0d26821','DOM, Browser APIs, and Client-side Data Handling','Use TypeScript to safely interact with DOM APIs, handle network data, and work with advanced browser features.',4,'2026-05-16 17:26:10','2026-05-16 17:26:10'),('2f30ad4f-5133-11f1-9abe-6c02e0d26821','ed1b33e8-5132-11f1-9abe-6c02e0d26821','Advanced Patterns, Testing, and Deployment for the Web','Advanced TypeScript type-system techniques, testing strategies, migration tactics, and optimizations for production web apps.',5,'2026-05-16 17:26:10','2026-05-16 17:26:10'),('328f0e15-4fc4-11f1-9abe-6c02e0d26821','d6476901-4fbb-11f1-9abe-6c02e0d26821','Asynchronous Programming in Node.js','This is one of the most important chapters in the course. It covers the non-blocking nature of Node.js and dives deep into asynchronous programming patterns. Students will learn callbacks, Promises, async/await syntax, error handling, and gain a solid understanding of the Event Loop ظـزظــظ¤ش┬ظ¤ش╪ش the heart of Node.js performance.',3,'2026-05-14 21:39:10','2026-05-14 21:39:10'),('3ae5fc6a-4fc4-11f1-9abe-6c02e0d26821','d6476901-4fbb-11f1-9abe-6c02e0d26821','Building Web Servers with Express.js','In this chapter, students will learn how to create web servers using Node.js. They will start with the built-in HTTP module, then move to Express.js ظـزظــظ¤ش┬ظ¤ش╪ش the most popular web framework for Node.js. Topics include routing, middleware, request and response objects, and serving static files.',4,'2026-05-14 21:39:24','2026-05-14 21:39:24'),('3c059e4e-5478-11f1-9abe-6c02e0d26821','5e6bb404-5476-11f1-9abe-6c02e0d26821','Fundamentals of C and Tooling','Covers what C is, how C programs are built and executed, and how to set up the tools needed to write and run code. This foundation ensures learners can create, compile, and debug simple programs on their own.',1,'2026-05-20 21:18:00','2026-05-20 21:18:00'),('3c1f5e4a-5478-11f1-9abe-6c02e0d26821','5e6bb404-5476-11f1-9abe-6c02e0d26821','Core C Syntax, Types, and Control Flow','Introduces C\'s core language features╪╕┬┬جtypes, operators, and control structures╪╕┬┬جso learners can write meaningful programs that store and manipulate data. Mastering these topics is essential for correct and predictable behavior.',2,'2026-05-20 21:18:00','2026-05-20 21:18:00'),('3c28c53d-5478-11f1-9abe-6c02e0d26821','5e6bb404-5476-11f1-9abe-6c02e0d26821','Functions, Pointers, Arrays, and Memory','Builds on core syntax to teach modular code, pointers, arrays/strings, and dynamic memory management, which are central to C programming. These concepts enable more flexible and efficient programs but require careful handling.',3,'2026-05-20 21:18:00','2026-05-20 21:18:00'),('3c317fc8-5478-11f1-9abe-6c02e0d26821','5e6bb404-5476-11f1-9abe-6c02e0d26821','File I/O, Data Structures, and Project Practices','Applies learned concepts to real-world tasks: file I/O, building command-line tools, implementing data structures, and applying testing and debugging workflows. This module prepares learners to build practical C programs.',4,'2026-05-20 21:18:00','2026-05-20 21:18:00'),('3e9eefdb-5522-11f1-9abe-6c02e0d26821','5de2c59c-551f-11f1-9abe-6c02e0d26821','Foundations of Algorithms in Python','Covers core algorithmic thinking, Big-O complexity, and the specific Python constructs used to write and reason about algorithms. This foundation ensures students can measure performance and write basic algorithmic code correctly.',1,'2026-05-21 17:34:59','2026-05-21 17:34:59'),('3ea8e225-5522-11f1-9abe-6c02e0d26821','5de2c59c-551f-11f1-9abe-6c02e0d26821','Linear Data Structures','Introduces sequence and linear data structures in Python╪╕┬┬جhow to implement and use lists, stacks, queues, and linked lists. Mastery here enables efficient data organization and direct application in algorithmic problems.',2,'2026-05-21 17:34:59','2026-05-21 17:34:59'),('3eb1ad1b-5522-11f1-9abe-6c02e0d26821','5de2c59c-551f-11f1-9abe-6c02e0d26821','Trees, Heaps, and Hashing','Covers non-linear structures: hash tables, heaps, binary trees, and binary search trees, focusing on Python implementations and performance trade-offs. These structures are essential for search, priority handling, and ordered data storage.',3,'2026-05-21 17:34:59','2026-05-21 17:34:59'),('3ec5d05d-5522-11f1-9abe-6c02e0d26821','5de2c59c-551f-11f1-9abe-6c02e0d26821','Graphs and Traversal Algorithms','Introduces graph representations and core algorithms: BFS, DFS, shortest paths, cycle detection, and topological sorting with Python implementations. Graph skills are critical for network, dependency, and path-finding problems.',4,'2026-05-21 17:34:59','2026-05-21 17:34:59'),('3ecc364e-5522-11f1-9abe-6c02e0d26821','5de2c59c-551f-11f1-9abe-6c02e0d26821','Algorithmic Problem Solving & Real-World Applications','Teaches common design patterns, advanced sorting, dynamic programming, and strategies for adapting algorithms to constraints and production environments. This module focuses on solving real algorithm problems and preparing solutions for interviews or production use.',5,'2026-05-21 17:34:59','2026-05-21 17:34:59'),('42dd539e-4fc4-11f1-9abe-6c02e0d26821','d6476901-4fbb-11f1-9abe-6c02e0d26821','Working with Databases','This chapter focuses on connecting Node.js applications to databases. Students will learn how to work with MongoDB using Mongoose (NoSQL) and get an introduction to SQL databases using PostgreSQL. They will also learn how to manage configuration securely using environment variables.',5,'2026-05-14 21:39:37','2026-05-14 21:39:37'),('494147be-4fc4-11f1-9abe-6c02e0d26821','d6476901-4fbb-11f1-9abe-6c02e0d26821','RESTful APIs and Advanced Express','Students will learn how to design and build clean, scalable RESTful APIs. This chapter covers proper HTTP methods and status codes, CRUD operations, route organization, controller structure, input validation using Joi or Zod, and best practices for structuring Express applications.',6,'2026-05-14 21:39:48','2026-05-14 21:39:48'),('512732ad-4fc4-11f1-9abe-6c02e0d26821','d6476901-4fbb-11f1-9abe-6c02e0d26821','Authentication and Authorization','Security is a critical part of any backend application. In this chapter, students will implement user registration, login, password hashing with bcrypt, and token-based authentication using JSON Web Tokens (JWT). They will also build protected routes using custom authentication middleware.',7,'2026-05-14 21:40:01','2026-05-14 21:40:01'),('5bd192c9-4fc4-11f1-9abe-6c02e0d26821','d6476901-4fbb-11f1-9abe-6c02e0d26821','Error Handling, Logging, and Testing','This chapter teaches how to make applications reliable and maintainable. Students will learn centralized error handling, custom error classes, structured logging with Winston or Pino, and how to write automated tests using Jest and Supertest for both unit and integration testing.',8,'2026-05-14 21:40:19','2026-05-14 21:40:19'),('5faffc1a-4fc4-11f1-9abe-6c02e0d26821','d6476901-4fbb-11f1-9abe-6c02e0d26821','Security, Performance & Production','In the final chapter, students will prepare their applications for the real world. Topics include security best practices (Helmet, CORS, rate limiting), performance optimization, environment configuration, and deploying Node.js applications to platforms like Render, Railway, or Vercel.',9,'2026-05-14 21:40:26','2026-05-14 21:40:26'),('603620ee-20b0-11f1-97b2-6c02e0d26821','4f0dd6ed-2076-11f1-97b2-6c02e0d26821','Python Basics','-Python Syntax and Indentation\n-Variables and Data Types\n-Numbers and Mathematical Operations\n-Strings and String Manipulation\n-Comments and Code Readability\n-Input and Output in Python',2,'2026-03-15 22:48:52','2026-03-15 22:48:52'),('724c6c24-507c-11f1-9abe-6c02e0d26821','a2fe49a9-507b-11f1-9abe-6c02e0d26821','Module 1 ظـزظــظ¤ش┬ظ¤ش╪ش Java Setup and Basic Syntax','Introduce the Java platform, install tools, and learn the fundamental syntax needed to write and run simple Java programs.',1,'2026-05-15 19:38:04','2026-05-15 19:38:04'),('7252ac5d-507c-11f1-9abe-6c02e0d26821','a2fe49a9-507b-11f1-9abe-6c02e0d26821','Module 2 ظـزظــظ¤ش┬ظ¤ش╪ش Core Language Constructs','Cover Java operators, control flow, methods, arrays, and String handling to build non-trivial single-class programs.',2,'2026-05-15 19:38:04','2026-05-15 19:38:04'),('72561198-507c-11f1-9abe-6c02e0d26821','a2fe49a9-507b-11f1-9abe-6c02e0d26821','Module 3 ظـزظــظ¤ش┬ظ¤ش╪ش Object-Oriented Programming in Java','Teach Java\'s object-oriented features: classes and objects, encapsulation, inheritance, polymorphism, and interfaces to design modular programs.',3,'2026-05-15 19:38:04','2026-05-15 19:38:04'),('7259887e-507c-11f1-9abe-6c02e0d26821','a2fe49a9-507b-11f1-9abe-6c02e0d26821','Module 4 ظـزظــظ¤ش┬ظ¤ش╪ش Collections, Generics, Exceptions, and I/O','Introduce Java Collections, generics for type safety, exception handling patterns, and file I/O for persistent data access.',4,'2026-05-15 19:38:04','2026-05-15 19:38:04'),('725be7d4-507c-11f1-9abe-6c02e0d26821','a2fe49a9-507b-11f1-9abe-6c02e0d26821','Module 5 ظـزظــظ¤ش┬ظ¤ش╪ش Concurrency, Networking, Databases, and Tooling','Move to advanced practical skills: multithreading, networking, database access, and build/testing tools commonly used in Java projects.',5,'2026-05-15 19:38:04','2026-05-15 19:38:04'),('7c0ea9ec-2079-11f1-97b2-6c02e0d26821','4f0dd6ed-2076-11f1-97b2-6c02e0d26821','Introduction to Python','-What is Python?\n-History and Features of Python\n-Installing Python and Setting Up the Environment\n-Writing Your First Python Program\n-Understanding the Python Interpreter\n-Python IDEs (VS Code, PyCharm, Jupyter)',1,'2026-03-15 16:15:56','2026-03-15 21:55:53'),('95e8af72-5082-11f1-9abe-6c02e0d26821','4d9de360-5082-11f1-9abe-6c02e0d26821','Getting Started with CSS','Introduce CSS concepts, how to include styles in HTML, and fundamental syntax and selectors.',1,'2026-05-15 20:22:01','2026-05-15 20:22:01'),('95ee65d5-5082-11f1-9abe-6c02e0d26821','4d9de360-5082-11f1-9abe-6c02e0d26821','Box Model and Layout Basics','Cover the core box model, display types, positioning, floats, and measurement units that determine element layout.',2,'2026-05-15 20:22:01','2026-05-15 20:22:01'),('95f0f22e-5082-11f1-9abe-6c02e0d26821','4d9de360-5082-11f1-9abe-6c02e0d26821','Visual Styling: Color, Typography, and Backgrounds','Style text, colors, backgrounds, and images to create visually appealing interfaces and readable content.',3,'2026-05-15 20:22:01','2026-05-15 20:22:01'),('95f4152d-5082-11f1-9abe-6c02e0d26821','4d9de360-5082-11f1-9abe-6c02e0d26821','Modern Layouts and Responsive Design','Teach Flexbox, Grid, responsive strategies, and modern sizing functions to build adaptive layouts.',4,'2026-05-15 20:22:01','2026-05-15 20:22:01'),('95f75512-5082-11f1-9abe-6c02e0d26821','4d9de360-5082-11f1-9abe-6c02e0d26821','Interactivity, Optimization, and Best Practices','Add motion, variables, accessibility, performance optimizations, and maintainable workflows for production-ready CSS.',5,'2026-05-15 20:22:01','2026-05-15 20:22:01'),('bbc3623c-5132-11f1-9abe-6c02e0d26821','072aba94-5083-11f1-9abe-6c02e0d26821','Getting Started: JavaScript Fundamentals','Introduce core JavaScript concepts, syntax, and basic control structures to build a strong foundation.',1,'2026-05-16 17:22:56','2026-05-16 17:22:56'),('bbc8afc3-5132-11f1-9abe-6c02e0d26821','072aba94-5083-11f1-9abe-6c02e0d26821','Functions, Scope, and Error Handling','Cover function creation, scope management, modern function syntax, and techniques for handling and debugging errors.',2,'2026-05-16 17:22:56','2026-05-16 17:22:56'),('bbcc42ff-5132-11f1-9abe-6c02e0d26821','072aba94-5083-11f1-9abe-6c02e0d26821','Working with Objects and Arrays','Teach building and manipulating structured data with objects, arrays, JSON, and common functional helpers.',3,'2026-05-16 17:22:56','2026-05-16 17:22:56'),('bbd21409-5132-11f1-9abe-6c02e0d26821','072aba94-5083-11f1-9abe-6c02e0d26821','DOM, Events, and Browser APIs','Focus on interacting with web pages: selecting and modifying DOM elements, responding to events, and using browser storage.',4,'2026-05-16 17:22:56','2026-05-16 17:22:56'),('bbd5ee54-5132-11f1-9abe-6c02e0d26821','072aba94-5083-11f1-9abe-6c02e0d26821','Asynchronous JavaScript and Modern Workflow','Introduce asynchronous patterns, API interaction, ES modules, and basic project tooling for real-world JavaScript development.',5,'2026-05-16 17:22:56','2026-05-16 17:22:56'),('c51cc579-507d-11f1-9abe-6c02e0d26821','6c78daa9-507d-11f1-9abe-6c02e0d26821','Getting Started with HTML','Foundational concepts and the basic building blocks of an HTML document.',1,'2026-05-15 19:47:33','2026-05-15 19:47:33'),('c523bee3-507d-11f1-9abe-6c02e0d26821','6c78daa9-507d-11f1-9abe-6c02e0d26821','Semantic HTML and Document Structure','Use semantic elements and grouping to create meaningful, accessible page structure.',2,'2026-05-15 19:47:33','2026-05-15 19:47:33'),('c526ac8d-507d-11f1-9abe-6c02e0d26821','6c78daa9-507d-11f1-9abe-6c02e0d26821','Multimedia, Embedding, and Responsive Images','Embed and optimize media and external content for modern devices.',3,'2026-05-15 19:47:33','2026-05-15 19:47:33'),('c528e565-507d-11f1-9abe-6c02e0d26821','6c78daa9-507d-11f1-9abe-6c02e0d26821','Forms, Input Types, and Client-Side Validation','Build robust, accessible forms and leverage HTML features for input validation and UX.',4,'2026-05-15 19:47:33','2026-05-15 19:47:33'),('ced93aab-5066-11f1-9abe-6c02e0d26821','dde5cde4-4fcc-11f1-9abe-6c02e0d26821','Getting Started with Express','Set up an Express project, understand core concepts, and create basic, modular routes.',1,'2026-05-15 17:03:11','2026-05-15 17:03:11'),('cedd13cc-5066-11f1-9abe-6c02e0d26821','dde5cde4-4fcc-11f1-9abe-6c02e0d26821','Request Processing and Middleware','Learn to parse requests, validate input, handle files, and implement middleware patterns for cross-cutting concerns.',2,'2026-05-15 17:03:11','2026-05-15 17:03:11'),('cee1053e-5066-11f1-9abe-6c02e0d26821','dde5cde4-4fcc-11f1-9abe-6c02e0d26821','Building RESTful APIs with Databases','Design and implement RESTful endpoints integrated with a database, including patterns for modeling, queries, and transactions.',3,'2026-05-15 17:03:11','2026-05-15 17:03:11'),('cee246fd-5066-11f1-9abe-6c02e0d26821','dde5cde4-4fcc-11f1-9abe-6c02e0d26821','Security, Authentication, and Testing','Protect APIs, implement authentication and authorization, and verify behavior through automated tests.',4,'2026-05-15 17:03:11','2026-05-15 17:03:11');
/*!40000 ALTER TABLE `module` ENABLE KEYS */;
UNLOCK TABLES;

--
-- Table structure for table `notification`
--

DROP TABLE IF EXISTS `notification`;
/*!40101 SET @saved_cs_client     = @@character_set_client */;
/*!50503 SET character_set_client = utf8mb4 */;
CREATE TABLE `notification` (
  `id` varchar(36) CHARACTER SET utf8mb4 COLLATE utf8mb4_unicode_ci NOT NULL,
  `recipientId` varchar(36) CHARACTER SET utf8mb4 COLLATE utf8mb4_unicode_ci NOT NULL,
  `recipientRole` enum('admin','teacher','student') CHARACTER SET utf8mb4 COLLATE utf8mb4_general_ci NOT NULL,
  `type` varchar(80) CHARACTER SET utf8mb4 COLLATE utf8mb4_unicode_ci NOT NULL,
  `title` varchar(255) CHARACTER SET utf8mb4 COLLATE utf8mb4_unicode_ci NOT NULL,
  `message` text CHARACTER SET utf8mb4 COLLATE utf8mb4_general_ci NOT NULL,
  `relatedUserId` varchar(36) CHARACTER SET utf8mb4 COLLATE utf8mb4_unicode_ci DEFAULT NULL,
  `courseId` varchar(36) CHARACTER SET utf8mb4 COLLATE utf8mb4_unicode_ci DEFAULT NULL,
  `sourceTable` varchar(64) CHARACTER SET utf8mb4 COLLATE utf8mb4_unicode_ci DEFAULT NULL,
  `sourceId` varchar(36) CHARACTER SET utf8mb4 COLLATE utf8mb4_unicode_ci DEFAULT NULL,
  `createdAt` datetime NOT NULL DEFAULT CURRENT_TIMESTAMP,
  `readAt` datetime DEFAULT NULL,
  `deletedAt` datetime DEFAULT NULL,
  PRIMARY KEY (`id`),
  KEY `idx_notification_recipient` (`recipientId`,`recipientRole`),
  KEY `idx_notification_created` (`createdAt`),
  KEY `idx_notification_type` (`type`),
  KEY `idx_notification_read` (`readAt`),
  KEY `idx_notification_source` (`sourceTable`,`sourceId`)
) ENGINE=InnoDB DEFAULT CHARSET=utf8mb4 COLLATE=utf8mb4_general_ci;
/*!40101 SET character_set_client = @saved_cs_client */;

--
-- Dumping data for table `notification`
--

LOCK TABLES `notification` WRITE;
/*!40000 ALTER TABLE `notification` DISABLE KEYS */;
INSERT INTO `notification` VALUES ('019332af-51f6-11f1-ba5b-00090ffe0001','admin','admin','student_signup','New Student Account','Ahmad Ahmad created a student account.','0190c077-51f6-11f1-ba5b-00090ffe0001',NULL,NULL,NULL,'2026-05-17 16:40:45','2026-05-18 14:18:13',NULL),('067d911d-58f1-11f1-ba5b-00090ffe0001','2f3a673d-514a-11f1-9abe-6c02e0d26821','student','live_session','Live session scheduled','Live session scheduled for C Programming for Beginners on 2026-06-01 at 15:00.',NULL,'5e6bb404-5476-11f1-9abe-6c02e0d26821',NULL,NULL,'2026-05-26 13:52:44',NULL,NULL),('07c9ba9c-58f1-11f1-ba5b-00090ffe0001','2f3a673d-514a-11f1-9abe-6c02e0d26821','student','live_session','Live session scheduled','Live session scheduled for C Programming for Beginners on 2026-06-08 at 15:00.',NULL,'5e6bb404-5476-11f1-9abe-6c02e0d26821',NULL,NULL,'2026-05-26 13:52:46',NULL,NULL),('09369a25-58f1-11f1-ba5b-00090ffe0001','2f3a673d-514a-11f1-9abe-6c02e0d26821','student','live_session','Live session scheduled','Live session scheduled for C Programming for Beginners on 2026-06-15 at 15:00.',NULL,'5e6bb404-5476-11f1-9abe-6c02e0d26821',NULL,NULL,'2026-05-26 13:52:49',NULL,NULL),('0a811d16-58f1-11f1-ba5b-00090ffe0001','2f3a673d-514a-11f1-9abe-6c02e0d26821','student','live_session','Live session scheduled','Live session scheduled for C Programming for Beginners on 2026-06-22 at 15:00.',NULL,'5e6bb404-5476-11f1-9abe-6c02e0d26821',NULL,NULL,'2026-05-26 13:52:51',NULL,NULL),('10cb16d1-56c7-11f1-ba5b-00090ffe0001','admin','admin','course_enroll','New Enrollment','Student enrolled in course 4f0dd6ed-2076-11f1-97b2-6c02e0d26821.','d819eca3-56c6-11f1-ba5b-00090ffe0001','4f0dd6ed-2076-11f1-97b2-6c02e0d26821',NULL,NULL,'2026-05-23 19:47:20','2026-05-23 19:47:38',NULL),('10f703e0-53d2-11f1-9abe-6c02e0d26821','admin','admin','instructor_application','New Instructor Application','alaa dere submitted an instructor application CV.',NULL,NULL,NULL,NULL,'2026-05-20 01:28:31','2026-05-20 01:45:21',NULL),('19979207-5df3-11f1-8b3d-00090ffe0001','d819eca3-56c6-11f1-ba5b-00090ffe0001','student','live_session','Live session reminder','Reminder: live session for Python Programming on 2026-06-11 at 15:00.',NULL,'4f0dd6ed-2076-11f1-97b2-6c02e0d26821',NULL,NULL,'2026-06-01 22:50:11',NULL,NULL),('199797b0-5df3-11f1-8b3d-00090ffe0001','1a9ccdcb-5ded-11f1-8b3d-00090ffe0001','student','live_session','Live session reminder','Reminder: live session for Python Programming on 2026-06-11 at 15:00.',NULL,'4f0dd6ed-2076-11f1-97b2-6c02e0d26821',NULL,NULL,'2026-06-01 22:50:11',NULL,NULL),('199a2278-5df3-11f1-8b3d-00090ffe0001','4826ef9b-51f7-11f1-ba5b-00090ffe0001','student','live_session','Live session reminder','Reminder: live session for Python Programming on 2026-06-11 at 15:00.',NULL,'4f0dd6ed-2076-11f1-97b2-6c02e0d26821',NULL,NULL,'2026-06-01 22:50:11',NULL,NULL),('1a9dfae7-5ded-11f1-8b3d-00090ffe0001','admin','admin','student_signup','New Student Account','Noor Jamous created a student account.','1a9ccdcb-5ded-11f1-8b3d-00090ffe0001',NULL,NULL,NULL,'2026-06-01 22:07:16',NULL,NULL),('2f4171c8-514a-11f1-9abe-6c02e0d26821','admin','admin','student_signup','New Student Account','alaa dere created a student account.','2f3a673d-514a-11f1-9abe-6c02e0d26821',NULL,NULL,NULL,'2026-05-16 20:10:48','2026-05-17 12:15:53',NULL),('2f946291-5ad1-11f1-ba5b-00090ffe0001','4826ef9b-51f7-11f1-ba5b-00090ffe0001','student','quiz_failed','Chapter Quiz: Introduction to Python','Score 20.00% (1/5). First attempt for this chapter. Strengths: Which of the following IDEs is NOT mentioned in the course as a Python IDE? Weak points: Write the exact Python statement that prints the following text to the console: Welcome to the Python course! | Write the exact output produced by this Python statement: print(\"Welcome to the Python course!\")',NULL,'4f0dd6ed-2076-11f1-97b2-6c02e0d26821',NULL,NULL,'2026-05-28 23:09:51',NULL,NULL),('3676f791-5ded-11f1-8b3d-00090ffe0001','admin','admin','course_enroll','New Enrollment','Student enrolled in course 4f0dd6ed-2076-11f1-97b2-6c02e0d26821.','1a9ccdcb-5ded-11f1-8b3d-00090ffe0001','4f0dd6ed-2076-11f1-97b2-6c02e0d26821',NULL,NULL,'2026-06-01 22:08:02',NULL,NULL),('44e5e948-51d6-11f1-ba5b-00090ffe0001','admin','admin','course_enroll','New Enrollment','Student enrolled in course 4f0dd6ed-2076-11f1-97b2-6c02e0d26821.','2f3a673d-514a-11f1-9abe-6c02e0d26821','4f0dd6ed-2076-11f1-97b2-6c02e0d26821',NULL,NULL,'2026-05-17 12:53:34','2026-05-17 13:45:57',NULL),('457f7b73-51dc-11f1-ba5b-00090ffe0001','fb9e6f39-4f78-11f1-ba5b-00090ffe0001','teacher','quiz_result','Quiz passed','alaa dere passed the quiz for Python Programming with 80.00% (attempt #2).','2f3a673d-514a-11f1-9abe-6c02e0d26821','4f0dd6ed-2076-11f1-97b2-6c02e0d26821',NULL,NULL,'2026-05-17 13:36:32',NULL,NULL),('457fc006-51dc-11f1-ba5b-00090ffe0001','fb9e6f39-4f78-11f1-ba5b-00090ffe0001','teacher','quiz_certificate','Certificate unlocked after retake','alaa dere retook the quiz and unlocked the certificate for Python Programming.','2f3a673d-514a-11f1-9abe-6c02e0d26821','4f0dd6ed-2076-11f1-97b2-6c02e0d26821',NULL,NULL,'2026-05-17 13:36:32',NULL,NULL),('458003ef-51dc-11f1-ba5b-00090ffe0001','2f3a673d-514a-11f1-9abe-6c02e0d26821','student','certificate_earned','Certificate unlocked after retake','alaa dere retook the quiz and unlocked the certificate for Python Programming.','fb9e6f39-4f78-11f1-ba5b-00090ffe0001','4f0dd6ed-2076-11f1-97b2-6c02e0d26821',NULL,NULL,'2026-05-17 13:36:32','2026-05-17 13:37:19',NULL),('4827a74e-51f7-11f1-ba5b-00090ffe0001','admin','admin','student_signup','New Student Account','Ali Ali created a student account.','4826ef9b-51f7-11f1-ba5b-00090ffe0001',NULL,NULL,NULL,'2026-05-17 16:49:53','2026-05-18 14:18:13',NULL),('4846d8cd-53d5-11f1-9abe-6c02e0d26821','admin','admin','instructor_application','New Instructor Application','alaa dere submitted an instructor application CV.',NULL,NULL,NULL,NULL,'2026-05-20 01:51:33','2026-05-20 01:51:50',NULL),('51c7f1fc-51dc-11f1-ba5b-00090ffe0001','admin','admin','course_enroll','New course evaluation','alaa dere rated \"Python Programming\" 5/5. Feedback: \"omggg!\"','2f3a673d-514a-11f1-9abe-6c02e0d26821','4f0dd6ed-2076-11f1-97b2-6c02e0d26821',NULL,NULL,'2026-05-17 13:36:53','2026-05-17 13:45:57',NULL),('51e92aa8-51d9-11f1-ba5b-00090ffe0001','2f3a673d-514a-11f1-9abe-6c02e0d26821','student','live_session','Live session scheduled','Live session scheduled for Python Programming on 2026-05-17 at 18:15.',NULL,'4f0dd6ed-2076-11f1-97b2-6c02e0d26821',NULL,NULL,'2026-05-17 13:15:24','2026-05-17 13:16:08',NULL),('53d8c6db-56b0-11f1-9abe-6c02e0d26821','admin','admin','student_signup','New Student Account','nour shatat created a student account.','53d5e495-56b0-11f1-9abe-6c02e0d26821',NULL,NULL,NULL,'2026-05-23 17:04:34','2026-05-23 19:33:58',NULL),('58b8c0a3-51d9-11f1-ba5b-00090ffe0001','2f3a673d-514a-11f1-9abe-6c02e0d26821','student','live_session','Live session reminder','Reminder: live session for Python Programming on 2026-05-17 at 18:15.',NULL,'4f0dd6ed-2076-11f1-97b2-6c02e0d26821',NULL,NULL,'2026-05-17 13:15:36','2026-05-17 13:16:08',NULL),('6638818b-543f-11f1-9abe-6c02e0d26821','4826ef9b-51f7-11f1-ba5b-00090ffe0001','student','live_session','Live session scheduled','Live session scheduled for Python Programming on 2026-05-21 at 15:00.',NULL,'4f0dd6ed-2076-11f1-97b2-6c02e0d26821',NULL,NULL,'2026-05-20 14:31:09',NULL,NULL),('6c7037c8-543f-11f1-9abe-6c02e0d26821','4826ef9b-51f7-11f1-ba5b-00090ffe0001','student','live_session','Live session scheduled','Live session scheduled for Python Programming on 2026-05-28 at 15:00.',NULL,'4f0dd6ed-2076-11f1-97b2-6c02e0d26821',NULL,NULL,'2026-05-20 14:31:20',NULL,NULL),('6c81c8ec-5225-11f1-ba5b-00090ffe0001','admin','admin','student_signup','New Student Account','Ahmad Ali created a student account.','6c76bc0b-5225-11f1-ba5b-00090ffe0001',NULL,NULL,NULL,'2026-05-17 22:20:11','2026-05-18 14:18:13',NULL),('6cfbfa32-543f-11f1-9abe-6c02e0d26821','4826ef9b-51f7-11f1-ba5b-00090ffe0001','student','live_session','Live session scheduled','Live session scheduled for Python Programming on 2026-06-04 at 15:00.',NULL,'4f0dd6ed-2076-11f1-97b2-6c02e0d26821',NULL,NULL,'2026-05-20 14:31:21',NULL,NULL),('6d193380-543f-11f1-9abe-6c02e0d26821','4826ef9b-51f7-11f1-ba5b-00090ffe0001','student','live_session','Live session scheduled','Live session scheduled for Python Programming on 2026-06-11 at 15:00.',NULL,'4f0dd6ed-2076-11f1-97b2-6c02e0d26821',NULL,NULL,'2026-05-20 14:31:21',NULL,NULL),('72f97439-543f-11f1-9abe-6c02e0d26821','4826ef9b-51f7-11f1-ba5b-00090ffe0001','student','live_session','Live session scheduled','Live session scheduled for Python Programming on 2026-05-28 at 15:00.',NULL,'4f0dd6ed-2076-11f1-97b2-6c02e0d26821',NULL,NULL,'2026-05-20 14:31:31',NULL,NULL),('741879ec-56a9-11f1-9abe-6c02e0d26821','admin','admin','course_enroll','Student Enrolled in Path','alaa dere enrolled in path \"Backend Developer Path\".','2f3a673d-514a-11f1-9abe-6c02e0d26821','dde5cde4-4fcc-11f1-9abe-6c02e0d26821',NULL,NULL,'2026-05-23 16:15:22','2026-05-23 16:18:32',NULL),('741a2d4d-56a9-11f1-9abe-6c02e0d26821','admin','admin','course_enroll','Auto-Enrolled in First Path Course','alaa dere was auto-enrolled in the first path course \"Express.js API Development\" from \"Backend Developer Path\".','2f3a673d-514a-11f1-9abe-6c02e0d26821','dde5cde4-4fcc-11f1-9abe-6c02e0d26821',NULL,NULL,'2026-05-23 16:15:22','2026-05-23 16:18:32',NULL),('741b99ee-56a9-11f1-9abe-6c02e0d26821','454cde6d-4f80-11f1-ba5b-00090ffe0001','teacher','course_enroll','New Path Student Enrollment','alaa dere was auto-enrolled in your course \"Express.js API Development\" through path \"Backend Developer Path\".','2f3a673d-514a-11f1-9abe-6c02e0d26821','dde5cde4-4fcc-11f1-9abe-6c02e0d26821',NULL,NULL,'2026-05-23 16:15:22',NULL,NULL),('79008c0b-543f-11f1-9abe-6c02e0d26821','4826ef9b-51f7-11f1-ba5b-00090ffe0001','student','live_session','Live session scheduled','Live session scheduled for Python Programming on 2026-06-04 at 15:00.',NULL,'4f0dd6ed-2076-11f1-97b2-6c02e0d26821',NULL,NULL,'2026-05-20 14:31:41',NULL,NULL),('798f0dfd-543f-11f1-9abe-6c02e0d26821','4826ef9b-51f7-11f1-ba5b-00090ffe0001','student','live_session','Live session scheduled','Live session scheduled for Python Programming on 2026-06-11 at 15:00.',NULL,'4f0dd6ed-2076-11f1-97b2-6c02e0d26821',NULL,NULL,'2026-05-20 14:31:42',NULL,NULL),('7f8a450d-543f-11f1-9abe-6c02e0d26821','4826ef9b-51f7-11f1-ba5b-00090ffe0001','student','live_session','Live session scheduled','Live session scheduled for Python Programming on 2026-06-04 at 15:00.',NULL,'4f0dd6ed-2076-11f1-97b2-6c02e0d26821',NULL,NULL,'2026-05-20 14:31:52',NULL,NULL),('85992e2c-543f-11f1-9abe-6c02e0d26821','4826ef9b-51f7-11f1-ba5b-00090ffe0001','student','live_session','Live session scheduled','Live session scheduled for Python Programming on 2026-06-11 at 15:00.',NULL,'4f0dd6ed-2076-11f1-97b2-6c02e0d26821',NULL,NULL,'2026-05-20 14:32:02',NULL,NULL),('8c1f7ea2-543f-11f1-9abe-6c02e0d26821','4826ef9b-51f7-11f1-ba5b-00090ffe0001','student','live_session','Live session scheduled','Live session scheduled for Python Programming on 2026-06-11 at 15:00.',NULL,'4f0dd6ed-2076-11f1-97b2-6c02e0d26821',NULL,NULL,'2026-05-20 14:32:13',NULL,NULL),('8fa33bbc-51f8-11f1-ba5b-00090ffe0001','admin','admin','course_enroll','New Enrollment','Student enrolled in course 4f0dd6ed-2076-11f1-97b2-6c02e0d26821.','4826ef9b-51f7-11f1-ba5b-00090ffe0001','4f0dd6ed-2076-11f1-97b2-6c02e0d26821',NULL,NULL,'2026-05-17 16:59:02','2026-05-18 14:18:13',NULL),('91f32b98-5df2-11f1-8b3d-00090ffe0001','1a9ccdcb-5ded-11f1-8b3d-00090ffe0001','student','quiz_failed','Chapter Quiz: Introduction to Python','Score 40.00% (2/5). First attempt for this chapter. Strengths: Which of the following is a common field where Python is widely used (as stated in the course)? | True or False: The course states that Python is an interpreted language. Weak points: Write the exact Python statement that prints the following text to the console: Welcome to the Python course! | Write the exact output produced by this Python statement: print(\"Welcome to the Python course!\")',NULL,'4f0dd6ed-2076-11f1-97b2-6c02e0d26821',NULL,NULL,'2026-06-01 22:46:23',NULL,NULL),('93cafc1c-56cd-11f1-ba5b-00090ffe0001','d819eca3-56c6-11f1-ba5b-00090ffe0001','student','quiz_passed','Chapter Quiz: Python Basics','Score 80.00% (4/5). First attempt for this chapter. Strengths: Which of the following is the correct way to print the text Hello, World! in Python 3? | Which terminal command will most directly show the installed Python version on your system? Weak points: What is the exact output produced by this Python statement? print(\"Welcome to the Python course!\")',NULL,'4f0dd6ed-2076-11f1-97b2-6c02e0d26821',NULL,NULL,'2026-05-23 20:33:57',NULL,NULL),('98563294-5432-11f1-9abe-6c02e0d26821','admin','admin','instructor_application','New Instructor Application','alaa dere applied for \"Hiring C++ Instructor\".',NULL,NULL,NULL,NULL,'2026-05-20 12:59:30','2026-05-20 13:03:08',NULL),('9c32c3cc-514b-11f1-9abe-6c02e0d26821','admin','admin','course_enroll','New Enrollment','Student enrolled in course 3f364be3-5143-11f1-9abe-6c02e0d26821.','2f3a673d-514a-11f1-9abe-6c02e0d26821','3f364be3-5143-11f1-9abe-6c02e0d26821',NULL,NULL,'2026-05-16 20:21:01','2026-05-17 12:15:53',NULL),('9f5ccea3-5793-11f1-ba5b-00090ffe0001','admin','admin','student_signup','New Student Account','Hala Jamous created a student account.','9f55811a-5793-11f1-ba5b-00090ffe0001',NULL,NULL,NULL,'2026-05-24 20:11:37','2026-05-24 23:47:56',NULL),('a971985b-56b0-11f1-9abe-6c02e0d26821','admin','admin','course_enroll','Student Enrolled in Path','nour shatat enrolled in path \"Backend Developer Path\".','53d5e495-56b0-11f1-9abe-6c02e0d26821','dde5cde4-4fcc-11f1-9abe-6c02e0d26821',NULL,NULL,'2026-05-23 17:06:58','2026-05-23 19:33:58',NULL),('a972e66f-56b0-11f1-9abe-6c02e0d26821','admin','admin','course_enroll','Auto-Enrolled in First Path Course','nour shatat was auto-enrolled in the first path course \"Express.js API Development\" from \"Backend Developer Path\".','53d5e495-56b0-11f1-9abe-6c02e0d26821','dde5cde4-4fcc-11f1-9abe-6c02e0d26821',NULL,NULL,'2026-05-23 17:06:58','2026-05-23 19:33:58',NULL),('a973f16c-56b0-11f1-9abe-6c02e0d26821','454cde6d-4f80-11f1-ba5b-00090ffe0001','teacher','course_enroll','New Path Student Enrollment','nour shatat was auto-enrolled in your course \"Express.js API Development\" through path \"Backend Developer Path\".','53d5e495-56b0-11f1-9abe-6c02e0d26821','dde5cde4-4fcc-11f1-9abe-6c02e0d26821',NULL,NULL,'2026-05-23 17:06:58',NULL,NULL),('af9dd864-53d6-11f1-9abe-6c02e0d26821','admin','admin','instructor_application','New Instructor Application','alaa dere submitted an instructor application CV.',NULL,NULL,NULL,NULL,'2026-05-20 02:01:35','2026-05-20 02:01:51',NULL),('cd05d64f-51db-11f1-ba5b-00090ffe0001','fb9e6f39-4f78-11f1-ba5b-00090ffe0001','teacher','quiz_result','Quiz failed','alaa dere failed the quiz for Python Programming with 40.00% (attempt #1).','2f3a673d-514a-11f1-9abe-6c02e0d26821','4f0dd6ed-2076-11f1-97b2-6c02e0d26821',NULL,NULL,'2026-05-17 13:33:10',NULL,NULL),('cd062b42-51db-11f1-ba5b-00090ffe0001','admin','admin','course_enroll','Quiz failed','alaa dere failed the quiz for Python Programming with 40.00% (attempt #1).','2f3a673d-514a-11f1-9abe-6c02e0d26821','4f0dd6ed-2076-11f1-97b2-6c02e0d26821',NULL,NULL,'2026-05-17 13:33:10','2026-05-17 13:45:57',NULL),('d81ba3f1-56c6-11f1-ba5b-00090ffe0001','admin','admin','student_signup','New Student Account','Aseel Jamous created a student account.','d819eca3-56c6-11f1-ba5b-00090ffe0001',NULL,NULL,NULL,'2026-05-23 19:45:45','2026-05-23 19:47:38',NULL),('dc8d4562-58f1-11f1-ba5b-00090ffe0001','2f3a673d-514a-11f1-9abe-6c02e0d26821','student','live_session','Live session scheduled','Live session scheduled for Database & SQL: Fundamentals to Practical Queries on 2026-06-02 at 18:00.',NULL,'3f364be3-5143-11f1-9abe-6c02e0d26821',NULL,NULL,'2026-05-26 13:58:43',NULL,NULL),('dd8d8d0e-58f1-11f1-ba5b-00090ffe0001','2f3a673d-514a-11f1-9abe-6c02e0d26821','student','live_session','Live session scheduled','Live session scheduled for Database & SQL: Fundamentals to Practical Queries on 2026-06-09 at 18:00.',NULL,'3f364be3-5143-11f1-9abe-6c02e0d26821',NULL,NULL,'2026-05-26 13:58:45',NULL,NULL),('de95b781-58f1-11f1-ba5b-00090ffe0001','2f3a673d-514a-11f1-9abe-6c02e0d26821','student','live_session','Live session scheduled','Live session scheduled for Database & SQL: Fundamentals to Practical Queries on 2026-06-16 at 18:00.',NULL,'3f364be3-5143-11f1-9abe-6c02e0d26821',NULL,NULL,'2026-05-26 13:58:46',NULL,NULL),('df930ecc-58f1-11f1-ba5b-00090ffe0001','2f3a673d-514a-11f1-9abe-6c02e0d26821','student','live_session','Live session scheduled','Live session scheduled for Database & SQL: Fundamentals to Practical Queries on 2026-06-23 at 18:00.',NULL,'3f364be3-5143-11f1-9abe-6c02e0d26821',NULL,NULL,'2026-05-26 13:58:48',NULL,NULL),('e7bbb2f7-4f75-11f1-ba5b-00090ffe0001','admin','admin','student_signup','New Student Account','Batool Jamous created a student account.','e7ba4ba0-4f75-11f1-ba5b-00090ffe0001',NULL,'admin_notification','e7bbb2f7-4f75-11f1-ba5b-00090ffe0001','2026-05-14 12:18:44','2026-05-14 12:20:05',NULL),('fa3640c9-5433-11f1-9abe-6c02e0d26821','admin','admin','instructor_application','New Instructor Application','alaa dere applied for \"Java Programming Instructor\".',NULL,NULL,NULL,NULL,'2026-05-20 13:09:24','2026-05-20 13:09:33',NULL),('fd5d2928-56af-11f1-9abe-6c02e0d26821','admin','admin','course_enroll','New Enrollment','Student enrolled in course 5e6bb404-5476-11f1-9abe-6c02e0d26821.','2f3a673d-514a-11f1-9abe-6c02e0d26821','5e6bb404-5476-11f1-9abe-6c02e0d26821',NULL,NULL,'2026-05-23 17:02:09','2026-05-23 19:33:58',NULL);
/*!40000 ALTER TABLE `notification` ENABLE KEYS */;
UNLOCK TABLES;

--
-- Table structure for table `passwordresettoken`
--

DROP TABLE IF EXISTS `passwordresettoken`;
/*!40101 SET @saved_cs_client     = @@character_set_client */;
/*!50503 SET character_set_client = utf8mb4 */;
CREATE TABLE `passwordresettoken` (
  `id` varchar(36) CHARACTER SET utf8mb4 COLLATE utf8mb4_unicode_ci NOT NULL,
  `userId` varchar(36) CHARACTER SET utf8mb4 COLLATE utf8mb4_unicode_ci NOT NULL,
  `token` varchar(255) CHARACTER SET utf8mb4 COLLATE utf8mb4_unicode_ci NOT NULL,
  `expiresAt` datetime NOT NULL,
  `createdAt` datetime DEFAULT CURRENT_TIMESTAMP,
  PRIMARY KEY (`id`),
  UNIQUE KEY `token` (`token`),
  KEY `userId` (`userId`),
  CONSTRAINT `passwordresettoken_ibfk_1` FOREIGN KEY (`userId`) REFERENCES `user` (`id`) ON DELETE CASCADE ON UPDATE CASCADE
) ENGINE=InnoDB DEFAULT CHARSET=utf8mb4 COLLATE=utf8mb4_unicode_ci;
/*!40101 SET character_set_client = @saved_cs_client */;

--
-- Dumping data for table `passwordresettoken`
--

LOCK TABLES `passwordresettoken` WRITE;
/*!40000 ALTER TABLE `passwordresettoken` DISABLE KEYS */;
INSERT INTO `passwordresettoken` VALUES ('0a8f4f0a-19bc-11f1-97b2-6c02e0d26821','ba9e888a-18fc-11f1-97b2-6c02e0d26821','6a7fa43c3fabcfb5f124715628d126aacfeec302a273f26829fc7ed9b1d82736','2026-03-07 03:24:45','2026-03-07 02:24:44');
/*!40000 ALTER TABLE `passwordresettoken` ENABLE KEYS */;
UNLOCK TABLES;

--
-- Table structure for table `path_enrollment`
--

DROP TABLE IF EXISTS `path_enrollment`;
/*!40101 SET @saved_cs_client     = @@character_set_client */;
/*!50503 SET character_set_client = utf8mb4 */;
CREATE TABLE `path_enrollment` (
  `id` varchar(36) CHARACTER SET utf8mb4 COLLATE utf8mb4_unicode_ci NOT NULL,
  `pathId` varchar(36) CHARACTER SET utf8mb4 COLLATE utf8mb4_unicode_ci NOT NULL,
  `studentId` varchar(36) CHARACTER SET utf8mb4 COLLATE utf8mb4_unicode_ci NOT NULL,
  `enrolledAt` datetime DEFAULT CURRENT_TIMESTAMP,
  `status` enum('enrolled','in_progress','completed','dropped') CHARACTER SET utf8mb4 COLLATE utf8mb4_general_ci DEFAULT 'enrolled',
  `progressPercentage` decimal(5,2) DEFAULT '0.00',
  `completedAt` datetime DEFAULT NULL,
  PRIMARY KEY (`id`),
  UNIQUE KEY `unique_path_enrollment` (`pathId`,`studentId`),
  KEY `idx_path_enrollment_path` (`pathId`),
  KEY `idx_path_enrollment_student` (`studentId`),
  CONSTRAINT `path_enrollment_ibfk_1` FOREIGN KEY (`pathId`) REFERENCES `learning_path` (`id`) ON DELETE CASCADE ON UPDATE CASCADE,
  CONSTRAINT `path_enrollment_ibfk_2` FOREIGN KEY (`studentId`) REFERENCES `user` (`id`) ON DELETE CASCADE ON UPDATE CASCADE
) ENGINE=InnoDB DEFAULT CHARSET=utf8mb4 COLLATE=utf8mb4_general_ci;
/*!40101 SET character_set_client = @saved_cs_client */;

--
-- Dumping data for table `path_enrollment`
--

LOCK TABLES `path_enrollment` WRITE;
/*!40000 ALTER TABLE `path_enrollment` DISABLE KEYS */;
INSERT INTO `path_enrollment` VALUES ('7413c96f-56a9-11f1-9abe-6c02e0d26821','54d93fbc-4fb9-11f1-9abe-6c02e0d26821','2f3a673d-514a-11f1-9abe-6c02e0d26821','2026-05-23 16:15:22','enrolled',0.00,NULL),('a96ac9d4-56b0-11f1-9abe-6c02e0d26821','54d93fbc-4fb9-11f1-9abe-6c02e0d26821','53d5e495-56b0-11f1-9abe-6c02e0d26821','2026-05-23 17:06:58','enrolled',0.00,NULL);
/*!40000 ALTER TABLE `path_enrollment` ENABLE KEYS */;
UNLOCK TABLES;

--
-- Table structure for table `recent_course_view`
--

DROP TABLE IF EXISTS `recent_course_view`;
/*!40101 SET @saved_cs_client     = @@character_set_client */;
/*!50503 SET character_set_client = utf8mb4 */;
CREATE TABLE `recent_course_view` (
  `id` varchar(36) CHARACTER SET utf8mb4 COLLATE utf8mb4_unicode_ci NOT NULL,
  `studentId` varchar(36) CHARACTER SET utf8mb4 COLLATE utf8mb4_unicode_ci NOT NULL,
  `courseId` varchar(36) CHARACTER SET utf8mb4 COLLATE utf8mb4_unicode_ci NOT NULL,
  `lastViewedAt` datetime DEFAULT CURRENT_TIMESTAMP,
  `createdAt` datetime DEFAULT CURRENT_TIMESTAMP,
  PRIMARY KEY (`id`),
  UNIQUE KEY `uniq_recent_course_view` (`studentId`,`courseId`),
  KEY `idx_recent_student` (`studentId`),
  KEY `idx_recent_last_viewed` (`lastViewedAt`),
  KEY `courseId` (`courseId`),
  CONSTRAINT `recent_course_view_ibfk_1` FOREIGN KEY (`studentId`) REFERENCES `user` (`id`) ON DELETE CASCADE ON UPDATE CASCADE,
  CONSTRAINT `recent_course_view_ibfk_2` FOREIGN KEY (`courseId`) REFERENCES `course` (`id`) ON DELETE CASCADE ON UPDATE CASCADE
) ENGINE=InnoDB DEFAULT CHARSET=utf8mb4 COLLATE=utf8mb4_general_ci;
/*!40101 SET character_set_client = @saved_cs_client */;

--
-- Dumping data for table `recent_course_view`
--

LOCK TABLES `recent_course_view` WRITE;
/*!40000 ALTER TABLE `recent_course_view` DISABLE KEYS */;
INSERT INTO `recent_course_view` VALUES ('14806e4e-624a-47ea-9333-41df2cfd2af1','2f3a673d-514a-11f1-9abe-6c02e0d26821','5de2c59c-551f-11f1-9abe-6c02e0d26821','2026-05-22 20:32:16','2026-05-21 20:41:32'),('957fd596-91e1-4cde-a4f1-0fe616d3ad47','6c76bc0b-5225-11f1-ba5b-00090ffe0001','3f364be3-5143-11f1-9abe-6c02e0d26821','2026-05-18 13:03:48','2026-05-18 13:03:48'),('af39b3bc-c295-43cc-afe4-7f0338b3ef37','1bfc6618-30f3-11f1-9455-00090ffe0001','4f0dd6ed-2076-11f1-97b2-6c02e0d26821','2026-04-05 16:35:02','2026-04-05 16:27:10'),('bf8bf4aa-6606-4b0d-8395-8f0afc5433b0','2f3a673d-514a-11f1-9abe-6c02e0d26821','ed1b33e8-5132-11f1-9abe-6c02e0d26821','2026-05-22 20:32:28','2026-05-22 20:32:10'),('ea315ea1-b155-4de2-822c-c766db9131e2','2f3a673d-514a-11f1-9abe-6c02e0d26821','072aba94-5083-11f1-9abe-6c02e0d26821','2026-05-22 20:27:06','2026-05-22 20:27:06');
/*!40000 ALTER TABLE `recent_course_view` ENABLE KEYS */;
UNLOCK TABLES;

--
-- Table structure for table `role`
--

DROP TABLE IF EXISTS `role`;
/*!40101 SET @saved_cs_client     = @@character_set_client */;
/*!50503 SET character_set_client = utf8mb4 */;
CREATE TABLE `role` (
  `id` varchar(36) CHARACTER SET utf8mb4 COLLATE utf8mb4_unicode_ci NOT NULL,
  `name` varchar(191) CHARACTER SET utf8mb4 COLLATE utf8mb4_unicode_ci NOT NULL,
  PRIMARY KEY (`id`),
  UNIQUE KEY `name` (`name`)
) ENGINE=InnoDB DEFAULT CHARSET=utf8mb4 COLLATE=utf8mb4_unicode_ci;
/*!40101 SET character_set_client = @saved_cs_client */;

--
-- Dumping data for table `role`
--

LOCK TABLES `role` WRITE;
/*!40000 ALTER TABLE `role` DISABLE KEYS */;
INSERT INTO `role` VALUES ('3ea888ae-18fa-11f1-97b2-6c02e0d26821','admin'),('3ea8c854-18fa-11f1-97b2-6c02e0d26821','student'),('3ea8c2fa-18fa-11f1-97b2-6c02e0d26821','teacher');
/*!40000 ALTER TABLE `role` ENABLE KEYS */;
UNLOCK TABLES;

--
-- Table structure for table `student_live_miss`
--

DROP TABLE IF EXISTS `student_live_miss`;
/*!40101 SET @saved_cs_client     = @@character_set_client */;
/*!50503 SET character_set_client = utf8mb4 */;
CREATE TABLE `student_live_miss` (
  `id` varchar(36) CHARACTER SET utf8mb4 COLLATE utf8mb4_unicode_ci NOT NULL,
  `studentId` varchar(36) CHARACTER SET utf8mb4 COLLATE utf8mb4_unicode_ci NOT NULL,
  `courseId` varchar(36) CHARACTER SET utf8mb4 COLLATE utf8mb4_unicode_ci NOT NULL,
  `missedCount` int DEFAULT '0',
  `updatedAt` datetime DEFAULT CURRENT_TIMESTAMP ON UPDATE CURRENT_TIMESTAMP,
  PRIMARY KEY (`id`),
  UNIQUE KEY `unique_student_course` (`studentId`,`courseId`),
  KEY `idx_miss_student` (`studentId`),
  KEY `idx_miss_course` (`courseId`),
  CONSTRAINT `student_live_miss_ibfk_1` FOREIGN KEY (`studentId`) REFERENCES `user` (`id`) ON DELETE CASCADE ON UPDATE CASCADE,
  CONSTRAINT `student_live_miss_ibfk_2` FOREIGN KEY (`courseId`) REFERENCES `course` (`id`) ON DELETE CASCADE ON UPDATE CASCADE
) ENGINE=InnoDB DEFAULT CHARSET=utf8mb4 COLLATE=utf8mb4_unicode_ci;
/*!40101 SET character_set_client = @saved_cs_client */;

--
-- Dumping data for table `student_live_miss`
--

LOCK TABLES `student_live_miss` WRITE;
/*!40000 ALTER TABLE `student_live_miss` DISABLE KEYS */;
/*!40000 ALTER TABLE `student_live_miss` ENABLE KEYS */;
UNLOCK TABLES;

--
-- Table structure for table `student_notification`
--

DROP TABLE IF EXISTS `student_notification`;
/*!40101 SET @saved_cs_client     = @@character_set_client */;
/*!50503 SET character_set_client = utf8mb4 */;
CREATE TABLE `student_notification` (
  `id` varchar(36) CHARACTER SET utf8mb4 COLLATE utf8mb4_unicode_ci NOT NULL,
  `studentId` varchar(36) CHARACTER SET utf8mb4 COLLATE utf8mb4_unicode_ci NOT NULL,
  `courseId` varchar(36) CHARACTER SET utf8mb4 COLLATE utf8mb4_unicode_ci DEFAULT NULL,
  `type` enum('live_session','missed_session','course_failed','quiz_passed','quiz_failed','certificate_earned') CHARACTER SET utf8mb4 COLLATE utf8mb4_general_ci DEFAULT 'live_session',
  `title` varchar(191) CHARACTER SET utf8mb4 COLLATE utf8mb4_unicode_ci NOT NULL,
  `message` text CHARACTER SET utf8mb4 COLLATE utf8mb4_unicode_ci NOT NULL,
  `createdAt` datetime DEFAULT CURRENT_TIMESTAMP,
  `readAt` datetime DEFAULT NULL,
  PRIMARY KEY (`id`),
  KEY `idx_student_notif_student` (`studentId`),
  KEY `idx_student_notif_course` (`courseId`),
  KEY `idx_student_notif_type` (`type`),
  KEY `idx_student_notif_read` (`readAt`),
  CONSTRAINT `student_notification_ibfk_1` FOREIGN KEY (`studentId`) REFERENCES `user` (`id`) ON DELETE CASCADE ON UPDATE CASCADE,
  CONSTRAINT `student_notification_ibfk_2` FOREIGN KEY (`courseId`) REFERENCES `course` (`id`) ON DELETE SET NULL ON UPDATE CASCADE
) ENGINE=InnoDB DEFAULT CHARSET=utf8mb4 COLLATE=utf8mb4_general_ci;
/*!40101 SET character_set_client = @saved_cs_client */;

--
-- Dumping data for table `student_notification`
--

LOCK TABLES `student_notification` WRITE;
/*!40000 ALTER TABLE `student_notification` DISABLE KEYS */;
/*!40000 ALTER TABLE `student_notification` ENABLE KEYS */;
UNLOCK TABLES;

--
-- Table structure for table `teacher_notification`
--

DROP TABLE IF EXISTS `teacher_notification`;
/*!40101 SET @saved_cs_client     = @@character_set_client */;
/*!50503 SET character_set_client = utf8mb4 */;
CREATE TABLE `teacher_notification` (
  `id` varchar(36) CHARACTER SET utf8mb4 COLLATE utf8mb4_unicode_ci NOT NULL,
  `teacherId` varchar(36) CHARACTER SET utf8mb4 COLLATE utf8mb4_unicode_ci NOT NULL,
  `studentId` varchar(36) CHARACTER SET utf8mb4 COLLATE utf8mb4_unicode_ci DEFAULT NULL,
  `courseId` varchar(36) CHARACTER SET utf8mb4 COLLATE utf8mb4_unicode_ci DEFAULT NULL,
  `type` varchar(64) CHARACTER SET utf8mb4 COLLATE utf8mb4_unicode_ci NOT NULL DEFAULT 'quiz_result',
  `title` varchar(191) CHARACTER SET utf8mb4 COLLATE utf8mb4_unicode_ci NOT NULL,
  `message` text CHARACTER SET utf8mb4 COLLATE utf8mb4_unicode_ci NOT NULL,
  `createdAt` datetime DEFAULT CURRENT_TIMESTAMP,
  `readAt` datetime DEFAULT NULL,
  PRIMARY KEY (`id`),
  KEY `idx_teacher_notif_teacher` (`teacherId`),
  KEY `idx_teacher_notif_created` (`createdAt`),
  KEY `idx_teacher_notif_read` (`readAt`),
  KEY `studentId` (`studentId`),
  KEY `courseId` (`courseId`),
  CONSTRAINT `teacher_notification_ibfk_1` FOREIGN KEY (`teacherId`) REFERENCES `user` (`id`) ON DELETE CASCADE ON UPDATE CASCADE,
  CONSTRAINT `teacher_notification_ibfk_2` FOREIGN KEY (`studentId`) REFERENCES `user` (`id`) ON DELETE SET NULL ON UPDATE CASCADE,
  CONSTRAINT `teacher_notification_ibfk_3` FOREIGN KEY (`courseId`) REFERENCES `course` (`id`) ON DELETE SET NULL ON UPDATE CASCADE
) ENGINE=InnoDB DEFAULT CHARSET=utf8mb4 COLLATE=utf8mb4_general_ci;
/*!40101 SET character_set_client = @saved_cs_client */;

--
-- Dumping data for table `teacher_notification`
--

LOCK TABLES `teacher_notification` WRITE;
/*!40000 ALTER TABLE `teacher_notification` DISABLE KEYS */;
/*!40000 ALTER TABLE `teacher_notification` ENABLE KEYS */;
UNLOCK TABLES;

--
-- Table structure for table `user`
--

DROP TABLE IF EXISTS `user`;
/*!40101 SET @saved_cs_client     = @@character_set_client */;
/*!50503 SET character_set_client = utf8mb4 */;
CREATE TABLE `user` (
  `id` varchar(36) CHARACTER SET utf8mb4 COLLATE utf8mb4_unicode_ci NOT NULL,
  `roleId` varchar(36) CHARACTER SET utf8mb4 COLLATE utf8mb4_unicode_ci NOT NULL,
  `fullName` varchar(191) CHARACTER SET utf8mb4 COLLATE utf8mb4_unicode_ci NOT NULL,
  `email` varchar(191) CHARACTER SET utf8mb4 COLLATE utf8mb4_unicode_ci NOT NULL,
  `passwordHash` varchar(191) CHARACTER SET utf8mb4 COLLATE utf8mb4_unicode_ci NOT NULL,
  `status` enum('active','inactive') CHARACTER SET utf8mb4 COLLATE utf8mb4_unicode_ci DEFAULT 'active',
  `createdAt` datetime DEFAULT CURRENT_TIMESTAMP,
  `updatedAt` datetime DEFAULT CURRENT_TIMESTAMP ON UPDATE CURRENT_TIMESTAMP,
  `provider` varchar(50) CHARACTER SET utf8mb4 COLLATE utf8mb4_unicode_ci DEFAULT NULL,
  `providerId` varchar(255) CHARACTER SET utf8mb4 COLLATE utf8mb4_unicode_ci DEFAULT NULL,
  `imageUrl` varchar(500) CHARACTER SET utf8mb4 COLLATE utf8mb4_unicode_ci DEFAULT NULL,
  PRIMARY KEY (`id`),
  UNIQUE KEY `email` (`email`),
  KEY `idx_roleId` (`roleId`),
  CONSTRAINT `user_ibfk_1` FOREIGN KEY (`roleId`) REFERENCES `role` (`id`) ON DELETE RESTRICT ON UPDATE CASCADE
) ENGINE=InnoDB DEFAULT CHARSET=utf8mb4 COLLATE=utf8mb4_unicode_ci;
/*!40101 SET character_set_client = @saved_cs_client */;

--
-- Dumping data for table `user`
--

LOCK TABLES `user` WRITE;
/*!40000 ALTER TABLE `user` DISABLE KEYS */;
INSERT INTO `user` VALUES ('0190c077-51f6-11f1-ba5b-00090ffe0001','3ea8c854-18fa-11f1-97b2-6c02e0d26821','Ahmad Ahmad','ahmad1@gmail.com','$2b$10$CBEQGfUMMFbHQdLyBLkcTuStupUNdR0y6atvts4M8XvVfqSV3j/dy','active','2026-05-17 16:40:45','2026-05-17 16:40:45',NULL,NULL,NULL),('1a9ccdcb-5ded-11f1-8b3d-00090ffe0001','3ea8c854-18fa-11f1-97b2-6c02e0d26821','Noor Jamous','noor@gmail.com','$2b$10$x/Am/S6nGY4MD1GQz92M1OInTEi68i94ZLpfhHxqFR99vAdiBSBmy','active','2026-06-01 22:07:15','2026-06-01 22:07:15',NULL,NULL,NULL),('2f3a673d-514a-11f1-9abe-6c02e0d26821','3ea8c854-18fa-11f1-97b2-6c02e0d26821','alaa dere','alaadere35@gmail.com','$2b$10$x9lY4Zma51fPYmJne0D6cuiJ3zMk7hrlUclT8xp87jaqgO2wjxu0m','active','2026-05-16 20:10:48','2026-05-24 22:23:29',NULL,NULL,'/uploads/profiles/2f3a673d-514a-11f1-9abe-6c02e0d26821-1779650609504.jfif'),('454cde6d-4f80-11f1-ba5b-00090ffe0001','3ea8c2fa-18fa-11f1-97b2-6c02e0d26821','Ahmad Khaled','ahmad.khaled@aivora.com','$2b$10$S340ud8yTNRo7ppQK6lzBePfpNdgSpcUyMUq5l7.iyU4cDvWO8wp.','active','2026-01-05 09:10:00','2026-05-14 14:04:00',NULL,NULL,NULL),('454ce8f9-4f80-11f1-ba5b-00090ffe0001','3ea8c2fa-18fa-11f1-97b2-6c02e0d26821','Sara Nasser','sara.nasser@aivora.com','$2b$10$ZwDz7DIPXQrvaf02Gl4JEewXN9nL2T8FyrmhAvSTQz0HHNAUBrI0e','active','2026-01-12 14:25:00','2026-05-14 14:10:56',NULL,NULL,NULL),('454ceadc-4f80-11f1-ba5b-00090ffe0001','3ea8c2fa-18fa-11f1-97b2-6c02e0d26821','Omar Zidan','omar.zidan@aivora.com','$2b$10$rXMLRyFWOV5/Ffj.z9kxGOANr0qglctbWKOMF2BXTy/Ziw/8TDZaO','active','2026-02-03 11:40:00','2026-05-14 14:10:56',NULL,NULL,NULL),('454cecad-4f80-11f1-ba5b-00090ffe0001','3ea8c2fa-18fa-11f1-97b2-6c02e0d26821','Lina Adel','lina.adel@aivora.com','$2b$10$9U8Q35fSF6gUX6wbUxl5e.rptGlbFYSfc1X2w/SNtjdhJ11JzCcMa','active','2026-02-19 16:05:00','2026-05-14 14:10:56',NULL,NULL,NULL),('454cee71-4f80-11f1-ba5b-00090ffe0001','3ea8c2fa-18fa-11f1-97b2-6c02e0d26821','Yousef Hani','yousef.hani@aivora.com','$2b$10$S8CezOHWqfq0tKrGwQDgIev51t1dB.c4xNIJ3XkAEN7ZU/0Zrb4kK','active','2026-03-08 10:15:00','2026-05-14 13:43:50',NULL,NULL,NULL),('454cf028-4f80-11f1-ba5b-00090ffe0001','3ea8c2fa-18fa-11f1-97b2-6c02e0d26821','Mariam Samer','mariam.samer@aivora.com','$2b$10$DXlKzJv78vUjcnEvfj8VienCLVpD89xOVTOiJhC/l3YBMLwt5rnF2','active','2026-03-22 13:50:00','2026-05-14 14:10:56',NULL,NULL,NULL),('454cf180-4f80-11f1-ba5b-00090ffe0001','3ea8c2fa-18fa-11f1-97b2-6c02e0d26821','Kareem Tarek','kareem.tarek@aivora.com','$2b$10$8d6QfkvLEuCKh8pLFeAaL.HPGC8j1UGtGB6YdUzo7/.EmCMq8a6LG','active','2026-04-04 08:30:00','2026-05-14 14:10:56',NULL,NULL,NULL),('454cf356-4f80-11f1-ba5b-00090ffe0001','3ea8c2fa-18fa-11f1-97b2-6c02e0d26821','Nour Fadi','nour.fadi@aivora.com','$2b$10$lWRgXPd/A7mA9VBMoilY8OTxB.GriovKTv.eEvtvqyUAs1iF6Y6i2','active','2026-04-18 15:20:00','2026-05-14 14:10:56',NULL,NULL,NULL),('454cf521-4f80-11f1-ba5b-00090ffe0001','3ea8c2fa-18fa-11f1-97b2-6c02e0d26821','Hassan Majed','hassan.majed@aivora.com','$2b$10$O6AwjThCAj.86pPIYM7n4uSzOvCI8uOdUms1ROsSbcfjI6r28Xnm.','active','2026-05-02 12:45:00','2026-05-14 14:10:56',NULL,NULL,NULL),('454cfc91-4f80-11f1-ba5b-00090ffe0001','3ea8c2fa-18fa-11f1-97b2-6c02e0d26821','Dana Rami','dana.rami@aivora.com','$2b$10$4JGum3GJLF.lyRIf9kc2qOhkt6basjqsKX2vSVtei5yWFImmiLkvi','active','2026-05-10 17:10:00','2026-05-14 14:26:11',NULL,NULL,NULL),('4826ef9b-51f7-11f1-ba5b-00090ffe0001','3ea8c854-18fa-11f1-97b2-6c02e0d26821','Ali Ali','ali@gmail.com','$2b$10$7NzMYePJ45yTo6XKsz4TmO42/K93yb97b4j/tWeFb4IUhqcNzDyCO','active','2026-05-17 16:49:53','2026-05-17 16:49:53',NULL,NULL,NULL),('53d5e495-56b0-11f1-9abe-6c02e0d26821','3ea8c854-18fa-11f1-97b2-6c02e0d26821','nour shatat','nour@gmail.com','$2b$10$7Hdhez7IeY1GDLvHHrEYauv2whX1wMcihIGvAKAmgbZPZb/oaAM8W','active','2026-05-23 17:04:34','2026-05-24 22:56:00',NULL,NULL,NULL),('6c76bc0b-5225-11f1-ba5b-00090ffe0001','3ea8c854-18fa-11f1-97b2-6c02e0d26821','Ahmad Ali','ahmad@gmail.com','$2b$10$wXEAaP5rUpga8P6SGuumve0MmJt8H7SLyyakma78ntTBzqqphmkH.','active','2026-05-17 22:20:11','2026-05-17 22:20:11',NULL,NULL,NULL),('9f55811a-5793-11f1-ba5b-00090ffe0001','3ea8c854-18fa-11f1-97b2-6c02e0d26821','Hala Jamous','hala@gmail.com','$2b$10$HV.vBsMXqKlwqD51ZupRA.pIv/esvzLntAVApqPXBMQ4NwDu10XSC','active','2026-05-24 20:11:37','2026-05-24 20:11:37',NULL,NULL,NULL),('ba9e888a-18fc-11f1-97b2-6c02e0d26821','3ea888ae-18fa-11f1-97b2-6c02e0d26821','Administrator','admin@aivora.com','$2b$10$p08Ik85M4xCoxXgT.ytImecBZkNAoC4hE3LkjSehr2tCaIlQNiXRi','active','2026-03-06 03:35:16','2026-03-06 03:35:16',NULL,NULL,NULL),('d819eca3-56c6-11f1-ba5b-00090ffe0001','3ea8c854-18fa-11f1-97b2-6c02e0d26821','Aseel Jamous','aseel@gmail.com','$2b$10$.kT2Wmf.P.wlnDz8lVrAVux9RMpnfiQpuX16ahJs9FDcWbvzu5dsy','active','2026-05-23 19:45:45','2026-05-23 19:45:45',NULL,NULL,NULL),('fb9e6f39-4f78-11f1-ba5b-00090ffe0001','3ea8c2fa-18fa-11f1-97b2-6c02e0d26821','Batool Jamous','jamousbatool317@gmail.com','$2b$10$M8yiiUMz3HK1thOQr7wxue7NpH6rbi0Sda8sjYDrtKfwLfjPaZGBW','active','2026-05-14 12:40:46','2026-05-26 13:39:34',NULL,NULL,'/uploads/profiles/fb9e6f39-4f78-11f1-ba5b-00090ffe0001-1779791974666.jfif');
/*!40000 ALTER TABLE `user` ENABLE KEYS */;
UNLOCK TABLES;
/*!40103 SET TIME_ZONE=@OLD_TIME_ZONE */;

/*!40101 SET SQL_MODE=@OLD_SQL_MODE */;
/*!40014 SET FOREIGN_KEY_CHECKS=@OLD_FOREIGN_KEY_CHECKS */;
/*!40014 SET UNIQUE_CHECKS=@OLD_UNIQUE_CHECKS */;
/*!40101 SET CHARACTER_SET_CLIENT=@OLD_CHARACTER_SET_CLIENT */;
/*!40101 SET CHARACTER_SET_RESULTS=@OLD_CHARACTER_SET_RESULTS */;
/*!40101 SET COLLATION_CONNECTION=@OLD_COLLATION_CONNECTION */;
/*!40111 SET SQL_NOTES=@OLD_SQL_NOTES */;

-- Dump completed on 2026-06-01 23:17:24
